technical_name,business_name,status,products,rb_datasets,api_feeds,definition
,Item Abandonment Count,APPROVED,6:Digital Landscapes,,,The number of add-to-cart and buy now instances where a specified product(s) was removed from cart or not purchased within seven days.
,Keyword Share,APPROVED,6:Digital Landscapes,,,"The share of product clicks, product detail page (PDP) views or add-to-carts for a product that can be attributed to a specific keyword."
,# category opportunity customers,APPROVED,1:Shopper Behavior,,,"The number of customers who purchase products within a specific category in your target sales channel, but have not yet purchased your brand or product."
,# total opportunity customers,APPROVED,1:Shopper Behavior,,,"The number of customers who are purchasing any products within your target sales channel, but have not yet purchased your brand or product."
,% brand first purchase on product,APPROVED,1:Shopper Behavior,,,The percentage of new brand customers who bought each product as their first purchase in the category.
,% growth in sales (units),APPROVED,10:Assortment Deep Dive,,,The percentage change in sales units between the previous and latest periods.
,% growth in sales (value),APPROVED,10:Assortment Deep Dive,,,The percentage change in sales value between the previous and latest periods.
,% product first purchasers repeating on total brand,APPROVED,1:Shopper Behavior,,,The percentage of customers from the % Brand First Purchase on Product measure who continued to make purchases from the brand.
,ACV (all commodity volume),APPROVED,1:Shopper Behavior;10:Assortment Deep Dive,,,ACV(All Commodity Volume) is a metric used to compare product sales across stores of different sizes and distribution levels. Rather than simply looking at raw sales numbers—which can be misleading if products are sold in a varying number of stores—ACV adjusts (or “upweights”) sales figures to estimate how a product would perform if it were available in all stores within the channel.
,ACV ROS weighted (units),APPROVED,10:Assortment Deep Dive,,,Estimated weekly unit sales if the product was at full distribution (sold in every store).
,ACV ROS weighted (value),APPROVED,10:Assortment Deep Dive,,,Estimated weekly sales value if the product was at full distribution (sold in every store).
,ACV weighted ROS (distribution),APPROVED,1:Shopper Behavior,,,"ACV (All Commodity Volume) weighted ROS (Rate of Sale) (distribution) is the total spend of stores – where the selected product group was sold – divided by the total spend for all stores. This is calculated for the selected period, geography, and profile."
,ACV weighted ROS (sales),APPROVED,1:Shopper Behavior,,,ACV (All Commodity Volume) weighted ROS (Rate of Sale) sales estimates the sales value of the product if it had been sold in an average store during an average week.
,ACV weighted ROS (units),APPROVED,1:Shopper Behavior,,,ACV (All Commodity Volume) weighted ROS (Rate of Sale) units estimates the unit sales value of the product if it had been sold in an average store during an average week.
,ACV weighted ROS (units) (rank),APPROVED,1:Shopper Behavior,,,"ACV (All Commodity Volume) Weighted Rate of Sale (ROS) in units estimates the number of units a product would sell if it were available in an average store, during an average week, across the entire sales channel."
,ACV weighted ROS (value) (rank),APPROVED,1:Shopper Behavior,,,"ACV (All Commodity Volume) Weighted Rate of Sale (ROS) by value estimates the dollar sales a product would generate if it were sold in an average store, during an average week, across the entire sales channel."
,ACV weighted distribution,APPROVED,10:Assortment Deep Dive,,,"The sales value of a product as a percentage of all possible total sales, based on its distribution. This measure is weighted by how long a product has been selling and in which stores."
,ATC Identified Customer Count,APPROVED,6:Digital Landscapes,,,"The number of unique, identified customers (as determined by pg_Cust_id) who have added at least one of the selected products to their cart within the specified timeframe. Each customer is counted only once, regardless of the number of add-to-cart (ATC) actions performed within that period."
,ATC Unidentified Customer Count,APPROVED,6:Digital Landscapes,,,"The number of unique, unidentified customers (as determined by visitor_id when pg_Cust_id is null) who have added at least one of the selected products to their cart within the specified timeframe. Each customer is counted only once, regardless of the number of add-to-cart (ATC) actions performed within that period."
,Active Modular,APPROVED,8:Modular Intelligence,,,"Currently active modular in store, based on which items are arranged in the shelves"
,Add to Cart Adjusted Count,APPROVED,6:Digital Landscapes,,,The number of add-to-carts (ATC) for the selected products on Walmart.com and the Walmart Mobile App within the specified timeframe. This count includes Buy Nows but excludes ATCs that occur prior to a Scan & Go purchase and items that are subsequently removed from the cart. The number of add-to-carts (ATC) for the selected products on Walmart.com.mx and the Walmart Mobile App within the specified timeframe. This count includes Buy Nows but excludes ATCs that occur prior to a Scan & Go purchase and items that are subsequently removed from the cart.
,Add to Cart Count,APPROVED,6:Digital Landscapes,,,The number of add-to-carts (ATC) for the selected products on Walmart.com and the Walmart Mobile App within the specified timeframe. This count includes Buy Nows.The number of add-to-carts (ATC) for the selected products on Walmart.com.mx and the Walmart Mobile App within the specified timeframe. This count includes Buy Nows.
,Add to Cart Out of Stock View Count,APPROVED,6:Digital Landscapes,,,"The number of instances where the ""out of stock"" label was displayed when the product was added to cart or already in cart."
,Add to Cart Session Share,APPROVED,6:Digital Landscapes,,,"The percentage of sessions in which at least one add-to-cart (ATC) action for the selected products, relative to the total number sessions with ATCs for any product within the corresponding category, on Walmart.com and the Walmart Mobile App within the specified timeframe. Each session is counted only once, regardless of the number of ATCs performed within it."
,Add to Cart from PDP Count,APPROVED,6:Digital Landscapes,,,The number of add-to-carts (ATC) for the selected products that originate solely from the product's own Product Detail Page (PDP) on Walmart.com and the Walmart Mobile App within the specified timeframe.
,Add to Cart from non pdp Count,APPROVED,6:Digital Landscapes,,,"The number of add-to-carts (ATC) for the selected products that originate from sources other than the product's own Product Detail Page (PDP) on Walmart.com and the Walmart Mobile App within the specified timeframe. This includes ATCs initiated from locations such as carousels, search results, recommendations, other PDPs, or any page that is not the associated PDP for the selected product."
,Additional Modulars,APPROVED,8:Modular Intelligence,,,Number of other modulars in this store that also have this item
,Age,APPROVED,1:Shopper Behavior;10:Assortment Deep Dive,,,"A demographic found in the Assortment Performance and Customer Priority tables in ADD, displaying the percentage of customers that purchased a product, split across nine different groupings according to the current age of the customer. The nine groupings are: Age: 18-29, Age: 30-39, Age: 40-49, Age: 50-59, Age: 60-69, Age: 70-79, Age: 80-89, Age: 90+, Age: unclassified. Each grouping is displayed as its own column in the table and can be sorted to see which products resonate the most with each demographic group."
,Aldi Employee,APPROVED,2:Customer Perception,,,Panelist is associated with Aldi.
,Amazon Employee,APPROVED,2:Customer Perception,,,Self-identification by the panelist that they are an employee of Amazon
,Answer Choices,APPROVED,2:Customer Perception,,,"Randomize: Answer choices will be presented in different positions for each respondent. Used to reduce respondent order bias in Single and Multiple Selection question typesAdd ""Other"": Answer choice which includes a text entry field to allow respondents to write in details. This choice is anchored in its position when randomization is applied. “Other, if so please tell us more” is the default text for this choice.Add ""None of the Above"": Answer choice will be anchored to the bottom of the option list. When the respondent selects this answer, all other answer choices will be unselected (i.e., exclusive)."
,Audience,APPROVED,2:Customer Perception,,,Short description of target audience for the survey.
,Audience Variables (Audience Attributes),APPROVED,2:Customer Perception,,,"Selection of variables that help you target your audience, such as product categories and demographics."
,BJS Membership,APPROVED,2:Customer Perception,,,Self-identification by the panelist that they have a BJs Membership
,Backroom Inventory,APPROVED,8:Modular Intelligence,,,Quantity of item in the backroom
,Basket $ Value (Average),APPROVED,6:Digital Landscapes,,,Average placed $ value per purchased basket where the supplier's product is in the basket.Average placed $ value per purchased basket where the supplier's product is in the basket.
,Category Median,APPROVED,6:Digital Landscapes,,,A rough benchmark representing the typical performance of a metric or group of metrics across all products in a category.
,Category Session With Add to Cart Count,APPROVED,6:Digital Landscapes,,,"The number of sessions in which a customer views a product in the specified category and, during the same session, adds that product to their cart. In other words, how often a product view leads to an add-to-cart (ATC) within the same category and session."
,Category Session With PDP Count,APPROVED,6:Digital Landscapes,,,"The number of sessions in which a customer views a product in the specified category and, during the same session, views that product’s detail page. In other words, how often a product view leads to a product detail page (PDP) within the same category and session."
,Category Session With Purchase Count,APPROVED,6:Digital Landscapes,,,"The number of sessions in which a customer views a product in the specified category and, during the same session, purchases that product. In other words, how often a product view leads to a purchase within the same category and session."
,Category Session With product view Count,APPROVED,6:Digital Landscapes,,,The count at a category level at which a product view converts into a session with a impressed view of that product.
,Category Top 1% Median,APPROVED,6:Digital Landscapes,,,A rough benchmark representing the top performance of a metric or group of metrics across the top 1% of converting products in a category.
,Category Traffic,APPROVED,6:Digital Landscapes,,,"The distribution of PDP views, add-to-carts, and purchases for all products in the specified category curated into four-hour time blocks using Pacific Standard Time (PST)."
,Click,APPROVED,6:Digital Landscapes,,,"A user action in which a link, product or button is selected and therefore tracked to measure engagement. A Product Detail Page (PDP) view that was triggered by clicking on a product and a click on an ‘Add to Cart’ button are both considered clicks."
,Closed At,APPROVED,2:Customer Perception,,,Actual date a project closes.
,Company Name,APPROVED,2:Customer Perception,,,Company Name (Supplier) that is creating the project.
,Compare,APPROVED,2:Customer Perception,,,"Compare is a feature that allows you to view your survey results broken out by customer segments. When a Comparison is applied, all charts and data tables will break out and display the results for each respondent group in a side-by-side visualization. With the Compare feature, you can: Visualize group differences: Easily identify similarities and differences across various groups of respondents. Create flexible group definitions: Define groups based on audience variables, specific survey questions, and even previously created filters. Gather in-depth insights: Compare multiple questions and answer choices at one time. Analyze for statistical significance: View statistically significant differences among customer segments (similar to crosstab analysis)."
,Complete Unavailability,APPROVED,8:Modular Intelligence,,,"The percentage of a supplier’s items in the modular plan that are completely missing from shelves (no facings), highlighting where products are unavailable to customers."
,Completes (est.),APPROVED,2:Customer Perception,,,Target number of completed responses.
,Content Quality Score,APPROVED,6:Digital Landscapes,,,"A score that shows how well a product page is set up to help customers make buying decisions. Walmart periodically reviews product listings, looking at things like descriptions, images, specifications, and other details to ensure product information is complete, accurate, and useful. Score assignment is computed using proprietary, upstream algorithms."
,Cost per Complete,APPROVED,2:Customer Perception,,,Cost of each completed response in a project.
,Costco Employee,APPROVED,2:Customer Perception,,,Panelist is associated with Costco
,Costco Membership,APPROVED,2:Customer Perception,,,Indicates Panelist's Costco Membership information
,Created At,APPROVED,2:Customer Perception,,,This refers to the date and time when a project was initially established or entered into the system.
,Crosstabs,APPROVED,2:Customer Perception,,,"Crosstabs refers to cross-tabulated data, which is available via the Compare feature for all tabular question types in quantitative projects."
,Customer Perception,APPROVED,2:Customer Perception,,,"Walmart Scintilla’s primary research tool. With Customer Perception, you can leverage a community of verified, omni-channel Walmart customers and collect actionable feedback, on demand."
,Daily Traffic,APPROVED,6:Digital Landscapes,,,"Distribution of PDP Views, add-to-carts and purchases across the days of the week."
,Data Enrichments,APPROVED,2:Customer Perception,,,"Additional variables (such as demographics and product categories) appended to your dataset to further cut or filter down your data, garnering richer insights."
,Deployed At,APPROVED,2:Customer Perception,,,"""Deployed At"" refers to the actual project launch date—the specific date when a project, system, or solution is officially put into operation or made available for use. This date marks the transition from planning and development to active use in the intended environment."
,Device Agnostic,APPROVED,2:Customer Perception,,,"Survey is compatible on desktop/laptop, tablet, and smart phone formats."
,Display It Flag,APPROVED,2:Customer Perception,,,Indicates Panelist's interest in participating in display it
,End Date,APPROVED,2:Customer Perception,,,Project expected end date.
,Enrichment Cost,APPROVED,2:Customer Perception,,,Cost of enrichment variables.
,Enrichment Variables,APPROVED,2:Customer Perception,,,List of enrichment variables
,Event Date,APPROVED,3:Cloud Feeds;5:BI Link;6:Digital Landscapes,,,Date of the event occurredThe Event Date is the specific calendar date on which an event occurred.
,Field Metrics,APPROVED,2:Customer Perception,,,Response Rate: A measure of how engaged customers are. (# customers who entered survey / # of customers invited) x 100 = RR.Incidence Rate (Qualification Rate): Proportion of customers who meet the survey qualification criteria. (# of qualified completes / # customers who entered survey) x 100 = IR
,Filter Options,APPROVED,2:Customer Perception,,,Inclusion: Community members who meet the criteria will be included in the project.Exclusion: Community Members who do not meet the criteria will be excluded from the project
,Home Depot Employee,APPROVED,2:Customer Perception,,,Panelist is associated with Home Depot
,Household Count,APPROVED,2:Customer Perception,,,Indicates the Panelist household strength including the Panelist
,Hypertargeting,APPROVED,2:Customer Perception,,,"Control who you want to hear from by selecting and customizing attributes. In other words, defining the pool of customers who will receive the survey and participate in your research project."
,ID,APPROVED,2:Customer Perception,,,Project ID
,Information Bar,APPROVED,2:Customer Perception,,,"Shown along the top of your screen, the Information Bar tracks estimated project cost in real-time based on user inputs."
,Invader Item Count,APPROVED,8:Modular Intelligence,,,Count of item facings that belong to a different modular category but placed at supplier specific positions in this modular section
,Item Abandonment Rate,APPROVED,6:Digital Landscapes,,,Calculated as the item abandonment count divided by the total add to cart count for the selected product(s).
,Item Save For Later Count,APPROVED,6:Digital Landscapes,,,The number of add-to-cart and buy now instances where a specified product(s) was removed from cart and moved to saved for later.
,Keyword Share (ATC),APPROVED,6:Digital Landscapes,,,The percentage of product add-to-carts attributed to this search keyword vs. all other search keywords.
,Keyword Share (Clicks),APPROVED,6:Digital Landscapes,,,The percentage of product clicks (PDP views or add-to-carts) attributed to this keyword vs. all other search keywords.
,Keyword Share (PDP),APPROVED,6:Digital Landscapes,,,The percentage of product PDP views attributed to this search keyword vs. all other search keywords.
,Kroger Employee,APPROVED,2:Customer Perception,,,Indicates if Panelist is associated with Kroger
,Load Timestamp,APPROVED,6:Digital Landscapes,,,The date and time when this row was inserted/loaded into the data lake / data warehouse table.
,Load User Id,APPROVED,6:Digital Landscapes,,,The userid or process id of the person or process which loaded the row into this data lake / data warehouse table.
,Macy's Employee,APPROVED,2:Customer Perception,,,Indicates is Panelist is associated with Macy's
,Margin of Error,APPROVED,2:Customer Perception,,,"The Margin of Error is a statistic often used in research that gives us insight into how large we might expect the discrepancy to be between our sampled value and the population value. The nearer to zero the Margin of Error is, the more confident we can be that our sample is representative of the population.The Margin of Error calculation considers the Sample Size of your research and desired level of precision (aka Confidence Interval). Therefore, when deciding on the number of Target Completes for your project in Customer Perception, consider increasing the sample size to reduce the Margin of Error."
,Missed Sales Opportunity,APPROVED,8:Modular Intelligence,,,"Potential loss of sales if the shelf health is not improved. Calculated based on on-shelf availability, backroom and in-transit inventory, and daily demand forecast."
,Modular Compliance,APPROVED,8:Modular Intelligence,,,Percentage of item facings placed in correct position according to the active modular plan
,My Company,APPROVED,2:Customer Perception,,,Projects that others in your company have created.
,My Distinct UPC,APPROVED,8:Modular Intelligence,,,Planned Supplier Specific number of distinct UPCs in modular section
,My Projects,APPROVED,2:Customer Perception,,,Projects that you have created.
,New Search Keywords,APPROVED,6:Digital Landscapes,,,"Keywords that have not been searched before and are rising in product clicks, PDP views or add-to-carts during a specific week."
,New Search Keywords (Clicks),APPROVED,6:Digital Landscapes,,,Keywords that have not been searched before and are rising in clicks (PDP views or add-to-carts).Keywords that have not been searched before and are rising in clicks (product detail page views or add-to-carts).
,New Search Keywords (Volume),APPROVED,6:Digital Landscapes,,,Keywords that have not been searched before and are rising in search volume.
,No Membership,APPROVED,2:Customer Perception,,,Indicates Panelist does not have any Membership
,Number of Questions,APPROVED,2:Customer Perception,,,Total question count for a given survey.
,On-Shelf Availability,APPROVED,8:Modular Intelligence,,,"Actual number of available facings of an item, out of total number of planned facings for the item as per the active modular plan"
,Other Employee,APPROVED,2:Customer Perception,,,Panelist is associated with other
,PDP Identified Customer Count,APPROVED,6:Digital Landscapes,,,"The number of unique, identified customers (as determined by pg_Cust_id) who have visited the product detail page (PDP) for the selected products within the specified timeframe. Each customer is counted only once, regardless of the number of PDP visits within that period."
,PDP Out of Stock View Count,APPROVED,6:Digital Landscapes,,,"The number of instances where the ""out of stock"" label was displayed on the product details page."
,PDP Unidentified Customer Count,APPROVED,6:Digital Landscapes,,,"The number of unique, unidentified customers (as determined by visitor_id when pg_Cust_id is null) who have visited the product detail page (PDP) for the selected products within the specified timeframe. Each customer is counted only once, regardless of the number of PDP visits within that period."
,PDP View Count,APPROVED,6:Digital Landscapes,,,The product detail page (PDP) view count is the total times a user visits and loads the product detail page of the specified product.
,PDP View Session Share,APPROVED,6:Digital Landscapes,,,The share of sessions with PDP views of a specified product(s) compared to the total number of sessions with PDP views of all products in the corresponding Walmart category.The share of sessions with product detail page (PDP) views of a specified product(s) compared to the total number of sessions with PDP views of all products in the corresponding Walmart category.
,PDP View Session Share in Category for One UPC,APPROVED,6:Digital Landscapes,,,"Count of Sessions where the Supplier UPC has PDP Views / Count of Sessions where any of the UPCs belonging to the category is viewed (inclusive of all suppliers) If you’re looking at All Supplier UPCs in a category, the logic would be the same: Count of Sessions where any of the Supplier UPCs in the category has PDP Views / Count of Sessions where any of the UPCs belonging to a category is viewed (inclusive of all suppliers)Count of Sessions where the Supplier Universal Product Code (UPC) has product detail page (PDP) Views / Count of Sessions where any of the UPCs belonging to the category is viewed (inclusive of all suppliers) If you’re looking at All Supplier UPCs in a category, the logic would be the same: Count of Sessions where any of the Supplier UPCs in the category has PDP Views / Count of Sessions where any of the UPCs belonging to a category is viewed (inclusive of all suppliers)"
,Panelist Race,APPROVED,2:Customer Perception,,,Panelist race identifier
,Panelist Segment ID,APPROVED,2:Customer Perception,,,Panelist Segmentation ID
,Panelist State,APPROVED,2:Customer Perception,,,Panelist state in the community
,Panelist Terms of Use Agreement,APPROVED,2:Customer Perception,,,Indicates Panelist's acceptance to Terms of Use Agreement
,Panelist Work Industry,APPROVED,2:Customer Perception,,,Indicates in which industry panelist work
,Partial Availability,APPROVED,8:Modular Intelligence,,,"Percentage of distinct items that have partial facings (less than the itended facings, but not zero) on shelf, out of all distinct items in the active modular plan"
,Participation Status,APPROVED,2:Customer Perception,,,"Invited: Those who received an email to participate in the project – non-respondents, partial completes, completed, or terminated.Completed: Participants who met the project criteria and answered all the required questions in the survey.Terminated: Participants who did not meet the project criteria and their experience ended early."
,Percent of Total Completes,APPROVED,2:Customer Perception,,,% of respondents who selected that option.
,Percent of Total Count,APPROVED,2:Customer Perception,,,"Among the total number of responses – taking into account all of the selections the respondents chose in a multiple selection question. As such, a single respondent would be counted multiple times, if they selected multiple responses."
,Planned Discontinue Date,APPROVED,8:Modular Intelligence,,,Date on which the modular is supposed to be discontinued in the store
,Planned Effective Date,APPROVED,8:Modular Intelligence,,,Date from which the modular is supposed to be active in the store
,Planned Position,APPROVED,8:Modular Intelligence,,,Product position in the section according to the active modular plan. It is represented in the form of -
,Preview,APPROVED,2:Customer Perception,,,"Enables you to see the survey in the same format that the respondents will be viewing when they complete it. You will be able to view it in desktop/laptop, tablet, or smart phone formats."
,Price Tag Availability,APPROVED,8:Modular Intelligence,,,"Percentage of items that have a corresponding visible price tag, out of all existing items in the shelves"
,Prod Impression Count,APPROVED,6:Digital Landscapes,,,"COUNT(DISTINCT CASE WHEN impression_ind = 'product_impressions' OR item_page_ind > 0 THEN CONCAT(pageview_id, CAST(catlg_item_id AS VARCHAR)) END)Impressions are the rectangular elements that include a product image thumbnail, product name, price, and any relevant badges. The site and app serve billions of impressions per day. This is the start of a traceable customer shopping journey, including the first items they see. Impressions occur across page types, including Home Page, Search, Browse, My Items, Product Pages, Carts, and Review Order pages."
,Product Detail Page Views (PDP),APPROVED,6:Digital Landscapes,,,"A product detail page (PDP) is a page on the Walmart website/app that displays detailed information about a specific product. A PDP view occurs when a user visits and loads the product detail page of the specified product.A metric that measures the number of times users visit the Product Detail Page (PDP) of a specific product on Walmart.com or the Walmart Mobile App, regardless of whether the source of traffic was internal or external."
,Product View,APPROVED,6:Digital Landscapes,,,A product view occurs when a product is displayed to a user on Walmart's website or app. This sometimes includes when a product is displayed above or below the fold on a page.
,Product View Count,APPROVED,6:Digital Landscapes,,,"COUNT(DISTINCT CASE WHEN impression_ind = 'product_impressions' OR item_page_ind > 0 THEN CONCAT(dca.pageview_id, CAST(dca.catlg_item_id AS VARCHAR)) END)The count of times a product was viewed."
,Product View Out of Stock View Count,APPROVED,6:Digital Landscapes,,,"The number of instances where the ""out of stock"" label was displayed on the product view page."
,Product Views,APPROVED,6:Digital Landscapes,,,A Product View occurs when a product is displayed to the user on the Walmart website/app (this can sometimes include products displayed both above and below the fold on the website).
,Products per Basket (Average),APPROVED,6:Digital Landscapes,,,The average number of products placed per purchased online basket containing the selected product(s).The average number of products placed per purchased online basket containing the selected product(s).
,Project Cost,APPROVED,2:Customer Perception,,,"Estimated cost of the project, based on the number of completed responses and data enrichments."
,Project Participation,APPROVED,2:Customer Perception,,,Filtering feature that allows you to include or exclude Spark Community Members based on their participation in other projects you and your company have run.
,Project Status,APPROVED,2:Customer Perception,,,"Active: The project is live and currently accepting responses. You can view results as they come in, in real-time. Pending: Project is undergoing the Customer Perception project review process prior to launch Pending Approval: Researcher is actively reviewing the survey and providing feedback for changes or improvements (if any). Returned with Edits: When researcher feedback is ready for you to review. Look out for their comments and suggestions via email. Drafts: You have not yet submitted the project for research review. The project is still a work in progress. Closed: The Project is closed and not longer accepting responses."
,Public Name,APPROVED,2:Customer Perception,,,Name set by the researcher. This will be the email subject line that will be displayed to Customer Spark Community members when they receive a survey invitation.
,Purchase Count,APPROVED,6:Digital Landscapes,,,The purchase count is the total times a user completes an online purchase order of the specified product on Walmart's website or app.
,Purchase Customer Count,APPROVED,6:Digital Landscapes,,,"The number of unique, identified customers (as determined by pg_Cust_id) who have purchased the selected products within the specified timeframe. Each customer is counted only once, regardless of the number of purchases made within that period."
,Purchase From Add to Cart Count,APPROVED,6:Digital Landscapes,,,SUM(CASE WHEN dca.cntxt_nm = 'checkout' AND dca.actn_catg_nm = 'pageView' AND lower(dca.page_nm) like '%thankyou%' THEN dca.item_qty ELSE 0 end)The number of purchases of the selected product made through add-to-cart (ATC) functionality on Walmart.com or the Walmart Mobile App within the specified timeframe.
,Purchase From non Add to Cart Count,APPROVED,6:Digital Landscapes,,,purchs_cnt - purchs_frm_a2c_cntThe number of purchases of the selected product made through Buy Now functionality on Walmart.com or the Walmart Mobile App within the specified timeframe.
,Purchase Session Share,APPROVED,6:Digital Landscapes,,,The share of sessions with purchases of the specified product/brand compared to the total number of sessions with the purchases of all products in the corresponding Walmart category.
,Purchase Through Add to Cart Count,APPROVED,6:Digital Landscapes,,,sum(CASE WHEN sales_order_nbr is not null AND cntxt_nm = 'checkout' THEN item_qty ELSE 0 END) as purchase_through_a2c_cntThe number of purchases of the selected product made through add-to-cart (ATC) functionality on Walmart.com or the Walmart Mobile App within the specified timeframe.
,Purchase Through Other Count,APPROVED,6:Digital Landscapes,,,purchase_cnt - purchase_through_a2c_cntThe number of purchases of the selected product made through Buy Now functionality on Walmart.com or the Walmart Mobile App within the specified timeframe.
,Qualitative Survey,APPROVED,2:Customer Perception,,,"Video feedback tool that allows you to hear insights straight from the customer. Visualizations of customer feelings, behaviors, and patterns."
,Quantitative Results,APPROVED,2:Customer Perception,,,Participation Status: Qualified Participants who met the project criteria and answered all the required questions in the survey. Terminated: Participants who did not meet the project criteria and their experience ended early.
,Quantitative Survey,APPROVED,2:Customer Perception,,,"Collect larger data sets for numeric analysis. Analyze data in charts, tables, and word clouds."
,Query,APPROVED,2:Customer Perception,,,Target attributes for the project
,Question Bank,APPROVED,2:Customer Perception,,,Comprised of expert-written questions spanning across various research topics.
,Question Types,APPROVED,2:Customer Perception,,,"Single Selection: Respondents pick from one of the options provided. Multiple Selection: Respondents can pick multiple selections from the options provided. Dropdown (Single): Respondents choose one from a list of options in a dropdown menu. Matric: Respondents can rate multiple statements under a single scale. Rating Scale: Respondents rate a statement under a single numeric scale. Ranking: Respondents rank the options in a determined order. Short Form Text Entry: Respondents can provide a short text answer of up to 250 characters. Long Form Text Entry: Respondents can provide a longer text answer up to 1,000 characters. Text: Insert a text message for respondents to read. Media: Upload an image(s) or enter a video URL for respondents to view. Block: Group relevant questions together, with the option to enable randomization. Turning tis feature on will randomize the questions within the block."
,Research Review,APPROVED,2:Customer Perception,,,A Market Research Expert will carefully review all the project details and provide feedback to help ensure research best practices are leveraged to get you actionable results.
,Result Exports,APPROVED,2:Customer Perception,,,"Download Raw Data (xlsx): Provides the survey questions and the raw response/text of every individual answer in an Excel file format. Download Charts and Tables (pptx): Provides the chart and table visualizations of each survey question’s results in a PowerPoint file format. Download Tables (xlsx): Provides the survey questions and the tabular response data (Response, Count, Percent of Total Count) in an Excel file format.Download Aggregated Data (xlsx): Provides the survey question and raw response data in an Excel file format.Download Chart Image (png): Provides the chart visualization of the survey question’s results in picture format."
,Results,APPROVED,2:Customer Perception,,,Questions: The number of survey questions.Responses: The number of qualified completes / your number of desired responses.Completion %: The percentage of surveys completed.Time to complete: The average amount of time that respondents spent on the survey. Also known as length of interview.Deployed: Date when the survey was Launched.
,Sam's Club Employee,APPROVED,2:Customer Perception,,,Indicates is Panelist is associated with Sam's Club
,Sam's Club For Business,APPROVED,2:Customer Perception,,,Indicates Panelist shops at Sam's Club for Business
,Sam's Club Membership,APPROVED,2:Customer Perception,,,Indicates Panelist's Sam's Club Membership information
,Scintilla Company Id,APPROVED,6:Digital Landscapes,,,Scintilla Company IDThe Scintilla Company Id is a unique identifier assigned to a company or vendor associated with the Scintilla product within Walmart's systems.
,Screener Question,APPROVED,2:Customer Perception,,,Helps disqualify any survey takers that you aren’t interested in hearing from.
,Section Health,APPROVED,8:Modular Intelligence,,,Shelf health score for a particular modular section
,Sentiment Analysis,APPROVED,2:Customer Perception,,,A gauge-style visualization that assesses the overall sentiment of the statements in the customer’s responses from positive to neutral to negative.
,Session,APPROVED,6:Digital Landscapes,,,"A session is a series of user interactions on the Walmart website or app within a defined time window. It begins with the user’s first visit and ends after 30 minutes of inactivity, upon exit, or automatically renews every 12 hours if still active."
,Session Add to Cart Rate,APPROVED,6:Digital Landscapes,,,The rate at which a session with a product view converts into a session with an add to cart of that product.
,Session Add to Cart Rate (%),APPROVED,6:Digital Landscapes,,,"The rate at which a session with an impression of a product converts into a session with an add-to-cart of that product. Calculation: % of sessions where the product was added to the cart / total sessions where there was an impression of that product. Note: In the case that the calculation is measuring for a Product, it will be for that single product. In the case that the calculation is measuring for Product Groups (a category or any other group), it would consider all session where at least one of the products from the product category was featureThe percentage of sessions on Walmart.com and the Walmart Mobile App in which a product view converts directly into an add-to-cart (ATC) of the selected product without a user viewing the Product Detail Page (PDP).d."
,Session Add to Cart Rate (%) from PDP,APPROVED,6:Digital Landscapes,,,The rate at which sessions with a Product View of the product converts to a session with a PDP view of that product.
,Session Add to Cart Rate (%) from non-PDP,APPROVED,6:Digital Landscapes,,,The rate at which sessions with a Product View of the product converts to a direct add-to-cart of that product (without the user viewing the PDP). Calculation: Session Add to Cart Rate (%) - Session Add to Cart Rate % from PDP
,Session PDP View Rate,APPROVED,6:Digital Landscapes,,,The rate at which a session with a product view converts into a session with a PDP view of that product. The rate at which a session with a product view converts into a session with a Product Detail Page (PDP) view of that product.
,Session PDP View Rate (%),APPROVED,6:Digital Landscapes,,,"The rate at which a session with an impression of a product converts into a session with a PDP view of that product. Calculation: % of sessions where the PDP was viewed / total sessions where there was an impression of that product. NOTE: In the case that the calculation is measuring for a Product, it will be for that single product. In the case that the calculation is measuring for Product Groups (a category or any other group), it would consider all session where at least one of the products from the product category was featured.The rate at which a session with an impression of a product converts into a session with a Product Detail Page (PDP) view of that product. Calculation: % of sessions where the PDP was viewed / total sessions where there was an impression of that product. NOTE: In the case that the calculation is measuring for a Product, it will be for that single product. In the case that the calculation is measuring for Product Groups (a category or any other group), it would consider all session where at least one of the products from the product category was featured."
,Session Purchase Rate,APPROVED,6:Digital Landscapes,,,The rate at which a session with a product view converts into a session with a purchase of that product.
,Session Purchase Rate (%),APPROVED,6:Digital Landscapes,,,The rate at which a session with an impression of a product converts into a session with a purchase of that product. Calculation: % of sessions where the product was purchased / total sessions where there was an impression of that product.
,Session Purchase Rate (%) from Add to Cart,APPROVED,6:Digital Landscapes,,,The rate at which a user purchases a product after adding that product to cart.
,Session Purchase Rate (%) from non-Add to Cart,APPROVED,6:Digital Landscapes,,,"The rate at which sessions convert to purchase using a path apart from Add to Cart. This may include Buy Now, etc. Calculation: Session Purchase Rate (%) - Session Purchase Rate (%) from Add to CartThe percentage of sessions on Walmart.com and the Walmart Mobile App in which a purchase of the selected product is made through Buy Now functionality."
,Session with Add to Cart Count,APPROVED,6:Digital Landscapes,,,"The share of sessions with add-to-carts of the specified product/brand compared to the total number of sessions with add-to-carts of all products in the Walmart category it belongs to. % of sessions where the product was added to cart/ total sessions where all products were added to cart for the category COUNT(DISTINCT CASE WHEN a2c_ind > 0 AND cntxt_nm != ""scanAndGo"" THEN sessn_id END)The share of sessions with add-to-carts of the specified product/brand compared to the total number of sessions with add-to-carts of all products in the Walmart category it belongs to.% of sessions where the product was added to cart/ total sessions where all products were added to cart for the category"
,Session with Add to Cart from PDP Count,APPROVED,6:Digital Landscapes,,,COUNT(DISTINCT CASE WHEN dca.cntxt_nm = 'productPage' AND dca.a2c_ind = 1 AND pdp.pageview_id = dca.pageview_id AND pdp.catlg_item_id = dca.catlg_item_id THEN dca.sessn_id END)The share of sessions with add to carts originating from product description page.
,Session with Add to Cart from non PDP Count,APPROVED,6:Digital Landscapes,,,"sessn_a2c_cnt - sessn_a2c_frm_pdp_vw_cntThe share of sessions with add to carts originating from non-PDP(Product Detail Page) sources (carousels, product views page, etc."
,Session with Impression Count,APPROVED,6:Digital Landscapes,,,COUNT(DISTINCT CASE WHEN impression_ind = 'product_impressions' OR item_page_ind > 0 THEN dca.sessn_id END)The share of sessions with add to carts originating from an impression
,Session with PDP Count,APPROVED,6:Digital Landscapes,,,The share of sessions with PDP views of the specified product/brand compared to the total number of sessions with PDP views of all products in the Walmart category it belongs to. % of sessions where the product was viewed/ total sessions where all products were viewed for the category COUNT(DISTINCT CASE WHEN item_page_ind > 0 THEN sessn_id END)The share of sessions with Product Detail Page (PDP) views of the specified product/brand compared to the total number of sessions with PDP views of all products in the Walmart category it belongs to.% of sessions where the product was viewed/ total sessions where all products were viewed for the category
,Session with Product View Count,APPROVED,6:Digital Landscapes,,,COUNT(DISTINCT CASE WHEN impression_ind = 'product_impressions' OR item_page_ind > 0 THEN dca.sessn_id END)The rate at which a session with a product view occurs.
,Session with Purchase Count,APPROVED,6:Digital Landscapes,,,"The share of sessions with a purchase of the specified product/brand compared to the total number of sessions with a purchase of all products in the Walmart category it belongs to. % of sessions where the product was purchased/ total sessions where all products were purchased for the category COUNT(DISTINCT CASE WHEN cntxt_nm in (""checkout"",""buyNow"") and actn_catg_nm = ""pageView"" and lower(page_nm) like (%thankyou%) THEN sessn_id END)The share of sessions with a purchase of the specified product/brand compared to the total number of sessions with a purchase of all products in the Walmart category it belongs to.% of sessions where the product was purchased/ total sessions where all products were purchased for the category."
,Session with Purchase from Add to Cart Count,APPROVED,6:Digital Landscapes,,,COUNT(DISTINCT CASE WHEN dca.cntxt_nm = 'checkout' AND dca.actn_catg_nm = 'pageView' AND lower(dca.page_nm) like '%thankyou%' THEN dca.sessn_id end)The rate at which a session with a product view converts into a session with a purchase of that product from the cart.
,Session with Purchase from non Add to Cart Count,APPROVED,6:Digital Landscapes,,,sessn_purchs_cnt - sessn_purchs_frm_a2c_cntThe rate at which a session with a product view converts into a session with a purchase of that product from buynow features
,Sessions to Purchase (Average),APPROVED,6:Digital Landscapes,,,Number of sessions it takes from when the specified product was added to cart for the first time until the same product was purchased (within a 7-day timeframe).Number of sessions it takes from when the specified product was added to cart for the first time until the same product was purchased (within a 7-day timeframe).
,Shelf Cap Qty,APPROVED,8:Modular Intelligence,,,Quantity of a particular item in a section as per active modular plan
,Shelf Health,APPROVED,8:Modular Intelligence,,,"Composite metric (lying between 0-100) to indicate the quality of a category in Walmart Shelves in terms of Mod Compliance, Complete Shelf unavailability, Partial Shelf availability and Price Tag availability. Higher Shelf Health indicates well stocked and compliant shelves.Shelf Health is grouped into the below buckets based on its value:• >=75: Acceptable• <75 & >=55: Needs Attention• < 55: Poor"
,Shopper User Persona,APPROVED,5:BI Link;9:API Glossary,,upc_custom_attribution,Allows users to identify if the custom attribution for a UPC belongs to the Supplier or to the Category Advisor.
,Showreel,APPROVED,2:Customer Perception,,,"A compilation of customer video feedback, showcased in a highlight reel."
,Start Date,APPROVED,2:Customer Perception,,,Project Expected Start Date
,Statistical Significance Testing,APPROVED,2:Customer Perception,,,The Compare feature includes the ability to apply Statistical Testing on relevant quantitative question types. Statistical significance measures the likelihood that a relationship exists between two or more variables.
,Store Inventory,APPROVED,8:Modular Intelligence,,,Quantity of item in the sales floor
,Strike Zone,APPROVED,8:Modular Intelligence,,,"Shelves between the eye and waist level of the customer, where high-value items are usually placed"
,Supplier Share Actual,APPROVED,8:Modular Intelligence,,,Actual percentage of supplier item facings (based on shelf images) out of total item facings
,Supplier Share Planned,APPROVED,8:Modular Intelligence,,,"Planned percentage of supplier items facings (based on active modular plan), out of total item facings"
,Survey Logic,APPROVED,2:Customer Perception,,,Piping Logic: Responses from Single and Multiple Selection questions can be “piped” (inserted) into a subsequent question. This option allows you to personalize based on your audience’s responses and creates additional filtering options when analyzing your survey results. Skip Logic: Useful when you want to route respondents to a new destination based on their responses to a certain question (or block of questions). Display Logic: Allows you to display a selected question (or block of questions) only if you desired conditions are met.
,Target Employee,APPROVED,2:Customer Perception,,,Indicates if Panelist is associated with Target
,Target Start Date,APPROVED,2:Customer Perception,,,The date you would like to launch your project and start collecting responses.
,Time on PDP (Average),APPROVED,6:Digital Landscapes,,,The average time in seconds that a shopper spent on a PDP page before navigating to the next page.The average time in seconds that a shopper spent on a product detail page (PDP) page before navigating to the next page.
,Time to Add to Cart (Average),APPROVED,6:Digital Landscapes,,,The average time in seconds from when a PDP was viewed until that product was added to cart.The average time in seconds from when a product detail page (PDP) was viewed until that product was added to cart.
,Top Category Keywords,APPROVED,6:Digital Landscapes,,,"The top searched, trending or new keywords for your products within the selected category. This includes both paid and organic terms."
,Top Search Keywords,APPROVED,6:Digital Landscapes,,,"The top keywords by clicks, PDP views or add-to-carts across the category on the Walmart website and app within the specified date range."
,Top Search Keywords (Clicks),APPROVED,6:Digital Landscapes,,,The top keywords by clicks (PDP views or add-to-carts) across the category on the Walmart website and app within the specified date range.The top keywords by clicks (product detail page views or add-to-carts) across the category on the Walmart website and app within the specified date range.
,Top Search Keywords (Volume),APPROVED,6:Digital Landscapes,,,The top keywords by search volume across the category on the Walmart website and app within the specified date range.
,Top Searched Products (ATC),APPROVED,6:Digital Landscapes,,,The top 10 products that have been added to cart following a specified search keyword.
,Top Searched Products (Clicks),APPROVED,6:Digital Landscapes,,,The top 10 products that received the most clicks (PDP views or add-to-carts) from a specified search keyword.The top 10 products that received the most clicks (product detail page views or add-to-carts) from a specified search keyword.
,Top Searched Products (PDP),APPROVED,6:Digital Landscapes,,,The top 10 products with the most PDP Views from a specified search keyword.The top 10 products with the most product detail page (PDP) Views from a specified search keyword.
,Top Searched Products by Keyword,APPROVED,6:Digital Landscapes,,,"The top 10 products in the selected category that have been clicked, PDP viewed or added to cart following a search of a top category keyword."
,Top Walmart Keywords,APPROVED,6:Digital Landscapes,,,"The top searched, trending or new keywords for all products on the Walmart website and app. This includes both paid and organic terms."
,Total Distinct UPC,APPROVED,8:Modular Intelligence,,,Planned total number of distinct UPCs in modular section
,Trending Search Keywords,APPROVED,6:Digital Landscapes,,,"Existing search keywords with a rise in product clicks, PDP views or add-to-carts during a specific week compared to the prior week."
,Trending Search Keywords (Clicks),APPROVED,6:Digital Landscapes,,,Existing search keywords with a recent rise in clicks (PDP views or add-to-carts).Existing search keywords with a recent rise in clicks (product detail page views or add-to-carts).
,Trending Search Keywords (Volume),APPROVED,6:Digital Landscapes,,,Existing search keywords with a recent rise in search volume.
,UPC Group,APPROVED,2:Customer Perception,,,Hyper-targeted group of UPCs that you have created that will allow you to receive feedback from individuals who have or have not purchased the specific products.
,Unique Products per Basket (Average),APPROVED,6:Digital Landscapes,,,"The average number of distinct products placed per purchased online basket containing the selected product(s).The average number of distinct products in each online order (basket) that contains the selected product, on Walmart.com or the Walmart Mobile App within the specified timeframe."
,Updated By,APPROVED,2:Customer Perception,,,logged in user name
,Walmart Associate,APPROVED,2:Customer Perception,,,Indicates is Panelist is associated with Walmart
,Walmart Customer Spark Community,APPROVED,2:Customer Perception,,,"An invitation-only community of verified Walmart shoppers, recruited directly from our transactional database through email. Offers members the opportunity to participate in activities to provide feedback on products, services, and more."
,Walmart Heath Center,APPROVED,2:Customer Perception,,,Indicates is Panelist visited a Walmart Health Center for their healthcare services.
,White Non-Hispanic,APPROVED,2:Customer Perception,,,Indicates if Panelist's ethnicity is White Non-Hispanic
,Word Clouds,APPROVED,2:Customer Perception,,,"Visualizations consisting of collections or clusters of words depicted in different sizes – the bigger and bolder the word in the cloud, the more present it is in the responses. Relevancy: Puts the emphasis on the words in the response that are most relevant to the questions. Frequency: Emphasis on the words in the response that are used most frequently."
,above expected lost sales,APPROVED,1:Shopper Behavior,,,Sales of the selected product group that have been lost and are above the expected lost sales. This is calculated by subtracting the actual lost sales from the expected lost sales.
,above expected sales,APPROVED,1:Shopper Behavior,,,"Sales of the New Product group that have contributed to category growth, above what was expected. We can view Above Expected Sales for existing and new to category customers."
,add order,APPROVED,10:Assortment Deep Dive,,,"The order in which Assortment Deep Dive recommends you to add products to your range. The add order ensures your assortment covers different customer needs and includes the best performing products, with as little duplication as possible. The first product in the add order is the one with the highest composite rank, then other products are added based on their performance as well as their substitutability with other products. Products at the top of the add order contribute the most to an assortment with great customer need coverage. Products at the bottom of the add order contribute the least and the risk of delisting them is lower, because customers are more willing to buy their substitutes."
,additional repeats per repeater,APPROVED,1:Shopper Behavior,,,Total number of customers who purchased the product three times or more.
,associated basket spend,APPROVED,10:Assortment Deep Dive,,,"Average basket value of all baskets that contained the product during the selected period, excluding the amount spent on the product itself.(total spend on all baskets containing the product ? total spend on the product) ÷ total number of baskets containing the product"
,associated category spend,APPROVED,1:Shopper Behavior,,,"Total transactional spend by the analysis product or product group customers on the category, excluding the analysis product or product group. This is calculated for the selected period, geography, and profile."
,associated category spend per customer,APPROVED,1:Shopper Behavior,,,Total associated category spend divided by the number of customers who purchased the analysis product or product group.
,associated category spend per transaction,APPROVED,1:Shopper Behavior,,,Total associated category spend divided by the number of transactions that contained the analysis product or product group.
,associated retailer spend,APPROVED,1:Shopper Behavior,,,"Total transactional spend on all products at the retailer excluding the analysis product or product group. This is calculated for the selected period, geography, and profile."
,associated retailer spend per customer,APPROVED,1:Shopper Behavior,,,Total associated retailer spend on baskets that contain the focus product (excluding the spend on the focus product) divided by the number of customers who purchased the analysis product or product group.
,associated retailer spend per transaction,APPROVED,1:Shopper Behavior,,,Total associated retailer sales divided by the number of transactions that contained the analysis product or product group.
,assortment performance,APPROVED,10:Assortment Deep Dive,,,"The first of three reports in Assortment Deep Dive. Assortment Performance reports provide a table view of almost 40 different product performance metrics such as sales, penetration, loyalty, etc. The report is ranked according to the composite score, but you can sort the table and filter products by different measures."
,average category weighted purchase,APPROVED,10:Assortment Deep Dive,,,Average basket spend for all category baskets that contained the product during the selected period.total spend on category products within all baskets containing the product ÷ total number of baskets containing the product
,average items selling,APPROVED,1:Shopper Behavior,,,"The average number of products that sold in a store in a selected store segment. At a store level, this is the total number of products that were sold in that store."
,average price per unit,APPROVED,1:Shopper Behavior;10:Assortment Deep Dive,,,"The average price paid for the selected product or product group. This is calculated for the selected period, geography, and profile."
,average price per volume,APPROVED,1:Shopper Behavior,,,"Total spend on the selected product group divided by the total volume sold for the selected product group. This is calculated for the selected period, geography, and profile."
,average sales,APPROVED,1:Shopper Behavior,,,Compares the sales of the product or product group in the selected store against the average sales of the product or product group across all stores in the same store segment.
,average weekly (off promotion),APPROVED,1:Shopper Behavior,,,Average value of the metric across the weeks when the product was off promotion.
,average weekly (on promotion),APPROVED,1:Shopper Behavior,,,Average value of the metric across the weeks when the product was on promotion.
,avg spend per basket (focus),APPROVED,1:Shopper Behavior,,,The average spend on the selected product/product group for all baskets that contained the selected product group. This is calculated for the selected period.
,avg spend per basket (total),APPROVED,1:Shopper Behavior,,,The average spend on the selected product/product group for all baskets that contained the selected product group. This is calculated for the selected period.
,baseline sales,APPROVED,1:Shopper Behavior,,,"Estimated sales the focus group could have generated in the latest period, during or following the event."
,baseline sales %,APPROVED,1:Shopper Behavior,,,"Estimated sales the focus group could have generated in the latest period, during or following the event."
,basket penetration,APPROVED,1:Shopper Behavior;10:Assortment Deep Dive,,,"Total number of unique baskets that contained the selected product group divided by the total number of unique baskets at the retailer level. This is calculated for the selected period, geography, and profile."
,brand loyalty,APPROVED,1:Shopper Behavior,,,Customers repeat purchasing the same brand.
,brand loyalty decreasers,APPROVED,1:Shopper Behavior,,,Customers who have become less loyal over the two selected time periods.
,brand loyalty increasers,APPROVED,1:Shopper Behavior,,,Customers who have become more loyal over the two selected time periods.
,brand spend,APPROVED,1:Shopper Behavior,,,A segmentation of target brand customers based on the value they spent on the target brand.
,brand units,APPROVED,1:Shopper Behavior,,,A segmentation of target brand customers based on the number of units they purchased of the target brand.
,calendar YTD,APPROVED,1:Shopper Behavior;10:Assortment Deep Dive,,,"The calendar week begins on Saturday and ends on a Friday. So the YTD Calendar will begin on a Saturday during the first full week of January and run through a full 52 weeks. For example, for the year 2023, the first full week in January begins on the 7th. So in this instance, the Calendar YTD will run from 1/7/2023 until 1/5/2024."
,cannibalization,APPROVED,10:Assortment Deep Dive,,,"A loss of sales from one product to another due to a focus event. A cannibalized product can have some of its sales taken away by a promotion, a new product launched in the category, a change in product distribution or other events. In Assortment Deep Dive Impact, you will see cannibalization data when you add a new product."
,category customer penetration,APPROVED,10:Assortment Deep Dive,,,Total number of customers who purchased the product as a percentage of total number of customers who shopped the category. See penetration (adjusted) for a measure that factors out the impact of customers shopping the category in stores that do not stock the product.
,category expansion/contraction,APPROVED,1:Shopper Behavior,,,The amount the category sales value or sales units has increased/decreased by over the period.
,category lapsed buyers,APPROVED,1:Shopper Behavior,,,Focus Group buyers who bought from the category in the previous period only and buying the Focus Group in that period
,category new buyers,APPROVED,1:Shopper Behavior,,,Focus Group buyers who bought from the category in the latest period only and buying the Focus Group in that period
,category penetration,APPROVED,1:Shopper Behavior,,,Total number of unique customers who purchased the selected products divided by the total number of unique customers who purchased in the category.
,category sales,APPROVED,1:Shopper Behavior,,,"Total spend on the primary product category in all stores specified in the report. This is calculated for the selected store or store segment, period, and customer segment."
,category sales value,APPROVED,1:Shopper Behavior,,,"Total spend on the primary product category in all stores specified in the report. This is calculated for the selected store or store segment, period, and customer segment."
,category share (spend),APPROVED,1:Shopper Behavior,,,"Total spend for the selected product group divided by the total spend for all selected products in the primary product universe. This is calculated for the selected period, geography, and profile."
,category share (units),APPROVED,1:Shopper Behavior,,,"Total units sold for the selected product group divided by the total units sold for all selected products in the primary product universe. This is calculated for the selected period, geography, and profile."
,category spend per customer,APPROVED,1:Shopper Behavior,,,"Average spend on the category by customers in the selected segment. This is calculated for the selected period, geography, and profile."
,category transactions,APPROVED,1:Shopper Behavior,,,The number of transactions made by the customer to the category within the selected time period.
,channel conversion,APPROVED,1:Shopper Behavior,,,Total number of customers who bought the analysis product group in the selected channel divided by the total number of customers who bought the analysis product group in all channels. This is calculated for the selected period. (Metric in the Channel Performance report)
,composite rank,APPROVED,1:Shopper Behavior;10:Assortment Deep Dive,,,"A ranking of all the products in your assortment based on their composite score (a pre-determined combination of performance and customer measures). It gives an overall performance evaluation for each product listed in your report. The highest composite rank is 1, and the total number of ranked product varies according to the number of products in your assortment."
,composite score,APPROVED,1:Shopper Behavior;10:Assortment Deep Dive,,,"A number from 0 to 1 that gives a good indication of how a product is generally performing. The composite score combines a selection of both performance and customer measures into a single aggregated score. It provides a balance between sales and customer metrics to fairly assess the performance of products. 40% of the score is determined by ACV weighted ROS (sales), and ACV weighted ROS (units). The remaining 60% of the score is made up of penetration (adjusted), loyal penetration, share of wallet (sales) and share of wallet (units). The product with the highest composite score is the best performing product. For more information on the composite score, visit the ADD Metrics Guide (in the ADD Fundamentals section of Knowledge Base)."
,continuous group shoppers,APPROVED,1:Shopper Behavior,,,Customers who spend more or less / purchase more or fewer units of the target brand without impacting their spend or units purchased of other category brands.
,contraction,APPROVED,1:Shopper Behavior,,,The amount the category sales value has decreased by.
,contribution,APPROVED,1:Shopper Behavior,,,The contribution that the measure has made to the overall performance of the product.
,contribution of average price per unit,APPROVED,1:Shopper Behavior,,,Shows the monetary value that the change in price per unit contributed to the total change in sales for the product or product group between two periods.
,contribution of customer penetration,APPROVED,1:Shopper Behavior,,,Shows the monetary value that change in customer penetration contributed to the total change in sales for the product or product group between two periods.
,contribution of customers,APPROVED,1:Shopper Behavior,,,Shows the monetary value that the change in number of customers contributed to the total change in sales for the product or product group between two periods.
,contribution of spend per customer,APPROVED,1:Shopper Behavior,,,Shows the monetary value that the change in spend per customer contributed to the total change in sales for the product or product group between two periods.
,contribution of spend per transaction,APPROVED,1:Shopper Behavior,,,Shows the monetary value that the change in spend per transaction contributed to the total change in sales for the product or product group between two periods.
,contribution of total retailer customers,APPROVED,1:Shopper Behavior,,,"This metric represents the monetary impact that changes in the total number of retailer customers have had on the overall sales of a product or product group between two periods. It quantifies how much of the sales growth or decline can be attributed specifically to gaining or losing customers, helping suppliers understand the role of customer base changes in overall sales performance."
,contribution of total retailer transactions,APPROVED,1:Shopper Behavior,,,"This metric represents the monetary impact that changes in the total number of retailer transactions have had on the overall sales of a product or product group between two periods. It quantifies how much of the sales growth or decline can be attributed specifically to an increase or decrease in the number of transactions, helping suppliers understand the influence of transaction volume on overall sales performance."
,contribution of total transactions per customer,APPROVED,1:Shopper Behavior,,,"This metric represents the monetary impact that changes in the average number of transactions per customer have had on the overall sales of a product or product group between two periods. It quantifies how much of the sales growth or decline can be attributed specifically to customers purchasing more or fewer times, helping suppliers understand the effect of changes in shopping frequency on total sales performance."
,contribution of transaction penetration,APPROVED,1:Shopper Behavior,,,"This metric represents the monetary impact that changes in transaction penetration have had on the overall sales of a product or product group between two periods. Transaction penetration refers to the proportion of total retailer transactions that include the product. This metric quantifies how much of the sales growth or decline can be attributed specifically to more (or fewer) transactions including the product, helping suppliers understand the effect of product reach within the total transaction base on overall sales performance."
,contribution of transactions,APPROVED,1:Shopper Behavior,,,"This metric represents the monetary impact that changes in the number of transactions have had on the overall sales of a product or product group between two periods. It quantifies how much of the sales growth or decline can be attributed specifically to an increase or decrease in transaction count, helping suppliers understand the role of transaction volume in overall sales performance."
,contribution of units per transaction,APPROVED,1:Shopper Behavior,,,"This metric represents the monetary impact that changes in the average number of units purchased per transaction have had on the overall sales of a product or product group between two periods. It quantifies how much of the sales growth or decline can be attributed specifically to customers buying more or fewer units per transaction, helping suppliers understand the influence of basket size on total sales performance."
,customer classification,APPROVED,1:Shopper Behavior,,,"Customers are classified according to their behavior. Categories include new to merch group, left category, and existing to merch group. These are broken down further into target customers and control customers."
,customer decisions,APPROVED,10:Assortment Deep Dive,,,"The second of three reports in Assortment Deep Dive. The Customer Decisions report automatically builds a decision tree, helping to understand customer needs and their decision hierarchy. From the Customer Decisions report, you can also view the Performance table."
,customer penetration,APPROVED,1:Shopper Behavior,,,"Total number of unique customers who purchased the selected product group divided by the total number of unique customers who purchased at the retailer. This is calculated for the selected period, geography, and profile."
,customer priority,APPROVED,10:Assortment Deep Dive,,,"The third of three reports in Assortment Deep Dive. The Customer Priority report generates a preliminary assortment recommendation based on product performance, customer needs and store relevance.This is the best report if you are running full reviews, as it includes all the features and measures from the Performance and Customer Decisions reports, paired with additional unique features.The Customer Priority report has a table view and a customer decisions view. The table is ranked according to the add order, but you can sort it and filter products by different measures. In the customer decisions view, you can analyze and edit the customer decision tree. The changes you make to the tree affect the add order in the table view."
,customer volumes,APPROVED,1:Shopper Behavior,,,The total number of unique customers.
,customers,APPROVED,1:Shopper Behavior;10:Assortment Deep Dive,,,Total number of unique customers who purchased the selected product or product group.
,customers substituting,APPROVED,10:Assortment Deep Dive,,,Total number of customers who bought the substitute instead of the main product during the selected period.
,days with product sales,APPROVED,1:Shopper Behavior,,,Number of days the product or product group sold as a percentage of the total number of days the product or product group could have sold since the first day of sale.
,decision tree,APPROVED,10:Assortment Deep Dive,,,"A visual map that helps understand how customers navigate and make sense of the assortment in a store. In the tree, groups of highly substitutable products (need states in darker blue boxes) are connected by decision nodes (lighter blue boxes). You can find decision trees in the Customer Decisions report and in the decision tree view of the Customer Priority report."
,delist,APPROVED,10:Assortment Deep Dive,,,"When a product is removed from a list or category. In a Customer Priority report, products that are recommended to be delisted have a recommendation status of either Forced Out, Keep Out or Out. Delisting a product is different from excluding a product. When you exclude a product, it gets removed from your report and is not considered for your assortment."
,exclusivity,APPROVED,10:Assortment Deep Dive,,,The percentage of customers of the product who bought only that product (at least twice) and no other product from the category during the selected period.
,existing category customers,APPROVED,1:Shopper Behavior,,,Sales on the new product group in the post launch period from existing category customers. Category is defined as total products in report.
,existing to category,APPROVED,1:Shopper Behavior,,,Customers who purchased any product(s) in the merch group in both the previous and post periods.
,existing to classes,APPROVED,1:Shopper Behavior,,,Customers who purchased any product(s) in the merch group in both the previous and post periods.
,existing to commodity,APPROVED,1:Shopper Behavior,,,Customers who purchased any product(s) in the merch group in both the previous and post periods.
,existing to merch group,APPROVED,1:Shopper Behavior,,,Customers who purchased any product(s) in the merch group in both the previous and post periods.
,existing to product/product group,APPROVED,1:Shopper Behavior,,,Customers who purchased any product(s) in the product group in both the previous and post periods.
,existing to retailer,APPROVED,1:Shopper Behavior,,,Customers who purchased any product(s) from the retailer in both the previous and post periods.
,existing to section,APPROVED,1:Shopper Behavior,,,Customers who purchased any product(s) in the merch group in both the previous and post periods.
,existing to subgroup,APPROVED,1:Shopper Behavior,,,Customers who purchased any product(s) in the subgroup in both the previous and post periods.
,expansion,APPROVED,1:Shopper Behavior,,,The amount the category sales value has increased by.
,expected lost sales,APPROVED,1:Shopper Behavior,,,Sales of the selected product or product group that are expected to be lost. This is calculated by subtracting the expected product group sales in post period from the product group sales in the previous period.
,expected new to category sales,APPROVED,1:Shopper Behavior,,,Expected sales is determined by the behavior of category customers that didn’t engage with the new product group in post launch period.
,fair share index,APPROVED,1:Shopper Behavior,,,"The degree of switching compared to the category share. A number less than 100 indicates switching was less than expected, and a number more than 100 indicates a greater amount of switching compared to expectations. Fair share index should be analyzed alongside the switching between brands to understand the interaction between the target brand and the other brands in the secondary universe."
,favorite share,APPROVED,1:Shopper Behavior;10:Assortment Deep Dive,,,"The percentage of spend on a product that comes from customers for whom the product is their ‘favorite.’ The measure is restricted to customers who bought from the category in at least two transactions. Favorite is defined as the product the customer bought most frequently in their category transactions. If two products tie as a customer's favorite, then sales value is taken into consideration. If still tied, then both are classed as being a customer's favorite."
,frequency of purchase,APPROVED,1:Shopper Behavior;10:Assortment Deep Dive,,,"Total number of transactions that contained the selected product group divided by the total number of unique customers who purchased the selected product group. This is calculated for the selected period, geography, and profile."
,gains,APPROVED,1:Shopper Behavior,,,The total value sales the target brand has acquired from a set of identified customer groups.
,group switching,APPROVED,1:Shopper Behavior,,,Customer switching spend or units from or to the target brand.
,impact,APPROVED,10:Assortment Deep Dive,,,"Group of measures in a Customer Priority report as part of Assortment Deep Dive Impact. With Assortment Deep Dive Impact you can trial different assortment changes, such as delisting or launching new products, and get predictions as to the likely outcome of those changes."
,impact on category,APPROVED,10:Assortment Deep Dive,,,This metric shows how significant the change in sales is for a product in the context of total category sales. It uses the impact on sales value metric in its calculation: (Impact on sales value ÷ total category sales) x 100
,impact on sales units,APPROVED,10:Assortment Deep Dive,,,"The likely change in sales units for a product, considering assortment changes applied to a Customer Priority report, such as delisting or adding new products."
,impact on sales value,APPROVED,10:Assortment Deep Dive,,,"The likely change in sales value for a product, considering assortment changes applied to a Customer Priority report, such as delisting or adding new products."
,income (household income),APPROVED,1:Shopper Behavior;10:Assortment Deep Dive,,,"A demographic found in the Assortment Performance and Customer Priority tables in ADD, displaying the percentage of customers that purchased a product, split across four different groupings according to the household income of the customer who purchased the product. The four groupings are: Income: Less than $50K, Income: $50K to $150K, Income: $150K+, Income: unclassified. Each grouping is displayed as its own column in the table and can be sorted to see which products resonate the most with each demographic group."
,incremental sales,APPROVED,1:Shopper Behavior,,,Total product group spend in the post period that is incremental to the category from existing customers.
,incremental sales %,APPROVED,1:Shopper Behavior,,,Total product group spend in the post period that is incremental to the category from existing customers.
,index (% column) sales,APPROVED,1:Shopper Behavior,,,Benchmark of percentage (%) of sales against the total category spend accounted for by the selected product group.
,index (% column) units,APPROVED,1:Shopper Behavior,,,Benchmark of percentage (%) of units against the total category spend accounted for by the selected product group.
,index (on vs. off promotion),APPROVED,1:Shopper Behavior,,,Average weekly value (on promotion) divided by average weekly value (off promotion).
,index (on vs. pre promotion),APPROVED,1:Shopper Behavior,,,Average weekly value (on promotion) divided by average weekly value (off promotion).
,index of row,APPROVED,1:Shopper Behavior,,,"Indicates the strength of the relationship between product groups, and the appeal that this combination of products has to different customers."
,index vs. average for store,APPROVED,1:Shopper Behavior,,,Total sales of the selected product/brand in the selected store divided by average sales of the selected product/brand in all stores of the same type.
,index vs. average for total stores,APPROVED,1:Shopper Behavior,,,Calculated as the total selected product/brand in the selected store attribute divided by the average product/brand sales in all stores selected in the report.
,index vs. category for store,APPROVED,1:Shopper Behavior,,,Sales performance of the selected product/brand in the selected store (as a proportion of product/brand sales in all stores of the same type) compared to the sales performance of the category in the selected store (as a proportion of category sales in stores of the same type).
,lapsed brand shoppers,APPROVED,1:Shopper Behavior,,,"Customers who didn’t buy the focus brand in the latest period, but did buy it in the previous period."
,lapsed brand/category/retailer,APPROVED,1:Shopper Behavior,,,Customers that have left the brand. They could also have left the category or the retailer.
,lapsed category shoppers,APPROVED,1:Shopper Behavior,,,"Customers who didn’t buy anything from the category in the latest period, but did buy the focus brand in the previous period."
,lapsed from brand,APPROVED,1:Shopper Behavior,,,Customers who have left the brand.
,latest period,APPROVED,1:Shopper Behavior,,,Total sales for the most recent selected time period for your target brand.
,launch date,APPROVED,1:Shopper Behavior,,,"The date a product was launched, or for a product group, the earliest launch date across all the products in the group."
,left category,APPROVED,1:Shopper Behavior,,,Customers who purchased the category (all products in the report) in the pre period but not in the post period.
,losses,APPROVED,1:Shopper Behavior,,,The total value sales the target brand has lost from a set of identified customer groups.
,loyal customers,APPROVED,10:Assortment Deep Dive,,,Loyal customers are defined by their shopping habits: they shop more frequently and have a higher spend than other customers. Loyal customers = premium customers + valuable customers.
,loyal penetration,APPROVED,1:Shopper Behavior;10:Assortment Deep Dive,,,"Total number of unique retailer loyal customers who purchased the product divided by the total number of loyal customers who shopped at the retailer. This is calculated for the selected period, geography, and profile."
,loyal penetration % (rank),APPROVED,1:Shopper Behavior,,,"Total number of unique retailer loyal customers who purchased the product divided by the total number of loyal customers who shopped at the retailer. This is calculated for the selected period, geography, and profile."
,loyal sales (value) %,APPROVED,10:Assortment Deep Dive,,,The percentage of a product's sales that are from loyal customers.
,loyalty decreasers,APPROVED,1:Shopper Behavior,,,Customers who have become less loyal over the two selected time periods.
,loyalty increasers,APPROVED,1:Shopper Behavior,,,Customers who have become more loyal over the two selected time periods.
,maintainer,APPROVED,1:Shopper Behavior,,,Customers who did not move between loyalty segments between the two time periods.
,mid market,APPROVED,10:Assortment Deep Dive,,,A customer segmentation that includes customers that tend to buy products that are average in unit price or price per volume across all categories in the store. These are customers that are not flagged as price sensitive or up market.
,most recent period,APPROVED,1:Shopper Behavior,,,Total Sales for the most recent selected time period for your target brand.
,need state,APPROVED,10:Assortment Deep Dive,,,A group of products that customers consider to be substitutable as they fulfil a similar requirement or need.
,need state substitutability,APPROVED,10:Assortment Deep Dive,,,"A measure of how similar a need state is to the selected need state, calculated using the substitutability and pairwise scores of the products in both need states."
,new / lapsed group shoppers,APPROVED,1:Shopper Behavior,,,"Customers who purchased any product(s) in the product group in the post period only / Customers who didn’t buy anything from the product group in the latest period, but did buy the group in the previous period."
,new brand shoppers,APPROVED,1:Shopper Behavior,,,Existing category customers who bought the focus brand in the latest period for the first time.
,new brand/cat/retailer,APPROVED,1:Shopper Behavior,,,"Current product group shoppers that were not purchasing the product group, category or at Walmart during the previous period"
,new category customers,APPROVED,1:Shopper Behavior,,,Sales on new product group in the post launch period from new to category customers. The category is defined as total products in report.
,new category shoppers,APPROVED,1:Shopper Behavior,,,Customers moving into the category and buying the focus brand for the first time.
,new sales,APPROVED,1:Shopper Behavior,,,Total product group spend in the post period by customers who were new to the category.
,new to category,APPROVED,1:Shopper Behavior,,,Customers who purchased any product(s) in the merch group in the post period only.
,new to class,APPROVED,1:Shopper Behavior,,,Customers who purchased any product(s) in the subgroup in the post period only.
,new to classes,APPROVED,1:Shopper Behavior,,,Customers who purchased any product(s) in the merch group in the post period only.
,new to merch group,APPROVED,1:Shopper Behavior,,,Customers who purchased any product(s) in the merch group in the post period only.
,new to product/product group,APPROVED,1:Shopper Behavior,,,Customers who purchased any product(s) in the product group in the post period only.
,new to retailer,APPROVED,1:Shopper Behavior,,,Customers who purchased any product(s) from the retailer in the post period only.
,new to section,APPROVED,1:Shopper Behavior,,,Customers who purchased any product(s) in the merch group in the post period only.
,new to segment,APPROVED,1:Shopper Behavior,,,Customers who purchased any product(s) in the subgroup in the post period only.
,new to sub-classes,APPROVED,1:Shopper Behavior,,,Customers who purchased any product(s) in the subgroup in the post period only.
,new to subgroup,APPROVED,1:Shopper Behavior,,,Customers who purchased any product(s) in the subgroup in the post period only.
,new – commodity,APPROVED,1:Shopper Behavior,,,Customers who purchased any product(s) in the merch group in the post period only.
,new – sub commodity,APPROVED,1:Shopper Behavior,,,Customers who purchased any product(s) in the subgroup in the post period only.
,non-traceable,APPROVED,1:Shopper Behavior,,,"Non-traceable payment tenders. Examples: cash, Walmart gift cards, checks, WIC, SNAP, etc."
,number of products,APPROVED,1:Shopper Behavior,,,Number of unique products being sold from the selected product group for the selected period.
,open store weeks,APPROVED,1:Shopper Behavior,,,"The number of weeks that a store is open for within the selected period. For example, if a store closes for refurbishment for a week, that week is not considered an open store week."
,orphan,APPROVED,10:Assortment Deep Dive,,,"A product without enough data available to calculate its substitutes. Orphan products will appear in a decision tree, inside a need state called ‘Ungrouped products’ and will need to be manually placed in another need state or excluded from the analysis."
,penetration,APPROVED,1:Shopper Behavior,,,The percentage of total Opportunity Customers buying the highlighted product in the focus channel.
,penetration (adjusted) %,APPROVED,1:Shopper Behavior,,,"Customers who purchased the product as a percentage of total category customers during the selected period. This measure only includes customers who shopped in a store that stocked the product, therefore giving them the opportunity to have bought it."
,percent of basket,APPROVED,1:Shopper Behavior,,,The proportion of baskets containing the selected products that contain a specified quantity of those products.
,percent of customers,APPROVED,1:Shopper Behavior,,,The percent of customers in the segment who bought items from the primary product universe in the selected time period.
,percent of row,APPROVED,1:Shopper Behavior,,,The percent contribution of that cell compared to the row.
,percent of sales units,APPROVED,1:Shopper Behavior,,,The percent of units sold from the primary product universe by segment within the selected time period.
,percent of sales value,APPROVED,1:Shopper Behavior,,,The percent of sales of items from the primary product universe by segment within the selected time period.
,percentage (%) category sales,APPROVED,1:Shopper Behavior,,,Percentage of product sales in the selected store as a proportion of the total sales from the product category in the selected store.
,percentage (%) cherry picked transactions,APPROVED,1:Shopper Behavior,,,Number of transactions that had more than 50% of their contents on promotion as a percentage of all transactions that contained the promotion.
,percentage (%) column (sales),APPROVED,1:Shopper Behavior,,,"The percentage of sales in the product group, as a proportion of the total sales in all product groups. This is calculated for the selected customer segment."
,percentage (%) column (units),APPROVED,1:Shopper Behavior,,,"The percentage of units that were purchased from the product group, as a proportion of the total number of units purchased in all product groups. This is calculated for the selected customer segment."
,percentage (%) multichannel customers,APPROVED,1:Shopper Behavior,,,Proportion of total customers that shopped in more than one channel as a percentage.
,percentage (%) of combinations,APPROVED,1:Shopper Behavior,,,The percentage of transactions that contained a combination of products that were in the selected promotion as a proportion of the total number of transactions that contained at least one product in the selected promotion.
,percentage (%) of customers,APPROVED,1:Shopper Behavior,,,The percentage of customers in the selected segment that purchased the selected brand as a proportion of the total number of customers who purchased the selected brand. This is calculated for the selected period and geography.
,percentage (%) of sales,APPROVED,1:Shopper Behavior,,,"The percent of the product or product group sales by a selected customer segment as a proportion of the total sales of the product or product group by all customers. This is calculated for the selected period, geography, and profile."
,percentage (%) of transactions,APPROVED,1:Shopper Behavior,,,The percentage of transactions that contained the selected product as a proportion of the total number of transactions that contained an item from the same product group.
,percentage (%) of units,APPROVED,1:Shopper Behavior,,,The percent of units in the brand that were purchased by the selected customer segment as a proportion of the total number of units in the selected brand purchased by all customers. This is calculated for the selected period and geography.
,percentage (%) row (sales),APPROVED,1:Shopper Behavior,,,Number of sales from the customer segment as a percentage of the sales from all the customers who purchased the product group.
,percentage (%) row (units),APPROVED,1:Shopper Behavior,,,Number of units purchased by the customer segment as a percentage of the units purchased by all the customers who purchased the product group.
,"percentage (%) stores by status (good, average, poor)",APPROVED,1:Shopper Behavior,,,The percentage of stores in each status as a proportion of the total number of stores.
,percentage overlap,APPROVED,1:Shopper Behavior,,,The percentage of customers buying different product groups.
,plan size,APPROVED,10:Assortment Deep Dive,,,The different sizes of assortment to reflect the different sizes of mod.
,previous period,APPROVED,1:Shopper Behavior,,,Total Sales for the previous time period for your target brand.
,price effect,APPROVED,1:Shopper Behavior,,,"This metric allows you to understand the evolution of product pricing within a product group, excluding any impact from changes to the product mix.To do so, we take the Sales (Value and Units) of individual continuous- selling products to calculate the change in the normalized average price of a product group, between two time periods."
,price sensitive,APPROVED,10:Assortment Deep Dive,,,"A customer segmentation that includes customers that tend to buy products that are, on average, priced lower on a unit basis or on a price per volume basis across all categories in the store."
,primary product category,APPROVED,1:Shopper Behavior,,,"All the products specified in the tailored report. For example, this could be a whole product category, such as laundry detergents."
,product aggregation,APPROVED,10:Assortment Deep Dive,,,The grouping of similar SKUs so that they are treated as a single product in the report.
,product group loyalty,APPROVED,1:Shopper Behavior,,,"Segments product group shoppers based on their Loyalty, which is defined by a combination of Share of Requirements and Category Transactions. Ranges from Champions (high Share of Requirements and high Category Visits) to Non-Brand (category shoppers with zero purchases in the Focus Product Group)"
,product group spend,APPROVED,1:Shopper Behavior,,,"Segments product group shoppers based on Spend percentiles, ranging from low spenders to high spenders. Percentile cutoffs are automatically created by the report"
,product group units,APPROVED,1:Shopper Behavior,,,"Segments product group shoppers based on Unit percentiles, ranging from low spenders to high spenders. Percentile cutoffs are automatically created by the report"
,product penetration,APPROVED,1:Shopper Behavior,,,The percentage of primary universe baskets that also contain the secondary item/group.
,product sales,APPROVED,1:Shopper Behavior,,,Total spend on the selected product or product group in the selected period.
,product target,APPROVED,10:Assortment Deep Dive,,,"The target number of products to be recommended by the add order algorithm. Product targets are defined at the lowest hierarchy level you've imported. For example, if you've created store groups or imported plan sizes, product targets will be defined at that lower level."
,products per transaction,APPROVED,1:Shopper Behavior,,,Total number of transactions that contained a specific number of the promotional product divided by the total number of transactions that contained any number of the promotional product. This is calculated for the selected period.
,purchase cycle,APPROVED,1:Shopper Behavior,,,"The median number of days between customer purchases. This is calculated for the selected product, segment, and period."
,quantity per basket,APPROVED,1:Shopper Behavior,,,The average number of units sold of the selected product or product group for each transaction that contained the selected product or product group.
,repeat rate,APPROVED,1:Shopper Behavior;10:Assortment Deep Dive,,,"In Assortment Deep Dive, this is the number of customers purchasing the product on at least two visits."
,repeat rate %,APPROVED,10:Assortment Deep Dive,,,"In Shopper Behavior, this is the number of customers purchasing the product on at least two visits, as a percentage of total customers purchasing the product at least once during the selected period. This is calculated for the selected period, geography, and profile.In Assortment Deep Dive, this is the percent of customers who purchased the product or product group more than once as a proportion of the total number of customers who purchased the selected product or product group and also made at least 2 purchases in the category."
,repeaters,APPROVED,1:Shopper Behavior,,,"In Shopper Behavior, this is the number of Customers who purchased the product more than once."
,repeaters 2,APPROVED,1:Shopper Behavior,,,Total number of customers who purchased the product exactly twice.
,repeaters 2 %,APPROVED,1:Shopper Behavior,,,Number of customers who purchased the product two times exactly as a percentage of the total number of customers who purchased from the product group.
,repeaters 3+,APPROVED,1:Shopper Behavior,,,Total number of customers who purchased the product three times or more.
,repeaters 3+ %,APPROVED,1:Shopper Behavior,,,"The percent of customers who purchased the product or product group more than once as a proportion of the total number of customers who purchased the selected product or product group. This is calculated for the selected period, geography, and profile."
,repeaters – 2 transactions,APPROVED,1:Shopper Behavior,,,Total number of customers who purchased the product exactly twice.
,repeaters – 3+ transactions,APPROVED,1:Shopper Behavior,,,Total number of customers who purchased the product three times or more.
,repertoire customers,APPROVED,1:Shopper Behavior,,,Number of customers that bought the analysis product as well as a product from the selected universe.
,retailer customers,APPROVED,1:Shopper Behavior,,,Total number of unique customers who purchased from the retailer.
,retailer transactions,APPROVED,1:Shopper Behavior,,,Total number of retailer transactions. This is calculated for the selected period.
,retained sales,APPROVED,1:Shopper Behavior,,,Total product group spend in the post period by existing customers that was retained from the pre period.
,reverse substitute score,APPROVED,10:Assortment Deep Dive,,,A percentage that represents how likely a customer is to buy the selected product instead of its substitute.
,sales,APPROVED,1:Shopper Behavior,,,"The amount that identifiable customers have spent on the selected products in the selected time period, includes discounts where available but does not include taxes or shipping charges. See also: sales value."
,sales growth per store per week,APPROVED,1:Shopper Behavior,,,Shows the change in sales of the product or product group compared to the previous period. This metric is normalized by number of stores and weeks that the product or product group sold in. It is also benchmarked against the category to adjust for change in category dynamics between the two periods.
,sales lost (sourced) to other brands,APPROVED,1:Shopper Behavior,,,"Total of actual lost sales minus the sales loss that was above expected sales loss and the sales that were retained, between two periods."
,sales per store,APPROVED,1:Shopper Behavior,,,Total spend on the selected product group divided by the number of stores selling the selected product group. This is calculated for the selected period.
,sales repeat,APPROVED,1:Shopper Behavior,,,"The sales value that was retained between previous and latest sales periods. For example, if I spend $100 on the target brand in the previous period and then $50 in the latest period, I repeated $50 of my spend. Conversely, if I spend $50 in the previous period and $100 in the latest period, I also repeated $50 of my spend."
,sales units,APPROVED,1:Shopper Behavior;10:Assortment Deep Dive,,,Total number of units sold for the selected product or product group in the selected period.
,sales units %,APPROVED,1:Shopper Behavior,,,The percent of units sold from the primary product universe by segment within the selected time period.
,sales value,APPROVED,1:Shopper Behavior;10:Assortment Deep Dive,,,"The amount that identifiable customers have spent on the selected products in the selected time period, includes discounts where available but does not include taxes or shipping charges."
,sales value %,APPROVED,1:Shopper Behavior,,,The percent of sales of items from the primary product universe by segment within the selected time period.
,share of requirements,APPROVED,1:Shopper Behavior,,,"Total spend on the analysis product/product group divided by the total spend by the analysis product/product group customers in the category. This is calculated for the selected customer and time periods. For example, brand A customers spend $30 on brand A and their total category spend is $100. The share of requirement for brand A is 30/100, which is 30%."
,share of requirements (units),APPROVED,1:Shopper Behavior,,,"Total units purchased of the analysis product/product group divided by the total units purchased by the analysis product/product group customers in the category. This is calculated for the selected customer segments and time periods. For example, brand A customers purchase 30 units of brand A and their total category purchase is 100 units. The share of requirement for brand A is 30/100, which is 30%."
,share of requirements (value),APPROVED,1:Shopper Behavior,,,"Total spend on the analysis product/product group divided by the total spend by the analysis product/product group customers in the category. This is calculated for the selected customer and time periods. For example, brand A customers spend $30 on brand A and their total category spend is $100. The share of requirement for brand A is 30/100, which is 30%."
,share of wallet % (units),APPROVED,1:Shopper Behavior,,,Unit sales of product/product group as a percentage of the total category unit sales during the sale of the product.
,share of wallet % (value),APPROVED,1:Shopper Behavior,,,Cash sales of product/product group as a percentage of the total category cash sales during the sale of the product.
,share of wallet (sales units),APPROVED,10:Assortment Deep Dive,,,"Also known as share of requirements (units). A measure of loyalty to an item, also known as category share of requirements. It represents the total units of the product sold as a percentage of the total category units bought by customers who also bought the product at least once during the selected period. This measure only includes customers who shopped the category twice or more during the selected period.total units of the product sold ÷ total category units bought by customers who also bought the product at least once"
,share of wallet (sales value),APPROVED,10:Assortment Deep Dive,,,"Also known as share of requirements (cash). A measure of loyalty to an item, also known as category share of requirements. It represents the total units of the product sold as a percentage of the total category units bought by customers who also bought the product at least once during the selected period.total spend on the product ÷ total category spend by customers who shopped the category at least twice"
,significance,APPROVED,1:Shopper Behavior,,,The percentage of baskets that contain the secondary universe group and the focus group.
,solus customers,APPROVED,1:Shopper Behavior,,,Number of customers that bought the analysis product only.
,sourced by sales,APPROVED,1:Shopper Behavior,,,Total product group spend in the post period minus above expected product group spend that was lost from the category and retained between the two periods. This is calculated for existing customers only.
,sourced sales,APPROVED,1:Shopper Behavior,,,Sales on the new product group in the post launch period that have been sourced from the rest of the category.
,spend per customer,APPROVED,1:Shopper Behavior,,,The average amount spent per customer on the selected product/product group. This is calculated for the selected period.
,spend per loyal customer,APPROVED,1:Shopper Behavior,,,"The average amount spent per loyal customer on the selected product/product group. This is calculated for the selected period, geography, and profile."
,spend per transaction,APPROVED,1:Shopper Behavior,,,The average spend on the selected product/product group for all baskets that contained the selected product group. This is calculated for the selected period.
,store group,APPROVED,10:Assortment Deep Dive,,,"A group of stores that will receive the same assortment recommendations based on the retailer’s decision to group them based on their similarity or shared characteristics, such as region, market or store size. The science will review sales and customer performance across stores in each group. So the more stores and transactions a group has, the more robust the reporting will be. Store groups may also be referred to as store clusters."
,store status,APPROVED,1:Shopper Behavior,,,"Splits the stores selling the selected product or product group into three statuses according to their performance. The three statuses are poor, average, and good. Also known as store classification."
,stores selling,APPROVED,1:Shopper Behavior;10:Assortment Deep Dive,,,"Total number of stores that sold the selected product or product group. In most Shopper Behavior reports, this is calculated for the selected period. In the Assortment report and in Assortment Deep Dive, this is calculated over the last 8 weeks of your selected time period."
,substitute score,APPROVED,10:Assortment Deep Dive,,,"The likelihood of a customer buying the substitute instead of the selected product. This number will vary from product to product and from category to category. Generally, categories with a wide assortment will see lower substitute scores across the board. This is because customers have many substitutes to choose from."
,target brand,APPROVED,1:Shopper Behavior,,,The new product or product group that was analyzed.
,target customers,APPROVED,1:Shopper Behavior,,,Customers who purchased the product or product group in the post period.
,total brand sales change,APPROVED,1:Shopper Behavior,,,Target customer group overall loyalty spend change. Latest period vs previous period.
,total customers substituting,APPROVED,10:Assortment Deep Dive,,,Total number of customers who substituted the selected product with any other product in the category during the selected period. This is the customer base that Assortment Deep Dive uses to calculate the product's top substitutes.
,total customers substituting %,APPROVED,10:Assortment Deep Dive,,,Total number of customers who substituted the product as a percentage of total product customers who have also purchased the category on multiple occasions in the selected period. This percentage is only relevant within a category. It is a relative metric of how common customers of a product will switch to another product in the category.
,total recommendation,APPROVED,10:Assortment Deep Dive,,,"A column in the Customer Priority report. This is an initial recommendation of which products should be in or out of the assortment. It compares the add order of a product and the assortment product target. For example, if there are 200 products in the assortment and there is product target of 180, Assortment Deep Dive will recommend that the first 180 products in the add order are ‘In’ and the bottom 20 products are ‘Out.’ After the initial ‘In’ or ‘Out’ recommendation, you can override the recommendation to ‘Force In’ or ‘Force Out’ a product. Assortment will then re-calculate which of the remaining products would be recommended ‘In’ or ‘Out’ based on the original product target."
,total retailer customers,APPROVED,1:Shopper Behavior,,,Total number of customers who shopped at the retailer within the selected period and are traceable.
,total retailer transactions,APPROVED,1:Shopper Behavior,,,Total number of transactions at the retailer within the selected period.
,"total sales (split by new to category, existing category)",APPROVED,1:Shopper Behavior,,,Total product or product group sales purchased by the selected customer classification.
,total sales (units),APPROVED,1:Shopper Behavior,,,Total number of units sold for the selected product or product group in the selected period.
,total sales - post period,APPROVED,1:Shopper Behavior,,,Total product or product group sales purchased by all customer segments. This is calculated for the post period.
,total sales - pre period,APPROVED,1:Shopper Behavior,,,Total product or product group sales purchased by all customer segments. This is calculated for the pre period.
,total sales in store vs store attribute,APPROVED,1:Shopper Behavior,,,The percentage of stores with an attribute as a proportion of the total number of stores.
,total sales repeat,APPROVED,1:Shopper Behavior,,,"The sales value that was retained between previous and latest sales periods. For example, if I spend $100 on the target brand in the previous period and then $50 in the latest period, I repeated $50 of my spend. Conversely, if I spend $50 in the previous period and $100 in the latest period, I also repeated $50 of my spend."
,total units repeat,APPROVED,1:Shopper Behavior,,,"The sales units that were retained between previous and latest sales periods. For example, if I purchase 10 units of the target brand in the previous period and then five units in the latest period, I repeated five of my units. Conversely, if I purchase five units in the previous period and 10 units in the latest period, I also repeated five of my units."
,traceable,APPROVED,1:Shopper Behavior,,,Traceable payment tenders that can be traced to behavioral data. All data in Shopper Behavior is aggregated and anonymous. At no point is any data specific to an individual customer or household accessible to user of Shopper Behavior.
,transaction penetration,APPROVED,1:Shopper Behavior,,,"Total number of transactions that contained the selected product group divided by the total number of unique transactions at the retailer level. This is calculated for the selected period, geography, and profile."
,transactions,APPROVED,1:Shopper Behavior,,,The number of transactions that contained the selected product or product group. This is calculated for the selected period.
,transactions %,APPROVED,1:Shopper Behavior,,,The percentage of transactions that contained the selected product as a proportion of the total number of transactions that contained an item from the same product group.
,transactions per customer,APPROVED,1:Shopper Behavior,,,"Total number of unique transactions that contained the selected product group divided by the total number of unique customers who purchased the selected product group. This is calculated for the selected period, geography, and profile."
,transferred sales,APPROVED,1:Shopper Behavior,,,Sales moved from elsewhere in the category to the focus group.
,transferred sales %,APPROVED,1:Shopper Behavior,,,Sales moved from elsewhere in the category to the focus group.
,transferred sales group,APPROVED,1:Shopper Behavior,,,Sales moved from elsewhere in the category to the focus group.
,trial penetration,APPROVED,1:Shopper Behavior,,,The percentage of customers (in stores where the product was sold) who purchased the selected product during the selected time period.
,trialists,APPROVED,1:Shopper Behavior,,,"Unique customers who purchased the selected product or product group one time only. This is calculated for the selected period, geography, and profile."
,trialists %,APPROVED,1:Shopper Behavior,,,Number of customers who purchased products from the selected promotion once only as a percentage of the total number of customers who purchased products from the selected promotion.
,trialists – 1 transaction,APPROVED,1:Shopper Behavior,,,"Unique customers who purchased the selected product or product group one time only. This is calculated for the selected period, geography, and profile."
,unclassified,APPROVED,1:Shopper Behavior,,,Unclassified are traceable payment tenders that have not been identified to a customer and/or have not been classified to a segmentation or attribute.
,ungrouped products,APPROVED,10:Assortment Deep Dive,,,"A product without enough data available to calculate its substitutes. Also called Orphans. Ungrouped products will appear in a decision tree, inside a need state called ‘Ungrouped products’ and will need to be manually placed in another need state or excluded from the analysis."
,unique products,APPROVED,10:Assortment Deep Dive,,,Products which have very low substitutability and few (if any) substitutes.
,unit share,APPROVED,1:Shopper Behavior,,,Percentage of product/brand units sold in the selected time period out of the total product/brand units sold. This is calculated for the selected products or product groups in the report.
,unit share of requirements (adjusted (rank),APPROVED,1:Shopper Behavior,,,"Total units purchased of the analysis product/product group divided by the total units purchased by the analysis product/product group customers in the category. This is calculated for the selected customer segments and time periods. For example, brand A customers purchase 30 units of brand A and their total category purchase is 100 units. The share of requirement for brand A is 30/100, which is 30%."
,units,APPROVED,1:Shopper Behavior,,,Total number of units sold for the selected product or product group in the selected period.
,units per customer,APPROVED,1:Shopper Behavior,,,The average number of units purchased by each customer.
,units per store,APPROVED,1:Shopper Behavior,,,Total number of units sold for the selected product or product group divided by the number of stores that sold the selected product or product group. This is calculated for the selected period.
,units per transaction,APPROVED,1:Shopper Behavior,,,The average number of units sold of the selected product or product group for each transaction that contained the selected product or product group.
,universe (primary and secondary),APPROVED,1:Shopper Behavior,,,All products selected in the report. Primary universe is all the products selected in the focus group. Secondary universe is the rest of the universe used as a comparison to the primary universe.
,up market,APPROVED,10:Assortment Deep Dive,,,"A customer segmentation that includes customers that tend to buy products that are, on average, priced higher on a unit basis or on a price per volume basis across all categories in the store. This group of customers spend more on higher priced products than other customers."
,upweighted sales,APPROVED,1:Shopper Behavior,,,Total spend on the selected product group with the selected period divided by ACV weighted ROS (distribution).
,upweighted units,APPROVED,1:Shopper Behavior,,,Total number of units sold for the selected product group divided by ACV weighted ROS (distribution).
,walmart calendar YTD,APPROVED,1:Shopper Behavior;10:Assortment Deep Dive,,,"The Walmart YTD Calendar begins in February and ends in January. The calendar week containing February 1st will be Walmart Week 1. Unless February 1st is a Saturday, Wal-Mart Week 1 will contain days from the calendar month of January. The Walmart calendar follows the same pattern every year in the number of WM Weeks per WM Month. It's a 4-5-4 pattern. February is always four weeks, March is always five weeks, and April is always four weeks. This pattern repeats three times for the rest of the year."
,weekly cumulative,APPROVED,1:Shopper Behavior,,,The number of transactions made by customers to the product or brand up to and including the current week.
,weekly sales per store (units),APPROVED,10:Assortment Deep Dive,,,Average weekly number of units of the product sold per store during the selected period.
,weekly sales per store (value),APPROVED,10:Assortment Deep Dive,,,Average weekly sales value of the product sold per store during the selected period.
,weekly total,APPROVED,1:Shopper Behavior,,,Transactions made by customers that include the product or brand in a specific week.
,weeks on sale,APPROVED,1:Shopper Behavior;10:Assortment Deep Dive,,,Total number of weeks that the selected product or product group was sold for. This is calculated for the selected period.
,weeks since last sale,APPROVED,10:Assortment Deep Dive,,,Number of weeks since the product was sold in any store.
,ATC to In-store Purchase Count,APPROVED,6:Digital Landscapes,,,"The number of add-to-carts (ATC) on Walmart’s online platforms, including Walmart.com and the Walmart Mobile App, for which an in-store purchase of the related product occurs within 7 days, and no online purchase of the product is made during that same period.aThe number of add-to-carts (ATC) on Walmart’s online platforms, including Walmart.com and the Walmart Mobile App, for which an in-store purchase of the related product occurs within 7 days, and no online purchase of the product is made during that same period."
,ATC to In-store Purchase Rate,APPROVED,6:Digital Landscapes,,,"The percentage of add-to-carts (ATC) on Walmart’s online platforms, including Walmart.com and the Walmart Mobile App, for which an in-store purchase of the related product occurs within 7 days, and no online purchase of the product is made during that same period."
,PDP View to In-store Purchase Count,APPROVED,6:Digital Landscapes,,,"The number of product detail page (PDP) views on Walmart’s online platforms, including Walmart.com and the Walmart Mobile App, for which an in-store purchase of the related product occurs within 7 days, and no online purchase of the product is made during that same period."
,Search to In-store Purchase Count,APPROVED,6:Digital Landscapes,,,"The number of times an item has appeared in search results on Walmart’s online platforms, including Walmart.com and the Walmart Mobile App, for which an in-store purchase of the related product occurs within 7 days, and no online purchase of the product is made during that same period."
,Category repeaters,APPROVED,10:Assortment Deep Dive,,,Number of product customers purchasing the category in at least two transactions.
,Category repeaters %,APPROVED,10:Assortment Deep Dive,,,"Product customers purchasing the category in at least two transactions, as a percentage of total customers who bought the product at least once during the selected period."
,One and Done,APPROVED,10:Assortment Deep Dive,,,Total number of customers who purchased the selected product just once and did not make any other category purchases in your selected time frame.
,One and Done %,APPROVED,10:Assortment Deep Dive,,,One and Done customers as a percentage of all customers purchasing the selected product in the selected time frame.
,Other income indicator,APPROVED,3:Cloud Feeds,,,Indicates if the item is assigned a specific GL account in the company master item file. This is used to route the income on specific items to GL accounts other than the default top-line sales accounts. This is not just used for income – it is also used for things like tax liabilities.
,AUTH Based Kit Auth Quantity-Last Year,APPROVED,3:Cloud Feeds;5:BI Link;13:Report Builder,,,"This is the authorized quantity of the kit - will be less than 1 for individual lines. For example, if a virtual pack of 2 cans of soda is sold, there will be 2 lines in COIM, each with plcd_qty = 1 for 1 can of soda. kit_comp_qty will be 2, and kit_auth_qty will be 0.5"
,AUTH Based Kit Auth Quantity-This Year,APPROVED,3:Cloud Feeds;5:BI Link;13:Report Builder,,,"This is the authorized quantity of the kit - will be less than 1 for individual lines. For example, if a virtual pack of 2 cans of soda is sold, there will be 2 lines in COIM, each with plcd_qty = 1 for 1 can of soda. kit_comp_qty will be 2, and kit_auth_qty will be 0.5"
,AUTH Based Kit Cancel Quantity-Last Year,APPROVED,3:Cloud Feeds;5:BI Link;13:Report Builder,,,"Units for virtual packs are split across lines. This is the cancelled quantity of the kit - will be less than 1 for individual lines. For example, if a virtual pack of 2 cans of soda is sold and cancelled, there will be 2 lines in COIM, each with cncl_qty = 1 for 1 can of soda (assuming no cancellation). kit_comp_qty will be 2, and kit_cncl_qty will be 0.5"
,AUTH Based Kit Cancel Quantity-This Year,APPROVED,3:Cloud Feeds;5:BI Link;13:Report Builder,,,"Units for virtual packs are split across lines. This is the cancelled quantity of the kit - will be less than 1 for individual lines. For example, if a virtual pack of 2 cans of soda is sold and cancelled, there will be 2 lines in COIM, each with cncl_qty = 1 for 1 can of soda (assuming no cancellation). kit_comp_qty will be 2, and kit_cncl_qty will be 0.5"
,AUTH Based Kit Net Cancel Quantity-Last Year,APPROVED,3:Cloud Feeds;5:BI Link;13:Report Builder,,,"Units for virtual packs are split across lines. This is the quantity of the kit, net of cancellations - will be less than 1 for individual lines. For example, if a virtual pack of 2 cans of soda is sold, there will be 2 lines in COIM, each with net_cncl_qty = 1 for 1 can of soda (assuming no cancellation). kit_comp_qty will be 2, and kit_net_cncl_qty will be 0.5"
,AUTH Based Kit Net Cancel Quantity-This Year,APPROVED,3:Cloud Feeds;5:BI Link;13:Report Builder,,,"Units for virtual packs are split across lines. This is the quantity of the kit, net of cancellations - will be less than 1 for individual lines. For example, if a virtual pack of 2 cans of soda is sold, there will be 2 lines in COIM, each with net_cncl_qty = 1 for 1 can of soda (assuming no cancellation). kit_comp_qty will be 2, and kit_net_cncl_qty will be 0.5"
,AUTH Based Return Refund Full Quantity-Last Year,APPROVED,13:Report Builder,,,This is the authorized quantity either returned or fully refunded.
,AUTH Based Return Refund Full Quantity-This Year,APPROVED,13:Report Builder,,,This is the authorized quantity either returned or fully refunded.
,Appointment Create Timestamp,APPROVED,13:Report Builder,,,"The timestamp of when the appointment was created, shown in Central Standard Time (CST)."
,Auth Based Kit Authorized Quantity,APPROVED,3:Cloud Feeds;5:BI Link;13:Report Builder,,,"This is the authorized quantity of the kit - will be less than 1 for individual lines. For example, if a virtual pack of 2 cans of soda is sold, there will be 2 lines in COIM, each with plcd_qty = 1 for 1 can of soda. kit_comp_qty will be 2, and kit_auth_qty will be 0.5"
,Auth Based Kit Cancelled Quantity,APPROVED,3:Cloud Feeds;5:BI Link;13:Report Builder,,,"Units for virtual packs are split across lines. This is the cancelled quantity of the kit - will be less than 1 for individual lines. For example, if a virtual pack of 2 cans of soda is sold and cancelled, there will be 2 lines in COIM, each with cncl_qty = 1 for 1 can of soda (assuming no cancellation). kit_comp_qty will be 2, and kit_cncl_qty will be 0.5"
,Auth Based Kit Net Cancelled Quantity,APPROVED,3:Cloud Feeds;5:BI Link;13:Report Builder,,,"Units for virtual packs are split across lines. This is the quantity of the kit, net of cancellations - will be less than 1 for individual lines. For example, if a virtual pack of 2 cans of soda is sold, there will be 2 lines in COIM, each with net_cncl_qty = 1 for 1 can of soda (assuming no cancellation). kit_comp_qty will be 2, and kit_net_cncl_qty will be 0.5"
,Auth Based Return/Refund Full Quantity,APPROVED,3:Cloud Feeds,,,This is the authorized quantity either returned or fully refunded.
,Backroom Adjustment Cost Amount,APPROVED,13:Report Builder,,,Total cost of adjusted inventory broken out by Type Code and Type Description.
,Backroom Inventory Adjustment Type Description,APPROVED,13:Report Builder,,,"Description of the Inventory Adjustment Type Codes. Valid values include:DAMAGED BKRM, STOLEN BKRM, SHORTAGE BKRM, INV REDUCTION BKRM, INV INCREASE BKRM, SNACK BAR SPOIL BKRM, VENDING MACHINE BKRM, STORE USE"
,Catman User ID,APPROVED,3:Cloud Feeds,,,Category Manager User ID
,Collect Late Vendor Pack Quantity,APPROVED,13:Report Builder,,,Number of vendor pack quantity in Collect Late accountability bucket.
,Collect Supplier Owned COGS,APPROVED,13:Report Builder,,,Cost of goods for collect non-compliant vendor pack quantity
,Collect Unscheduled Vendor Pack Quantity,APPROVED,13:Report Builder,,,Number of vendor pack in Collect Unscheduled accountability bucket.
,Delivered Amount,APPROVED,3:Cloud Feeds,,,"This is Total PO Line Amount Calculated from Actual PO quantity, weight, unit price."
,Kit Catalog Item Identifier,APPROVED,3:Cloud Feeds;5:BI Link;13:Report Builder,,,Catalog Item ID (Product identifier) for the KIT
,Kit Component Quantity,APPROVED,3:Cloud Feeds;5:BI Link;13:Report Builder,,,"Number of component units in kit. For example, for virtual packs, this will be the number of units of the underlying item in the virtual pack."
,Kit Type Name,APPROVED,3:Cloud Feeds;5:BI Link;13:Report Builder,,,"Name of the product kit type. E.G.CHOICE_BUNDLE, INFLEXIBLE_KIT, NON_CONFIG, Unknown"
,Kit Type Parent Name,APPROVED,3:Cloud Feeds;5:BI Link;13:Report Builder,,,"Parent type of kit that an item is. Kit parent type is the same as kit type except for kit parent type = HARDBUNDLE (kit types NONCONFIG, MULTIBOX, WIRELESS). If multiple parent types, values are pipe delimited. Kit parent types: CAREPLAN, HOME_SERVICE, BUY_TOGETHER_VALUE, ACC_SERVICE, VIRTUAL_PACK, CHOICE_BUNDLE, INFLEXIBLE_KIT, HARDBUNDLE"
,Mecrhandise Style Code,APPROVED,3:Cloud Feeds,,,A code to represent the merchandise style. This needs to be generated from unique values in the Merchandise Style Description.
,Mecrhandise Style Description,APPROVED,3:Cloud Feeds,,,"The Merchandise Style is how the product is presented to the customer. Examples include tray, case, units."
,Merchanside Style Case Unit Quantity,APPROVED,3:Cloud Feeds,,,"The number of units in a ""case"" merchandising style."
,Modular Store Expiry Date,APPROVED,13:Report Builder,,,This will hold the date for when the Modular plan is taken off on that store. This will be the date for when last UPC on that Mod plan is taken off at the store.
,National Forecast Quantity-Last Year,APPROVED,13:Report Builder,,,Forecast Quantity for any given item at the national level.
,National Forecast Quantity-Last Year EOP,APPROVED,13:Report Builder,,,Forecast Quantity for any given item at the national level.
,National Forecast Quantity-This Year,APPROVED,13:Report Builder,,,Forecast Quantity for any given item at the national level.
,National Forecast Quantity-This Year EOP,APPROVED,13:Report Builder,,,Forecast Quantity for any given item at the national level.
,National On Hand Quantity-Last Year,APPROVED,13:Report Builder,,,On Hand Quantity of any given item at the national level.
,National On Hand Quantity-Last Year EOP,APPROVED,13:Report Builder,,,On Hand Quantity of any given item at the national level.
,National On Hand Quantity-This Year,APPROVED,13:Report Builder,,,On Hand Quantity of any given item at the national level.
,National On Hand Quantity-This Year EOP,APPROVED,13:Report Builder,,,On Hand Quantity of any given item at the national level.
,Node Forecast Quantity-Last Year,APPROVED,13:Report Builder,,,Forecast Quantity for any given item at the node level.
,Node Forecast Quantity-Last Year EOP,APPROVED,13:Report Builder,,,Forecast Quantity for any given item at the node level.
,Node Forecast Quantity-This Year,APPROVED,13:Report Builder,,,Forecast Quantity for any given item at the node level.
,Node Forecast Quantity-This Year EOP,APPROVED,13:Report Builder,,,Forecast Quantity for any given item at the node level.
,Node On Hand Quantity-Last Year,APPROVED,13:Report Builder,,,On Hand Quantity of any given item at the node level.
,Node On Hand Quantity-Last Year EOP,APPROVED,13:Report Builder,,,On Hand Quantity of any given item at the node level.
,Node On Hand Quantity-This Year,APPROVED,13:Report Builder,,,On Hand Quantity of any given item at the node level.
,Node On Hand Quantity-This Year EOP,APPROVED,13:Report Builder,,,On Hand Quantity of any given item at the node level.
,Omni AUR (Avg Unit Retail),APPROVED,13:Report Builder,,,Average Unit Retail (AUR) is the average retail price per unit sold for an item or group of items. Calculation: AUR = $'s / Units
,Order Amount,APPROVED,3:Cloud Feeds,,,"It is Total Amount for Order Line Calculated from weight, item price and ordered quantity."
,PO Event Abbreviation,APPROVED,13:Report Builder,,,Event description associated with PO.
,Prepaid Early Vendor Pack Quantity,APPROVED,13:Report Builder,,,The number of vendor packs in Prepaid Early accountability bucket.
,Prepaid Late Vendor Pack Quantity,APPROVED,13:Report Builder,,,The number of vendor pack quantity in “Prepaid Late” accountability bucket.
,Purchase Status DescDescription,APPROVED,3:Cloud Feeds,,,"Description of the Purchase status: - Draft: A PO has been saved, but not submitted. For VMI PO Numbers that are assigned to a vendor but have not been utilized or archived. - Active: If a PO has been submitted, and any PO line is in ""Quality Hold"", ""Waiting for Approval"", ""Approved"", ""Partial Received"", or ""Received"" status. - Closed: If all PO lines are in ""Received"" and/or a ""Cancelled"" status. - Cancelled: The purchase order is cancelled. No quantity has been received for a PO line; the PO line can be cancelled. If all PO lines are in ""Cancelled"" Status, then the PO can be cancelled. - Settled: If all PO lines are in ""Settled"" or a combination of ""Settled"" and ""Cancelled"" status."
,Shipped Based Kit Auth Quantity-Last Year,APPROVED,3:Cloud Feeds;5:BI Link;13:Report Builder,,,"This is the authorized quantity of the kit that has been shipped, which may be less than 1 for individual lines. For instance, if a virtual pack of 2 cans of soda is sold, there will be 2 lines, each with a shipped quantity (plcd_qty) of 1 for 1 can of soda. The kit component quantity (kit_comp_qty) will be 2, and the shipped-based kit authorized quantity (shpd_based_kit_auth_qty) will be 0.5 for each line."
,Shipped Based Kit Auth Quantity-This Year,APPROVED,3:Cloud Feeds;5:BI Link;13:Report Builder,,,"This is the authorized quantity of the kit that has been shipped, which may be less than 1 for individual lines. For instance, if a virtual pack of 2 cans of soda is sold, there will be 2 lines, each with a shipped quantity (plcd_qty) of 1 for 1 can of soda. The kit component quantity (kit_comp_qty) will be 2, and the shipped-based kit authorized quantity (shpd_based_kit_auth_qty) will be 0.5 for each line."
,Shipped Based Kit Authorized Quantity,APPROVED,3:Cloud Feeds;5:BI Link;13:Report Builder,,,"This is the authorized quantity of the kit that has been shipped, which may be less than 1 for individual lines. For instance, if a virtual pack of 2 cans of soda is sold, there will be 2 lines, each with a shipped quantity (plcd_qty) of 1 for 1 can of soda. The kit component quantity (kit_comp_qty) will be 2, and the shipped-based kit authorized quantity (shpd_based_kit_auth_qty) will be 0.5 for each line."
,Shipped Based Kit Cancel Quantity-Last Year,APPROVED,3:Cloud Feeds;5:BI Link;13:Report Builder,,,"Units for virtual packs are split across lines. This is the cancelled quantity of the kit - will be less than 1 for individual lines. For example, if a virtual pack of 2 cans of soda is sold and cancelled, there will be 2 lines in COIM, each with cncl_qty = 1 for 1 can of soda (assuming no cancellation). kit_comp_qty will be 2, and kit_cncl_qty will be 0.5."
,Shipped Based Kit Cancel Quantity-This Year,APPROVED,3:Cloud Feeds;5:BI Link;13:Report Builder,,,"Units for virtual packs are split across lines. This is the cancelled quantity of the kit - will be less than 1 for individual lines. For example, if a virtual pack of 2 cans of soda is sold and cancelled, there will be 2 lines in COIM, each with cncl_qty = 1 for 1 can of soda (assuming no cancellation). kit_comp_qty will be 2, and kit_cncl_qty will be 0.5."
,Shipped Based Kit Cancelled Quantity,APPROVED,3:Cloud Feeds;5:BI Link;13:Report Builder,,,"Units for virtual packs are split across lines. This is the cancelled quantity of the kit - will be less than 1 for individual lines. For example, if a virtual pack of 2 cans of soda is sold and cancelled, there will be 2 lines in COIM, each with cncl_qty = 1 for 1 can of soda (assuming no cancellation). kit_comp_qty will be 2, and kit_cncl_qty will be 0.5."
,Shipped Based Kit Net Cancel Quantity-Last Year,APPROVED,3:Cloud Feeds;5:BI Link;13:Report Builder,,,"Units for virtual packs are split across lines. This is the quantity of the kit, net of cancellations - will be less than 1 for individual lines. For example, if a virtual pack of 2 cans of soda is sold, there will be 2 lines in COIM, each with net_cncl_qty = 1 for 1 can of soda (assuming no cancellation). kit_comp_qty will be 2, and kit_net_cncl_qty will be 0.5"
,Shipped Based Kit Net Cancel Quantity-This Year,APPROVED,13:Report Builder,,,"Units for virtual packs are split across lines. This is the quantity of the kit, net of cancellations - will be less than 1 for individual lines. For example, if a virtual pack of 2 cans of soda is sold, there will be 2 lines in COIM, each with net_cncl_qty = 1 for 1 can of soda (assuming no cancellation). kit_comp_qty will be 2, and kit_net_cncl_qty will be 0.5"
,Shipped Based Kit Net Cancelled Quantity,APPROVED,3:Cloud Feeds,,,"Units for virtual packs are split across lines. This is the quantity of the kit, net of cancellations - will be less than 1 for individual lines. For example, if a virtual pack of 2 cans of soda is sold, there will be 2 lines in COIM, each with net_cncl_qty = 1 for 1 can of soda (assuming no cancellation). kit_comp_qty will be 2, and kit_net_cncl_qty will be 0.5"
,Shipped Based Return Refund Full Quantity-Last Year,APPROVED,13:Report Builder,,,This is the shipped quantity either returned or fully refunded.
,Shipped Based Return Refund Full Quantity-This Year,APPROVED,13:Report Builder,,,This is the shipped quantity either returned or fully refunded.
,Shipped Based Return/Refund Full Quantity,APPROVED,3:Cloud Feeds,,,This is the shipped quantity either returned or fully refunded.
,Store Received Warehouse Pack Eaches,APPROVED,13:Report Builder,,,The number of eaches received at the store from warehouse packs
,User Type Name,APPROVED,3:Cloud Feeds,,,Allows users to identify if the custom attribution for a UPC belongs to the Supplier or to the Category Advisor.
,Visit UTC date,APPROVED,3:Cloud Feeds,,,The calendar date per UTC time that the register transaction took place.
,Warehouse Received Weight Quantity,APPROVED,13:Report Builder,,,Weight of the merchandise received. Part of the variable weight project. Sourced from the P1FSource:RCV_WT_QTYFrom WW_REPL_DL_TABLES.REPL_OMS_DC_RCVR_LINE
,eComm AUR (Avg Unit Retail),APPROVED,13:Report Builder,,,Average Unit Retail (AUR) is the average retail price per unit sold for an item or group of items. Calculation: AUR = $'s / Units
,Sales – Cash,APPROVED,13:Report Builder,,,This is the total sales amount(tender amount) where the customer paid using cash.
,Sales – Check/Debit,APPROVED,13:Report Builder,,,This is the total sales amount(tender amount) where payment was made using checks or debit cards.
,Sales – Credit,APPROVED,13:Report Builder,,,This is the total sales amount(tender amount) where payment was made using credit cards.
,Sales – Discount/Coupons,APPROVED,13:Report Builder,,,"This is the total sales amount(tender amount) associated with discounts, coupons, or promotional tenders applied during purchase."
,Sales – EBT/SNAP,APPROVED,13:Report Builder,,,This is the total sales amount(tender amount) where payment was made using EBT/SNAP (Electronic Benefits Transfer / Supplemental Nutrition Assistance Program).
,Sales – Government Tenders,APPROVED,13:Report Builder,,,"This is the total sales amount where the purchase was made using government-assisted tender types, such as WIC, EBT/SNAP, or other state/federal benefit programs."
,Sales – Other,APPROVED,13:Report Builder,,,"This is the total sales amount(tender amount) where payment was made using any other tender types not categorized above (e.g., gift cards, store credit, mobile wallets, etc.)."
,Sales – WIC,APPROVED,13:Report Builder,,,"This is the total sales amount(tender amount) where payment was made using WIC (Women, Infants, and Children program) benefits."
,Total eComm Auth Based Net Sales Amount - Last Year,APPROVED,13:Report Builder,,,"This is the total net sales amount generated from an item through all channels (such as Pick Up, Delivery, Ship to Home, etc.) excluding Buy In Store transactions. It includes only the sales amounts that were successfully authorized and fulfilled and excludes any revenue from units that were cancelled or returned. Note: for more details pls refer to AUTH Based Net Sales Amount."
,Total eComm Auth Based Net Sales Amount - This Year,APPROVED,13:Report Builder,,,"This is the total net sales amount generated from an item through all channels (such as Pick Up, Delivery, Ship to Home, etc.) excluding Buy In Store transactions. It includes only the sales amounts that were successfully authorized and fulfilled and excludes any revenue from units that were cancelled or returned. Note: for more details pls refer to AUTH Based Net Sales Amount."
,Date Hour,APPROVED,3:Cloud Feeds,,,One row in the table created per date hour
,Last Year EPC Tag Print Count,APPROVED,5:BI Link,,,"This is the number of EPC (Electronic Product Code) tags printed in the store, Last Year"
,On Hand Backroom Last Update Timestamp,APPROVED,3:Cloud Feeds,,,"Timestamp of the last onhand backroom event for specific gtin store, date hour"
,On Hand MFC Last Update Timestamp,APPROVED,3:Cloud Feeds,,,Timestamp of when MFC (Micro Fulfillment Center) inventory was last updated
,On Hand MFC Net Available Quantity,APPROVED,3:Cloud Feeds,,,"The portion of the Micro Fulfillment Center (MFC) On Hand Quantity that is actually available to fill new orders. This is calculated by subtracting any units already reserved, allocated, or otherwise committed (such as for pending customer orders or internal transfers) from the total On Hand MFC Quantity."
,On Hand MFC Quantity,APPROVED,3:Cloud Feeds,,,"The total number of units of a product physically on hand in the Micro Fulfillment Center (MFC) at a given time. This is simply the inventory counted as being in the MFC, regardless of whether it is reserved or allocated for orders. MFC inventory is kept separate from inventory that is used to stock the sales floor."
,On Hand Sales Floor Last Update Timestamp,APPROVED,3:Cloud Feeds,,,"Timestamp of the last on hand sales floor event for specific gtin store, date hour"
,On Hand Sales Floor Quantity,APPROVED,3:Cloud Feeds,,,"The total number of units of a product physically on the store sales floor at a given time. This inventory is counted separately from MFC and backroom inventory and will change based on stocking movement from the backroom, OPD picks, register sales, and other in store events."
,Sales Last Update Timestamp,APPROVED,3:Cloud Feeds,,,"Timestamp of the last sales event for specific gtin store, date hour"
,Scan Area Type Name,APPROVED,3:Cloud Feeds;5:BI Link;9:API Glossary,,,"Area of the store in which the product is located. This is specific to RFID tagging. Often it will diplay the full name of the scan area (e.g. Fashion, Batteries, Tires, etc); however, sometimes it may simply be designated as a lettered zone within the store (e.g. A, B, C, D)."
,This Year EPC Tag Print Count,APPROVED,5:BI Link,,,"This is the number of EPC (Electronic Product Code) tags printed in the store, This Year"
,ATC,APPROVED,6:Digital Landscapes,,,"Add to cart (ATC), also spelled add-to-cart, may refer to the act of adding a product to an online shopping cart or the 'Add to Cart' button on Walmart.com and the Walmart Mobile App."
,Buy Now Count,APPROVED,6:Digital Landscapes,,,"The number of Buy Nows for the selected products on Walmart.com and the Walmart Mobile App within the specified timeframe. These are purchases initiated directly from the product page or another source, without first adding the item to the cart."
,From Brand Page,APPROVED,6:Digital Landscapes,,,Internal non-search last-click traffic attribution from Brand Shop and Brand Shelf pages on Walmart.com or the Walmart Mobile App.
,From Browse,APPROVED,6:Digital Landscapes,,,"Internal non-search last-click traffic attribution from Regular Shelf, Manual Shelf, Master Browse (Uber Shelf), and Deals Pages on Walmart.com or the Walmart Mobile App. These product discovery pages tend to showcase a range of items within a specific niche.?"
,From Cart,APPROVED,6:Digital Landscapes,,,Internal non-search last-click traffic attribution from Cart pages on Walmart.com or the Walmart Mobile App. This typically includes the carousels and other recommended items on that page.
,From Checkout,APPROVED,6:Digital Landscapes,,,Internal non-search last-click traffic attribution from Checkout pages on Walmart.com or the Walmart Mobile App. This includes the deprecated “Did you miss any of these products?” carousel.
,From Content Page,APPROVED,6:Digital Landscapes,,,"Internal non-search last-click traffic attribution from Category Pages, unmanaged Brand Pages, and Service Pages (e.g., Auto Care, Gift Carts, Pets, etc.) on Walmart.com or the Walmart Mobile App."
,From Home Page,APPROVED,6:Digital Landscapes,,,Internal non-search last-click traffic attribution from the Home Page on Walmart.com or the Walmart Mobile App.
,From Internal Affiliate,APPROVED,6:Digital Landscapes,,,"Internal non-search last-click traffic attribution from Walmart-owned or partner-managed platforms that are part of the affiliate or seller ecosystem. This includes tracked links and referrals from sources such as goto.walmart.com, affil.walmart.com, business.walmart.com, walmart.geekseller.com, and seller.walmart.com."
,From My Items,APPROVED,6:Digital Landscapes,,,"Internal non-search last-click traffic attribution from Reorder pages on Walmart.com or the Walmart Mobile App. These pages provide a personalized, curated list of recommended items for signed-in customers, based on their past purchases and shopping behavior."
,From My List,APPROVED,6:Digital Landscapes,,,Internal non-search last-click traffic attribution from Lists and Registries pages on Walmart.com or the Walmart Mobile App. These pages are comprised lists of items saved by signed-in customers to easily access later and/or share with others.
,From My Subscription,APPROVED,6:Digital Landscapes,,,Internal non-search traffic attribution from Subscriptions pages on Walmart.com or the Walmart Mobile App.
,From Other Product Page,APPROVED,6:Digital Landscapes,,,Internal non-search last-click traffic attribution from the Product Detail Pages (PDPs) of products other than those specified on Walmart.com or the Walmart Mobile App.
,From Others,APPROVED,6:Digital Landscapes,,,Internal non-search last-click traffic attribution from any other internal pages not included in another classification on Walmart.com or the Walmart Mobile App. May also be labeled as Others Internal or Other.
,From PAC,APPROVED,6:Digital Landscapes,,,"Internal non-search last-click traffic attribution from Post Add to Cart (PAC) pages on to Walmart.com or the Walmart Mobile App. These are the pages shoppers are directed to immediately after adding products to their cart, typically confirming the action, and/or offering next steps like to checkout or continue shopping.?"
,From Product Page,APPROVED,6:Digital Landscapes,,,Internal non-search last-click traffic attribution from the Product Detail Pages (PDPs) of the specified products on Walmart.com or the Walmart Mobile App.
,From Purchase History,APPROVED,6:Digital Landscapes,,,Internal non-search last-click traffic attribution from Purchase History pages on Walmart.com or the Walmart Mobile App. These pages allow customers to review their previous in-store and online purchases.
,From Seller Page,APPROVED,6:Digital Landscapes,,,"Internal non-search last-click traffic attribution from Seller Pages not on Walmart.com or the Walmart Mobile App. These pages are automatically generated when sellers create referral links in the Seller Center, which can be shared and promoted across any platform."
,From Shop,APPROVED,6:Digital Landscapes,,,Internal non-search last-click traffic attribution from Rollbacks and Clearance pages on Walmart.com or the Walmart Mobile App.
,From Thankyou,APPROVED,6:Digital Landscapes,,,Internal non-search last-click traffic attribution from Thank You pages on Walmart.com or the Walmart Mobile App. These are the pages customers are directed to immediately after an order is placed.
,From Unknown,APPROVED,6:Digital Landscapes,,,Internal non-search last-click traffic attribution from pages that are blank or cannot reliably be identified.
,Previous Period Comparison,APPROVED,6:Digital Landscapes,,,"A metric that compares the values for selected data points (such as sales, visits, or conversions) during a specific time period to the values from the immediately preceding period of the same length. It helps you understand short-term changes and trends by showing how performance has shifted from one period to the next. Example: If you are looking at sales for March 2025, the Previous Period Comparison will show how those sales compare to February 2025 (if using monthly periods), or to the previous week if you are looking at weekly data."
,Web vs. App Comparison,APPROVED,6:Digital Landscapes,,,"A comparison of Walmart online platform metrics, split between Walmart.com and the Walmart Mobile App"
acct_nbr,Account Number,APPROVED,3:Cloud Feeds;5:BI Link;9:API Glossary,,item_attributes;item_dimensions,"It is the General Ledger (GL) code used to record financial transactions for specific items. Typically, each item is assigned to an Accounting Department Number, which is then converted into an account number. The format is usually 8xx, where ""xx"" represents the accounting department number."
acct_nbr_type_cd,Account Number Type Code,APPROVED,3:Cloud Feeds;5:BI Link;9:API Glossary,,item_attributes;item_dimensions,"It indicates the category of journal account associated with a specific account number. For example, it can represent:Department Sales Account: Typically formatted as a 3 followed by the department number, used for tracking sales by department.Other Income Account: Used for recording income from sources like gift cards, savings stamps, or lottery tickets.Service Income Account: Used for revenue from services, such as cell phone plans.Consumable Account: The General Ledger Account Number for supplies or consumable items. Normally, items are assigned to their Accounting Department Number, which translates to an account number in the 8xx series (where 'xx' is the department). Specifying the Consumable Account Number during item setup allows for more detailed expense tracking and removes the need for manual Merchandise Transfer Requests (MTRs) at the store level."
acct_nbr_type_desc,Account Number Type Description,APPROVED,3:Cloud Feeds;5:BI Link;9:API Glossary;13:Report Builder,omni_sales,item_attributes;item_dimensions,"It provides details about the kind of journal account associated with a specific account number.For example, it can represent:Department Sales Account: Identified by a 3 followed by the department number, used to track sales by department.Other Income Account: Used for recording revenue from sources like gift cards, savings stamps, or lottery tickets.Service Income Account: Used for income generated from services, such as cell phone plans.Consumable Account: The General Ledger Account Number assigned to consumable items (supplies). Typically, items are linked to their Accounting Department Number, which is converted to an 8xx account number (where 'xx' is the department). Entering the Consumable Account Number during item setup enables more detailed expense tracking and removes the need for manual Merchandise Transfer Requests (MTRs) at the store."
acctg_dept_desc,Accounting Department Description,APPROVED,3:Cloud Feeds;5:BI Link;9:API Glossary;13:Report Builder,custom_datasets;dc_metrics;ecomm_sales;future_valid_item_store;modular_plan_metrics;omni_otif;omni_sales;order_forecast;purchase_order;store_demand_forecast;store_markup_and_markdowns;store_sales_&amp;tender_analysis,item_attributes;item_dimensions;omni_otif,It provides details about the department responsible for the financial management of a merchandise ordering group. It describes a collection of related items that are grouped together for accounting and reporting purposes.
acctg_dept_nbr,Accounting Department Number,APPROVED,3:Cloud Feeds;5:BI Link;9:API Glossary;13:Report Builder,custom_datasets;dc_metrics;ecomm_sales;future_valid_item_store;modular_plan_metrics;omni_otif;omni_sales;order_forecast;purchase_order;store_demand_forecast;store_markup_and_markdowns;store_sales_&amp;tender_analysis,item_attributes;item_dimensions;omni_otif;otif_(decommissioned);purchase_order_alloc_order;purchase_order_line,This is the department number used for general accounting and the department number that sales and purchased are booked to.
accum_deal_amt,Accumulated Deal Amount,APPROVED,9:API Glossary,,coops,"It refers to the total monetary value accumulated for a deal or COOP (Cooperative Agreement) from its start date through its expiration date. For COOPs, which are billed monthly, this field tracks the running total of allowances to date. For deals, which are billed annually, the accumulated deal amount typically matches the total allowance amount for the year."
actn_takn_ts,Action Taken Time,APPROVED,3:Cloud Feeds;5:BI Link;9:API Glossary,,oms_po_details;purchase_order,This column is to hold the time stamp of when the approval or rejection happened by the Replenishment Manager.
actv_cd,Activity Code,APPROVED,3:Cloud Feeds;5:BI Link;9:API Glossary;13:Report Builder,custom_datasets;dc_metrics;ecomm_sales;future_valid_item_store;modular_plan_metrics;omni_otif;omni_sales;order_forecast;purchase_order;store_demand_forecast;store_markup_and_markdowns;store_sales_&amp;tender_analysis,item_attributes;item_dimensions,An activity code is a Y/N indicator which is determined by whether or not an item has had activity over the last two years. Values: Y = Item has had activity over the last two years.N = No Activity.
actv_desc,Activity Description,APPROVED,3:Cloud Feeds;5:BI Link;9:API Glossary;13:Report Builder,custom_datasets;dc_metrics;ecomm_sales;modular_plan_metrics;omni_otif;omni_sales;order_forecast;purchase_order;store_demand_forecast;store_markup_and_markdowns;store_sales_&amp,item_attributes;item_dimensions,"It provides details about the accounting department number, which is translated into an account number in the 8xx series (where 'xx' represents the specific accounting department). By entering the Consumable Account Number during item setup, expenses can be tracked in greater detail, eliminating the need for manual Merchandise Transfer Requests (MTRs) at the store level."
add_to_cart,Add to Cart,APPROVED,9:API Glossary,,omni_sales,"Tells the Client how many times the item was added to the cart. It is a measure of how visible the item is to the customer. If an item is getting high add-to-cart but low expected sales, then it may be an indicator that there are some factors hindering item conversion."
addr_cntry_cd,Address Country Code,APPROVED,3:Cloud Feeds;5:BI Link;9:API Glossary;13:Report Builder,custom_datasets;dc_metrics;ecomm_inventory;modular_plan_metrics;omni_otif;order_forecast;purchase_order;store_demand_forecast;store_markup_and_markdowns;store_sales_&amp,dc_dimensions;store_dimensions,"It is the International Organization for Standardization (ISO) standard code for the country.E.g., US, CA, CN, JP, etc."
adj_amt,Inventory Adjustment Amount,APPROVED,3:Cloud Feeds;9:API Glossary;13:Report Builder,custom_datasets;store_sales_&amp,inventory_adjustments,The total retail amount or the total cost amount for the adjusted on hand.
adj_amt,Inventory Adjustment Amount - Last Year,APPROVED,5:BI Link,,,Last Year total retail amount or the total cost amount for the adjusted on hand.
adj_amt,Inventory Adjustment Amount - This Year,APPROVED,5:BI Link,,,This Year total retail amount or the total cost amount for the adjusted on hand.
adj_create_ts,Adjustment Create Timestamp,APPROVED,9:API Glossary,,rfid_on_hand_adjustments,This is the recorded date and time when an inventory adjustment was created using RFID technology. It marks the exact moment the RFID system registered and processed the adjustment to inventory records.
adj_dt,Adjustment Date,APPROVED,3:Cloud Feeds;5:BI Link;9:API Glossary,,inventory_adjustments;rfid_on_hand_adjustments,The calendar date of the inventory adjustment.Format : YYYY-MM-DD
adj_qty,Adjustment Quantity,APPROVED,5:BI Link;9:API Glossary,,inventory_adjustments;rfid_on_hand_adjustments,The adjusted quantity recorded. It may be a positive (increase in the on-hand qty) or negative (decrease in the on-hand qty).
adj_qty,Inventory Adjustment Quantity,APPROVED,3:Cloud Feeds;13:Report Builder,custom_datasets;store_sales_&amp,,The adjusted quantity recorded.
aerosol_ind,Aerosol Indicator,APPROVED,3:Cloud Feeds;5:BI Link;9:API Glossary;13:Report Builder,ecomm_inventory;ecomm_sales;omni_sales,product_dimensions,This is an indicator which Identifies if an item contains compressed gas or propellant. Used to determine if the item is a Hazardous Waste.
affinity_basket_cnt,Affinity Basket Count,APPROVED,3:Cloud Feeds;5:BI Link;9:API Glossary,,item_affinity,Total number of transactions (baskets) for the Primary Item and Affinity Item for an item/week.
affinity_item_avg_rtl_amt,Average Retail Amount - Affinity Item,APPROVED,3:Cloud Feeds;5:BI Link;9:API Glossary,,item_affinity,Average Retail Amount for this affinity item/week. This amount is in Dollars.
affinity_wm_item_nbr,Affinity Walmart Item Number,APPROVED,3:Cloud Feeds;5:BI Link;9:API Glossary,,item_affinity,The Item number that is sold with the corresponding Item.
air_ind,Adjusted Instock Reporting Indicator,APPROVED,9:API Glossary,,out_of_stock_root_cause,"This indicator identifies whether a specific SKU is included in Adjusted Instock Reporting. AIR is specifically used for meat products in departments 93 and 94. For these items, inventory counts are updated with data from a secondary, later-arriving source that provides a more accurate inventory count than the initial inventory data (""first cut"") received earlier. By using this more precise, updated count, AIR helps ensure that instock reporting for meat products reflects the most current and reliable inventory information available."
ais_validation_flag,AIS Validation Flag,APPROVED,5:BI Link;9:API Glossary,omni_otif,omni_otif,This flag is used to identify the AIS (Alias of Inbound Visibility) removals.
alcohol_pct,Alcohol Percentage,APPROVED,3:Cloud Feeds;5:BI Link;9:API Glossary,,item_attributes;item_dimensions,This is the alcohol percentage of the product.
algn_eff_dt,Alignment Effective Date,APPROVED,3:Cloud Feeds;5:BI Link;9:API Glossary;13:Report Builder,custom_datasets;store_demand_forecast;store_sales_&amp,dc_alignment,This is the date that the warehouse is considered to be aligned with a store for this group of merchandise.
algn_exp_dt,Alignment Expiration Date,APPROVED,13:Report Builder,custom_datasets;store_demand_forecast;store_sales_&amp,,"This date marks the point at which a store is no longer linked to a particular distribution center(DC) for inventory, shipments, or operational purposes. After this date, the store will not receive goods or support from that DC under the previous alignment, and a new alignment may need to be established."
algn_exp_dt,Alignment expired date,APPROVED,3:Cloud Feeds;5:BI Link;9:API Glossary,,dc_alignment,The date on which an alignment from a store to a DC is no longer valid.
all_links_item_desc_1,All Links Item Description,APPROVED,3:Cloud Feeds;5:BI Link;9:API Glossary;13:Report Builder,custom_datasets;dc_metrics;ecomm_sales;future_valid_item_store;modular_plan_metrics;omni_otif;omni_sales;order_forecast;purchase_order;store_demand_forecast;store_markup_and_markdowns;store_sales_&amp,item_attributes;item_dimensions,The official product name or title used to identify an item in Walmart’s catalog and systems. This field is Item Desc 1 in Item 360 / iSam which are used for item creation.The All Links Item is used to link item configurations together for financial roll up across all channels.
all_links_item_nbr,All Links Item Number,APPROVED,3:Cloud Feeds;5:BI Link;9:API Glossary;13:Report Builder,custom_datasets;dc_metrics;ecomm_sales;future_valid_item_store;modular_plan_metrics;omni_otif;omni_sales;order_forecast;purchase_order;store_demand_forecast;store_markup_and_markdowns;store_sales_&amp,item_attributes;item_dimensions,"Unique numeric identifier created during item setup, it links item configurations (one or multiple Walmart Item Numbers) together for financial roll up across all channels"
all_links_mds_fam_id,All Links Store Item Id,APPROVED,3:Cloud Feeds;5:BI Link;9:API Glossary;13:Report Builder,custom_datasets;dc_metrics;modular_plan_metrics;omni_otif;omni_sales;order_forecast;purchase_order;store_demand_forecast;store_markup_and_markdowns;store_sales_&amp,item_attributes;item_dimensions,ALL LINKS ITEM1 DESC is the 'item description 1' for the prime item_nbr that is the top of all the item linkage chains.
all_stores_ind,All Stores Indicator,APPROVED,9:API Glossary,,coops,"A flag that indicates whether or not the vendor deal is for all stores. If it's not valid for all stores it will be 0 meaning that it's only valid for specific stores. The default is 1, valid for all stores."
alloc_create_date,Allocation Create Date,APPROVED,3:Cloud Feeds;5:BI Link;9:API Glossary;13:Report Builder,purchase_order,oms_po_details;purchase_order_alloc_order,"Date that indicates when the Allocation Order was created, in UTC format. Example: 2022-12-26"
alloc_create_sys_id,Allocation Create System ID,APPROVED,3:Cloud Feeds;5:BI Link;9:API Glossary;13:Report Builder,purchase_order,oms_po_details;purchase_order_alloc_order,"It refers to the date and time when an Allocation Order was generated in the system. This date is recorded in Coordinated Universal Time (UTC) format. For example, if the order was created on December 26, 2022, it would be shown as ""2022-12-26"" in the system."
alloc_create_ts,Allocation Create Timestamp,APPROVED,3:Cloud Feeds;5:BI Link;9:API Glossary;13:Report Builder,purchase_order,oms_po_details;purchase_order_alloc_order,"The date and time which indicates when the Allocation Order was created, in UTC format (YYYY-DD-MM HH:MM:SS.MS). Example: 2022-12-26 06:58:00.000"
alloc_create_userid,Allocation Create User ID,APPROVED,3:Cloud Feeds;5:BI Link;9:API Glossary;13:Report Builder,purchase_order,oms_po_details;purchase_order_alloc_order,"The identifier of the Originator of the Allocation record, which is populated if manually created."
alloc_event_nm,Allocation Event Name,APPROVED,3:Cloud Feeds;5:BI Link;9:API Glossary;13:Report Builder,purchase_order,oms_po_details;purchase_order_alloc_order,The name of the event or activity that caused the Allocation Order.
alloc_last_chng_ts,Allocation Last Change Timestamp,APPROVED,3:Cloud Feeds;5:BI Link;9:API Glossary;13:Report Builder,purchase_order,oms_po_details;purchase_order_alloc_order,The date and time of the last update to the Allocation Order.
alloc_last_chng_userid,Allocation Last Change User ID,APPROVED,3:Cloud Feeds;5:BI Link;9:API Glossary;13:Report Builder,purchase_order,oms_po_details;purchase_order_alloc_order,The identifier of the user who last updated the Allocation Order.
alloc_order_id,Allocation Order ID,APPROVED,3:Cloud Feeds;5:BI Link;9:API Glossary;13:Report Builder,purchase_order,oms_po_details;purchase_order_alloc_order,System Assigned number for Allocation Orders.
alloc_status_cd,Allocation Status Code,APPROVED,3:Cloud Feeds;5:BI Link;9:API Glossary;13:Report Builder,purchase_order,oms_po_details;purchase_order_alloc_order,Codes for the allocation status of a deal. Eg.: 1 - Not Allocated 2 - Fully allocated 3 - Partially Allocated (for spanned coop).
alloc_status_desc,Allocation Status Description,APPROVED,9:API Glossary,,coops,Descriptions of codes for the allocation status of a deal.
alloc_whpk_order_qty,Allocation Warehouse Pack Order Quantity,APPROVED,3:Cloud Feeds;9:API Glossary,,purchase_order_alloc_order,The allocated warehouse pack quantity that should be shipped to the receiving Store.
alloc_whpk_order_qty,Store Warehouse Pack Order Quantity,APPROVED,13:Report Builder,purchase_order,,The allocated warehouse pack quantity that should be shipped to the receiving to\_store\_nbr.
alt_chnl_src_ind,Alternate Channel Sourcing Indicator,APPROVED,3:Cloud Feeds;5:BI Link;9:API Glossary,,item_attributes;item_dimensions,"An Alternate Channel Sourcing (ACS) is an item acquired from a third-party source other than the brand owner such as from established dealers, distributors, or suppliers who do not have a direct relationship with the brand owner in accordance with standard business practices in the retail and warehouse club industry. The ACS will default to ‘No’ if no value is selected in the application."
amzn_fresh_og_ind,Amazon,APPROVED,2:Customer Perception,,,Self-identification by the panelist that they have shopped at Amazon.
amzn_fresh_og_ind,Amazon Fresh Online Grocery,APPROVED,2:Customer Perception,,,Self-identification by the panelist that they are a user of Amazon Fresh Online Grocery.
amzn_mbrshp_ind,Amazon Prime Membership,APPROVED,2:Customer Perception,,,Self-identification by the panelist that they have a Amazon Prime Membership.
amzn_prime_og_ind,Amazon Prime Online Grocery,APPROVED,2:Customer Perception,,,Self-identification by the panelist that they are a user of Amazon Fresh Online Grocery.
appointment_date,Appointment Date,APPROVED,5:BI Link;9:API Glossary;13:Report Builder,omni_otif,omni_otif,The scheduled date for an appointment with the supplier to deliver the merchandise. Format : YYYY-MM_DD
appt_create_ts,Appointment Create Date,APPROVED,5:BI Link;9:API Glossary,omni_otif,omni_otif,"The timestamp of when the appointment was created, in Central Standard Time"
appt_create_ts,DC Appt Create Date,APPROVED,9:API Glossary,,otif_(decommissioned),"The timestamp of when the appointment was created, shown in Central Standard Time (CST)."
appt_nbr,Appointment Number,APPROVED,3:Cloud Feeds;5:BI Link;9:API Glossary;13:Report Builder,purchase_order,oms_po_details;purchase_order_dc_receiver,"The identifier assigned to a trailer scheduled to arrive at a date and time, for a specific Distribution Center."
appv_order_vnpk_qty,Approved Order Vendor Pack Quantity,APPROVED,3:Cloud Feeds;5:BI Link;9:API Glossary;13:Report Builder,purchase_order,oms_po_details;purchase_order_line;purchase_order_line_destination,This quantity will be the vendor pack that was approved by the Replenishment Manager. This could come from an Advanced Shipping Notice (ASN) or a Replenishment Manager quantity expected.
appv_order_whpk_qty,Approved Order Warehouse Pack Quantity,APPROVED,3:Cloud Feeds;5:BI Link;9:API Glossary;13:Report Builder,purchase_order,oms_po_details;purchase_order_line;purchase_order_line_destination,This quantity will be the warehouse pack quantity that was approved by the Replenishment Manager. This could come from an Advanced Shipping Notice (ASN) or a Replenishment Manager quantity expected.
asort_type_cd,Assortment Type Code,APPROVED,3:Cloud Feeds;5:BI Link;9:API Glossary;13:Report Builder,purchase_order,item_attributes;item_dimensions;oms_po_details;purchase_order_line,Assortments are created when different items with different UPC numbers are shipped together in one carton. There are two types of assortments: Like or Different. Each type of assortment consists of an Assortment Item Number (Parent) and Item Numbers (Children).
asort_type_desc,Assortment Type Description,APPROVED,3:Cloud Feeds;5:BI Link;9:API Glossary;13:Report Builder,purchase_order,item_attributes;item_dimensions;oms_po_details;purchase_order_line,The text description of the Assortment Type Code.
assgnmnt_ts,Assignment Timestamp,APPROVED,3:Cloud Feeds;5:BI Link;9:API Glossary;13:Report Builder,custom_datasets;modular_plan_metrics,modular_plan_upc,This is the date and time of when changes occurred to a location.
assoc_disc_ind,Associate Discount Indicator,APPROVED,3:Cloud Feeds;5:BI Link;9:API Glossary,,item_attributes;item_dimensions,"It shows whether an associate is eligible to receive a discount at the register when buying a specific item. This indicator is automatically set to ""Y"" (Yes) or ""N"" (No) depending on the item's department and fineline."
ats_cost_amt,Available To Sell Cost Amount,APPROVED,3:Cloud Feeds;9:API Glossary;13:Report Builder,ecomm_inventory,ecomm_inventory,"This is the cost amount of an item available to sell at the facility; i.e., units that are in an active location, ready for picking against any customer order. Only inventory in the ""Available to Sell” bucket can be allocated for customer orders. This amount is in Dollars."
ats_cost_amt,Available To Sell Cost AmountEOP,APPROVED,13:Report Builder,ecomm_inventory,,"This is the cost amount of an item available to sell at the facility; i.e., units that are in an active location, ready for picking against any customer order. Only inventory in the ""Available to Sell” bucket can be allocated for customer orders. This amount is in Dollars.Note: This metric is the 'End of Period' value for the selected time period: For Example: ‘Friday’ for WMT weeks."
ats_qty,Available To Sell Quantity,APPROVED,3:Cloud Feeds;9:API Glossary;13:Report Builder,ecomm_inventory,ecomm_inventory,"This is the number of units of an item available to sell at the facility; i.e., units that are in an active location, ready for picking against any customer order. Only inventory in the ""Available to Sell"" bucket can be allocated for customer orders."
ats_qty,Available To Sell QuantityEOP,APPROVED,13:Report Builder,ecomm_inventory,,"This is the number of units of an item available to sell at the facility; i.e., units that are in an active location, ready for picking against any customer order. Only inventory in the ""Available to Sell"" bucket can be allocated for customer orders.Note: This metric is the 'End of Period' value for the selected time period: For Example: ‘Friday’ for WMT weeks."
ats_rtl_amt,Available To Sell Retail Amount,APPROVED,3:Cloud Feeds;9:API Glossary;13:Report Builder,ecomm_inventory,ecomm_inventory,"This is the retail amount of an item available to sell at the facility; i.e., units that are in an active location, ready for picking against any customer order. Only inventory in the ""Available to Sell” bucket can be allocated for customer orders. This amount is in Dollars."
ats_rtl_amt,Available To Sell Retail AmountEOP,APPROVED,13:Report Builder,ecomm_inventory,,"This is the retail amount of an item available to sell at the facility; i.e., units that are in an active location, ready for picking against any customer order. Only inventory in the ""Available to Sell” bucket can be allocated for customer orders. This amount is in Dollars.Note: This metric is the 'End of Period' value for the selected time period: For Example: ‘Friday’ for WMT weeks."
ats_score_val,Availability Score Value,APPROVED,5:BI Link;9:API Glossary,,digital_transactability,The percent of the current day that the item was available to sell.
aur,AUR,APPROVED,5:BI Link;13:Report Builder,custom_datasets,,Average Unit Retail (AUR) is the average retail price per unit sold for an item or group of items.Calculation:AUR = $'s / Units
aur,Average Unit Retail Amount,APPROVED,3:Cloud Feeds;9:API Glossary,,omni_sales;omni_sales_new;store_sales;store_sales_new,"It represents the average selling price per unit, expressed in dollars. It is calculated by dividing the total sales revenue by the total number of units sold (Units of Measure)."
aur_bis_last_year,AUR BIS,APPROVED,13:Report Builder,custom_datasets;store_sales_&amp,,"Average Unit Retail (AUR) is the average selling price per unit of items sold. It does not include sales tax, coupons, or shipping costs. It is calculated by dividing the total gross merchandise value (GMV, excluding discounts and shipping) by the total number of units sold. AUR is a key metric for understanding product pricing trends and the overall price mix of your assortment. This data is specific to BIS (Buy in Store) channel and calculated as Total Sales Dollars/Total Units Sold. Example:If you sold 100 units and made $500 in sales, AUR = $500 / 100 = $5.00"
aur_bis_last_year,AUR BIS YoY Change%,APPROVED,13:Report Builder,custom_datasets;store_sales_&amp,,"Average Unit Retail (AUR) is the average selling price per unit of items sold before any savings, discounts, or shipping revenues are applied. This attribute is specific for calculating Year over year change percentage for AUR in BIS (Buy in Store) channel.Formula :(aur_bis_last_year - aur_bis_this_year) / aur_bis_last_year"
aur_bis_last_year,AUR BIS YoY Difference,APPROVED,13:Report Builder,custom_datasets;store_sales_&amp,,"Average Unit Retail (AUR) is the average selling price per unit of items sold before any savings, discounts, or shipping revenues are applied. This attribute is specific for calculating Year over year difference for AUR in BIS (Buy in Store) channel.Formula:aur_bis_last_year - aur_bis_this_year"
auth_base_net_qty,Auth Based Net Quantity,APPROVED,13:Report Builder,bottle_deposit,,"Last year's Auth based Units net of cancellations and returns. Subtracts fully refunded ""keep it refunds"" where the customer was refunded but not required to actually return, e.g., in the case of a lost delivery or damaged low price item."
auth_based_gmv_amt,AUTH Based GMV Amount,APPROVED,3:Cloud Feeds;9:API Glossary,,omni_sales;omni_sales_new,"GMV (Gross Merchandise Value) is the actual amount collected from the customers. The revenue collected from the customer for transactions. It's the price of items after deducting savings/discounts, and adding shipping revenue.AUTH GMV is Placed GMV excluding GMV for items cancelled because they didn't pass fraud check. This is the GMV amount based on auth based date.Note: For store channels, AUTH Based GMV, AUTH Based Net Sales, Shipped Based GMV, and Shipped Based Net Sales will all have the same value (i.e., the Net Sales amount). This amount is shown in dollars."
auth_based_net_sales_amt,AUTH Based Net Sales Amount,APPROVED,3:Cloud Feeds;9:API Glossary,,omni_sales;omni_sales_new,"This is the revenue recorded financially (sometimes AUTH Based Net Sales is labeled as revenue in reporting). AUTH Based Net Sales is Auth GMV except for MP (Marketplace) and services sales (In Home Services, Warranties etc.) where AUTH Based Net Sales is the commission received by Walmart. AUTH Based Net Sales is what goes on the books as actual revenue. This amount is shown in dollars.If Walmart ""subsidizes"" Walmart's MP prices to match the Competitor, the subsidy is also deducted from the AUTH Based Net Sales. For example, if the MP item price is $100, Walmart matches the Competitor at $90 and collects a $15 commission. Then, AUTH Based Net Sales would equal $15 (commission) - $10 (subsidy) = or in this case, $5.Note: For store channels, AUTH Based GMV, AUTH Based Net Sales, Shipped Based GMV, and Shipped Based Net Sales will all have the same value (i.e., the Net Sales amount)."
auth_based_net_sales_amt,Buy In Store,APPROVED,13:Report Builder,vendor_scorecard,,Refers to the breakdown of authorized sales that occur through the Buy In Store (BIS) service channel.
auth_based_net_sales_amt,Delivery,APPROVED,13:Report Builder,vendor_scorecard,,The Auth sales breakdown by the Delivery service channel
auth_based_net_sales_amt,Omni Auth Sales in dollars,APPROVED,13:Report Builder,vendor_scorecard,,"This is the revenue recorded financially. AUTH Based Net Sales is Auth GMV except for MP (Marketplace) and services sales (In Home Services, Warranties etc.) where AUTH Based Net Sales is the commission received by Walmart."
auth_based_net_sales_amt,Pickup,APPROVED,13:Report Builder,vendor_scorecard,,The Auth sales breakdown by the Pickup service channel
auth_based_net_sales_amt,Ship from Store,APPROVED,13:Report Builder,vendor_scorecard,,The Auth sales breakdown by the Ship From Store (SFS) service channel
auth_based_net_sales_amt,Ship to Home,APPROVED,13:Report Builder,vendor_scorecard,,The Auth sales breakdown by the Ship to Home (S2S) service channel
auth_based_net_sales_amt,Ship to Store,APPROVED,13:Report Builder,vendor_scorecard,,The Auth sales breakdown by the Ship to Store (S2S) service channel
auth_based_net_sales_amt,eComm Auth Sales in dollars,APPROVED,13:Report Builder,vendor_scorecard,,"This is the revenue recorded financially. AUTH Based Net Sales is Auth GMV except for MP (Marketplace) and services sales (In Home Services, Warranties etc.) where AUTH Based Net Sales is the commission received by Walmart."
auth_based_qty,AUTH Based Item Quantity,APPROVED,3:Cloud Feeds;9:API Glossary;13:Report Builder,omni_sales,omni_sales;omni_sales_new,The quantity of items placed in an authorized order. It excludes the number of units sold that were cancelled and/or returned.
auth_based_qty,Omni Auth Sales in units,APPROVED,13:Report Builder,vendor_scorecard,,This is the quantity of items placed in an authorized order. It excludes the number of units sold that were cancelled and/or returned.
auth_based_qty,eComm Auth Sales in Units,APPROVED,13:Report Builder,vendor_scorecard,,This is the quantity of items placed in an authorized order. It excludes the number of units sold that were cancelled and/or returned.
auto_rnewl_ind,Auto Renewal Indicator,APPROVED,9:API Glossary,,coops,Indicates if the deal will be automatically renewed or not.Values: 1 - Deal was automatically renewed0 - Deal was not automatically renewed
avg_basket_affinity_item_cnt,Average Basket Affinity Item Count,APPROVED,3:Cloud Feeds;5:BI Link;9:API Glossary,,item_affinity,Average number of items purchased in the same transaction (basket) as the primary item and affinity item in a week.Ex. If customers buy 10 additional items on average whenever they buy the primary item and affinity item.
avg_basket_affinity_rtl_amt,Average Basket Affinity Retail Amount,APPROVED,3:Cloud Feeds;5:BI Link;9:API Glossary,,item_affinity,Average Retail Amount spent in the same transaction(basket) when both the primary item and affinity item are purchased in a week.This amount is in Dollars.
avg_basket_uom_qty,Average Basket UOM quantity,APPROVED,3:Cloud Feeds;5:BI Link;9:API Glossary,,item_affinity,"For a transaction (Basket) this is the average quantity for the primary item in a week. Ex. For item A, there are 20 Baskets with a total quantity of 100, making an average Basket quantity of 5."
avlbl_ind,Available Indicator,APPROVED,5:BI Link;9:API Glossary,,digital_transactability,"Indicates whether an Item is available (the store has sufficient on-hands). This is a real-time calculation that determines the sufficiency of item on-hands in a specific store, ensuring the personal shopper will be able to find the purchased quantity on the shelf at time of pick. Values are 0 and 1."
avlbl_ship_dt,Available Ship Date,APPROVED,9:API Glossary;13:Report Builder,order_forecast,order_demand_forecast,"It is the date when an item is ready to be shipped from either the Distribution Center (DC) or the Vendor. The meaning depends on the type of number in the key:If the key contains a store number, the date refers to when the item is available at the DC.If the key contains a DC number, the date refers to when the item is available at the vendor.If the Available Ship Date (avlbl_ship_dt) is listed as ""1970-01-01,"" this value should be ignored, as it is not valid.For forecasting purposes, the Scheduled Ship Date (sched_ship_dt) is typically used instead, as it indicates when the item is actually planned to be shipped."
avlbl_ship_dt,Available to Ship Date,APPROVED,5:BI Link,,order_demand_forecast,"It is the date when an item is ready to be shipped from either the Distribution Center (DC) or the Vendor. The meaning depends on the type of number in the key:If the key contains a store number, the date refers to when the item is available at the DC.If the key contains a DC number, the date refers to when the item is available at the vendor.If the Available Ship Date (avlbl_ship_dt) is listed as ""1970-01-01,"" this value should be ignored, as it is not valid.For forecasting purposes, the Scheduled Ship Date (sched_ship_dt) is typically used instead, as it indicates when the item is actually planned to be shipped."
baby_expc,Baby Expectancy,APPROVED,2:Customer Perception,,,"Self-identification by the panelist on there baby expectancy status. Statuses range from planning to have a baby, expecting to have a baby, no, blank, and prefer not to answer."
backrm_scale_ind,Backroom Scale Indicator,APPROVED,3:Cloud Feeds;5:BI Link;9:API Glossary;13:Report Builder,custom_datasets;dc_metrics;ecomm_sales;modular_plan_metrics;omni_otif;omni_sales;order_forecast;purchase_order;store_demand_forecast;store_markup_and_markdowns;store_sales_&amp,item_attributes;item_dimensions,"Indicates whether an item is weighed in the store's backroom, such as in the Deli, Bakery, Produce, or Meat departments."
banner_cd,Banner Code,APPROVED,3:Cloud Feeds;5:BI Link;9:API Glossary;13:Report Builder,custom_datasets;modular_plan_metrics;order_forecast;purchase_order;store_demand_forecast;store_markup_and_markdowns;store_sales_&amp,dc_dimensions;store_dimensions,A code which represents the sign or banner on the outside of the store.
banner_desc,Banner Description,APPROVED,3:Cloud Feeds;5:BI Link;9:API Glossary;13:Report Builder,custom_datasets;modular_plan_metrics;order_forecast;purchase_order;store_demand_forecast;store_markup_and_markdowns;store_sales_&amp,dc_dimensions;store_dimensions,"The description of the sign or banner on the outside of the store.E.g., Walmart Supercenter"
base_div_nbr,Base Division Number,APPROVED,3:Cloud Feeds;5:BI Link;9:API Glossary;13:Report Builder,custom_datasets;modular_plan_metrics;omni_otif;purchase_order;store_demand_forecast;store_markup_and_markdowns;store_sales_&amp,dc_dimensions;item_attributes;item_dimensions;purchase_order_line;store_dimensions,"Base Division Number represents the base division of the item.E.g., 01 - Walmart"
base_rtl_uom_cd,Base Retail UOM Code,APPROVED,3:Cloud Feeds;5:BI Link;9:API Glossary;13:Report Builder,custom_datasets;dc_metrics;ecomm_sales;modular_plan_metrics;omni_otif;omni_sales;order_forecast;purchase_order;store_demand_forecast;store_markup_and_markdowns;store_sales_&amp,item_attributes;item_dimensions,The Unit of Measurement that an item is sold in. Valid values include:EA – eachesFT - feetYD – yardsIN - inchesLB – pounds QT - quartGL - gallonsOZ - ouncesDZ – dozen
base_rtl_uom_desc,Base Retail UOM Description,APPROVED,3:Cloud Feeds;5:BI Link;9:API Glossary;13:Report Builder,custom_datasets;dc_metrics;ecomm_sales;modular_plan_metrics;omni_otif;omni_sales;order_forecast;purchase_order;store_demand_forecast;store_markup_and_markdowns;store_sales_&amp,item_attributes;item_dimensions,Description for the Unit of Measurement that an item is sold in. Valid values include:EA – eachesFT - feetYD – yardsIN - inchesLB – pounds QT - quartGL - gallonsOZ - ouncesDZ – dozen
base_unit_rtl_amt,Base Unit Retail Amount,APPROVED,3:Cloud Feeds;5:BI Link;9:API Glossary;13:Report Builder,custom_datasets;dc_metrics;ecomm_sales;modular_plan_metrics;omni_otif;omni_sales;order_forecast;purchase_order;store_demand_forecast;store_markup_and_markdowns;store_sales_&amp,item_attributes;item_dimensions;purchase_order_line,"The foundational retail price for an item, before any discounts, markdowns, promotional, or regional pricing."
basket_cnt,Basket Transactions Count,APPROVED,5:BI Link;9:API Glossary,,upc_sales,The number of transactions that contained the selected product or product group. This is calculated for the selected period.
battery_ind,Battery Indicator,APPROVED,3:Cloud Feeds;5:BI Link;9:API Glossary;13:Report Builder,ecomm_inventory;ecomm_sales;omni_sales,product_dimensions,Indicates if the Item has a battery.Examples: 0 - no battery 1 - has battery
battery_type_cd,Battery Type Code,APPROVED,3:Cloud Feeds;5:BI Link;9:API Glossary;13:Report Builder,ecomm_inventory;ecomm_sales;omni_sales,product_dimensions,Identifies the kind of battery power that an item has.Examples:1-DOES NOT CONTAIN A BATTERY 7-LITHIUM ION 12-SILVER 6-LITHIUM PRIMARY 4-LEAD ACID 14-OTHER 5-LEAD ACID (NON-SPILLABLE) 2-ALKALINE 3-CARBON ZINC 15-MULTIPLE TYPES 10-NICKEL CADMIUM null 11-NICKEL METAL HYDRIDE 9-MERCURY 8-MAGNESIUM 13-THERMAL
battery_type_desc,Battery Type Description,APPROVED,3:Cloud Feeds;5:BI Link;9:API Glossary;13:Report Builder,ecomm_inventory;ecomm_sales;omni_sales,product_dimensions,Describes the kind of battery power that an item has. Examples: 1-DOES NOT CONTAIN A BATTERY 7-LITHIUM ION 12-SILVER 6-LITHIUM PRIMARY 4-LEAD ACID 14-OTHER 5-LEAD ACID (NON-SPILLABLE) 2-ALKALINE 3-CARBON ZINC 15-MULTIPLE TYPES 10-NICKEL CADMIUM null 11-NICKEL METAL HYDRIDE 9-MERCURY 8-MAGNESIUM 13-THERMAL
bid_crncy_cd,Bid Currency Code,APPROVED,3:Cloud Feeds;5:BI Link;9:API Glossary;13:Report Builder,purchase_order,oms_po_details;purchase_order,Refers to the type of currency used when placing a bid for an order.
bill_dt,Bill Date,APPROVED,9:API Glossary,,coops,"It is the date when a Deal or COOP (Cooperative Agreement) is invoiced to the vendor. Deals are billed once a year, while COOPs are billed every month. The date is shown in the format YYYY-MM-DD (for example, 2025-10-20)."
bill_period_cd,Bill Period Code,APPROVED,9:API Glossary,,coops,"Identifies when a Coop is to be billed to the vendor. The billing period may be begin month, end month, or multi schedule.Examples:1 - Immediate Billing4 - Coop Long Term5 - Year Negotiation"
bill_period_desc,Billing Period Description,APPROVED,9:API Glossary,,coops,"The description for when a coop is to be billed to the vendor. The billing period may be begin month, end month, or multi schedule.Examples:1 - Immediate Billing4 - Coop Long Term5 - Year Negotiation"
bkhl_ind,Backhaul Indicator,APPROVED,3:Cloud Feeds;5:BI Link;9:API Glossary;13:Report Builder,purchase_order,oms_po_details;purchase_order;purchase_order_stock_transfer,Indicates if this is a backhaul (Y or N). Backhaul is a load inbound to a Distribution Center (DC) that contains vendor supplied freight and is hauled by Walmart Private Fleet.
bkrm_adj_qty,Backroom Adjustment Quantity,APPROVED,3:Cloud Feeds;5:BI Link;9:API Glossary;13:Report Builder,custom_datasets;store_sales_&amp,store_inventory;store_item_measures;store_item_measures_(inventory),This is the summarized number of eaches adjusted.
bkrm_adj_qty,Total Store On Hand Adjustment Quantity,APPROVED,13:Report Builder,custom_datasets;store_sales_&amp,,Total Store On Hand Adjustment Quantity is the sum of Sales floor adjustments and Backroom adjustments at store level.Calculation: Total Store On Hand Adjustment Quantity = Backroom Adjustment Quantity + Adjustment Quantity
bkrm_adj_rtl_amt,Backroom Adjustment Retail Amount,APPROVED,3:Cloud Feeds;5:BI Link;9:API Glossary;13:Report Builder,custom_datasets,store_inventory;store_item_measures_(inventory),This is the summarized adjusted unit retail amount.
blue_apron_og_ind,Blue Apron Online Grocery,APPROVED,2:Customer Perception,,,Indicates is Panelist uses Blue Apron Online Grocery
bnfcy_bnk_brch_id,Beneficiary Bank Branch Id,APPROVED,3:Cloud Feeds;5:BI Link;9:API Glossary;13:Report Builder,purchase_order,oms_po_details;purchase_order,"This identifies the bank/bank branch which represents or advises the beneficiary in letter of credit payments, in the import system."
bnfcy_id,Beneficiary ID,APPROVED,3:Cloud Feeds;5:BI Link;9:API Glossary;13:Report Builder,purchase_order,oms_po_details;purchase_order,"Import Beneficiary ID identifies the company that is the beneficiary for the liability insurance of the purchase order (PO) merchandise, in the import system."
bol_vnpk_qty,Bill Of Lading Vendor Pack Quantity,APPROVED,3:Cloud Feeds;5:BI Link;9:API Glossary;13:Report Builder,purchase_order,oms_po_details;purchase_order_dc_receiver;purchase_order_dc_receiver_line,The number of vendor packs that is recorded on the Bill of Lading document.
bol_wt_qty,Bill Of Lading Weight Quantity,APPROVED,3:Cloud Feeds;5:BI Link;9:API Glossary;13:Report Builder,purchase_order,oms_po_details;purchase_order_dc_receiver,The weight that is documented on the Bill of Lading.
booking_id,Booking ID,APPROVED,3:Cloud Feeds;5:BI Link;9:API Glossary;13:Report Builder,purchase_order,oms_po_details;purchase_order,"This is a special grouping of purchase orders (PO) across all destination ports together for an overall purchase (normally for unique ports per a in-store-date, but can be manually overrode). Buyers will use this to plan store distributions across up to 5 ports instead of one port at a time."
booking_po_nbr,Booking Purchase Order Number,APPROVED,3:Cloud Feeds;5:BI Link;9:API Glossary;13:Report Builder,purchase_order,oms_po_details;purchase_order,This field is used at the parent order before being split into Receiver DC (distribution center) specific Purchase Orders.
brand_class_desc,Brand Class Description,APPROVED,3:Cloud Feeds;5:BI Link;9:API Glossary;13:Report Builder,ecomm_inventory;ecomm_sales;omni_sales,product_dimensions,"Contains the value ""Owned"" if Walmart owns the brand.This does not necessarily correspond to the private label indicator.A brand is a name, term, design, or symbol associated to a product identifiable by the customer. It usually includes a patent or trademark."
brand_fam_id,Brand Family ID,APPROVED,3:Cloud Feeds;5:BI Link;9:API Glossary;13:Report Builder,custom_datasets;dc_metrics;ecomm_sales;future_valid_item_store;modular_plan_metrics;omni_otif;omni_sales;order_forecast;purchase_order;store_demand_forecast;store_markup_and_markdowns;store_sales_&amp;tender_analysis,item_attributes;item_dimensions,A unique identifier for Brand Family that is used to provide additional grouping of products across product areas.
brand_fam_nm,Brand Family Name,APPROVED,3:Cloud Feeds;5:BI Link;9:API Glossary;13:Report Builder,custom_datasets;dc_metrics;ecomm_sales;future_valid_item_store;modular_plan_metrics;omni_otif;omni_sales;order_forecast;purchase_order;store_demand_forecast;store_markup_and_markdowns;store_sales_&amp;tender_analysis,item_attributes;item_dimensions,The name of a brand family that provides additional grouping of products across product areas.
brand_id,Brand ID,APPROVED,3:Cloud Feeds;5:BI Link;7:Channel Performance Insights;9:API Glossary;13:Report Builder,custom_datasets;dc_metrics;ecomm_inventory;ecomm_sales;future_valid_item_store;item_affinity;modular_plan_metrics;omni_otif;omni_sales;order_forecast;purchase_order;store_demand_forecast;store_markup_and_markdowns;store_sales_&amp;tender_analysis;transactibility;vendor_scorecard,item_attributes;item_dimensions;product_dimensions,"A unique numeric identifier for the primary description of the product, for example, a patent or trademark."
brand_nm,Brand Name,APPROVED,3:Cloud Feeds;5:BI Link;6:Digital Landscapes;7:Channel Performance Insights;9:API Glossary;13:Report Builder,custom_datasets;dc_metrics;ecomm_inventory;ecomm_sales;future_valid_item_store;item_affinity;modular_plan_metrics;omni_otif;omni_sales;order_forecast;purchase_order;store_demand_forecast;store_markup_and_markdowns;store_sales_&amp;tender_analysis;transactibility,item_attributes;item_dimensions;product_dimensions,The name provided by the brand owner that is intended to be recognized by the consumer as represented on the product.
brand_ownr_id,Brand Owner ID,APPROVED,3:Cloud Feeds;5:BI Link;9:API Glossary;13:Report Builder,custom_datasets;dc_metrics;ecomm_sales;future_valid_item_store;modular_plan_metrics;omni_sales;order_forecast;purchase_order;store_demand_forecast;store_markup_and_markdowns;store_sales_&amp;tender_analysis,item_attributes;item_dimensions,A unique identifier for the company that owns the Brand or Trademark for the product as indicated on the product's packaging.
brand_ownr_nm,Brand Owner Name,APPROVED,3:Cloud Feeds;5:BI Link;9:API Glossary;13:Report Builder,custom_datasets;dc_metrics;ecomm_sales;future_valid_item_store;modular_plan_metrics;omni_otif;omni_sales;order_forecast;purchase_order;store_demand_forecast;store_markup_and_markdowns;store_sales_&amp;tender_analysis,item_attributes;item_dimensions,The name of the company that owns the Brand or Trademark for the product as indicated on the product's packaging.
bu_comp_cd,Business Company Code,APPROVED,3:Cloud Feeds;5:BI Link;9:API Glossary;13:Report Builder,custom_datasets;modular_plan_metrics;purchase_order;store_markup_and_markdowns;store_sales_&amp,store_dimensions,Designates the status of the store as related to comparable sales calculation.
bu_comp_desc,Business Company Description,APPROVED,3:Cloud Feeds;5:BI Link;9:API Glossary;13:Report Builder,custom_datasets;modular_plan_metrics;purchase_order;store_markup_and_markdowns;store_sales_&amp,store_dimensions,This is a detailed description of the status of the store as related to comparable sales calculation.
bu_fmt_nm,Business Unit Format Name,APPROVED,3:Cloud Feeds;5:BI Link;9:API Glossary;13:Report Builder,custom_datasets;dc_metrics;ecomm_inventory,dc_dimensions,"This is the detailed description used to group stores into categories. It signifies the type of business performed at the store, at a high level.Examples:HypermarketSupermarketMembershipAuctionClick and CollectConvenience with FuelDistributioneCommerce"
bu_gross_size_qty,Business Gross Size Quantity,APPROVED,3:Cloud Feeds;5:BI Link;9:API Glossary;13:Report Builder,custom_datasets;purchase_order;store_markup_and_markdowns;store_sales_&amp,dc_dimensions;store_dimensions,Square footage of the store. The size of the physical building(s) of the store in square feet.
bu_nm,Business Unit Name,APPROVED,9:API Glossary,,ecomm_subscriptions,"It is a label that combines the word ""WALMART-"" with a two-letter ISO country code in uppercase letters. For example, WALMART-US stands for Walmart United States, WALMART-CA for Walmart Canada, and WALMART-MX for Walmart Mexico."
bu_public_close_tm,Business Unit Public Close Time,APPROVED,3:Cloud Feeds;5:BI Link;9:API Glossary,,store_dimensions,"This is the time when the business unit (Store, Warehouse, etc.) is closed for the public."
bu_public_open_tm,Business Unit Public Open Time,APPROVED,3:Cloud Feeds;5:BI Link;9:API Glossary,,store_dimensions,"This is the time when the business unit (Store,Warehouse, etc.) is open for the public."
bu_size_uom_cd,Business Size Unit of Measure Code,APPROVED,3:Cloud Feeds;5:BI Link;9:API Glossary,,dc_dimensions;store_dimensions,The unit of measure in which store size is measured. Measured in Square feet or Square meters.
buo_area_nbr,Business Unit Area Number,APPROVED,3:Cloud Feeds;5:BI Link;9:API Glossary,,store_dimensions,Geographic Business Unit is the highest geographical grouping of stores. This is an operational alignment used to manage stores.
buo_area_nm,BUO Area Name,APPROVED,3:Cloud Feeds;5:BI Link;9:API Glossary,,store_dimensions,"Refers to the name of the Geographic Business Unit, which is the largest regional grouping of stores for operational management. For Walmart US, there are three main Geographic Business Units (GBUs): West, South, and North."
business_area,Business Area,APPROVED,5:BI Link;9:API Glossary,omni_otif,omni_otif,Indicates whether the Purchase Order is either Ecomm or Stores.
business_date,Business Date,APPROVED,3:Cloud Feeds;5:BI Link;7:Channel Performance Insights;9:API Glossary;13:Report Builder,ecomm_sales;hourly_store_inventory;omni_otif;omni_sales;store_sales_&amp,ecomm_returns;future_valid_item;hourly_store_inventory;omni_otif;omni_sales;omni_sales_new;otif_(decommissioned);out_of_stock_root_cause;rfid_sku;sales_tender;store_fulfillment;store_inventory;store_item_measures;store_item_measures_(inventory);store_sales;store_sales_new,"The authorized, cancelled, or refunded date depending on the event type. Use this report date for authorization-based reporting."
buyer_full_nm,Buyer Full Name,APPROVED,3:Cloud Feeds;5:BI Link;9:API Glossary,,item_attributes;item_dimensions,The Name of the Buyer who is responsible for buying most of the items in a Fineline.
buyer_full_nm,Buyer Name,APPROVED,13:Report Builder,custom_datasets;dc_metrics;ecomm_inventory;ecomm_sales;future_valid_item_store;modular_plan_metrics;omni_otif;omni_sales;order_forecast;store_demand_forecast;store_markup_and_markdowns;store_sales_&amp;vendor_scorecard,,This is the Name of the Buyer who is responsible for buying most of the items in a Fineline.
buyer_order_each_qty,Buyer Order Each Quantity,APPROVED,3:Cloud Feeds;9:API Glossary;13:Report Builder,custom_datasets;dc_metrics,dc_item_measures,"It is the number of individual selling units that were ordered from the supplier and are available this year. This quantity is expressed in eaches (single units).Formula:(ty_order_whpk_qty × whpk_each_qty) - (ty_ss_order_whpk_qty × whpk_each_qty)Note: When this metric is viewed at the Walmart weekly level, it is shown as an average (AVG), not a total sum (SUM), for the selected time period."
buyer_order_each_qty,Buyer Order Each Quantity - Last Year,APPROVED,5:BI Link,,dc_item_measures,"It is the number of individual selling units that were ordered from the supplier and are available this year. This quantity is expressed in eaches (single units).Formula:(ly_order_whpk_qty × whpk_each_qty) - (ly_ss_order_whpk_qty × whpk_each_qty)Note: When this metric is viewed at the Walmart weekly level, it is shown as an average (AVG), not a total sum (SUM), for the selected time period."
buyer_order_each_qty,Buyer Order Each Quantity - This Year,APPROVED,5:BI Link,,dc_item_measures,"It is the number of individual selling units that were ordered from the supplier and are available this year. This quantity is expressed in eaches (single units).Formula:(ly_order_whpk_qty × whpk_each_qty) - (ly_ss_order_whpk_qty × whpk_each_qty)Note: When this metric is viewed at the Walmart weekly level, it is shown as an average (AVG), not a total sum (SUM), for the selected time period."
buyer_order_each_qty,Buyer Order Each Quantity EOP,APPROVED,13:Report Builder,dc_metrics,,It is the number of individual selling units on hand at the end of the selected period this year that were ordered from the supplier. This value is expressed in eaches (single units).Formula:(ty_order_whpk_qty × whpk_each_qty) - (ty_ss_order_whpk_qty × whpk_each_qty)Note: This metric is the 'End of Period' value for the selected time period: For Example: ‘Friday’ for WMT weeks.
buyer_order_whpk_cost_amt,Buyer Order Warehouse Pack Cost Amount,APPROVED,3:Cloud Feeds;9:API Glossary;13:Report Builder,custom_datasets;dc_metrics,dc_item_measures,It is the dollar value of warehouse packs on hand this year that were ordered from the supplier. This amount is shown in U.S. dollars ($).Formula: (ty_order_whpk_qty × whpk_cost_amt) - (ty_ss_order_whpk_qty × whpk_cost_amt)
buyer_order_whpk_cost_amt,Buyer Order Warehouse Pack Cost Amount - Last Year,APPROVED,5:BI Link,,dc_item_measures,It is the dollar value of warehouse packs on hand this year that were ordered from the supplier. This amount is shown in U.S. dollars ($).Formula: (ty_order_whpk_qty × whpk_cost_amt) - (ty_ss_order_whpk_qty × whpk_cost_amt)
buyer_order_whpk_cost_amt,Buyer Order Warehouse Pack Cost Amount - This Year,APPROVED,5:BI Link,,dc_item_measures,It is the dollar value of warehouse packs on hand this year that were ordered from the supplier. This amount is shown in U.S. dollars ($).Formula: (ty_order_whpk_qty × whpk_cost_amt) - (ty_ss_order_whpk_qty × whpk_cost_amt)
buyer_order_whpk_cost_amt,Buyer Order Warehouse Pack Cost Amount EOP,APPROVED,13:Report Builder,dc_metrics,,It is the dollar value of warehouse packs on hand this year that were ordered from the supplier. This amount is shown in U.S. dollars ($).Formula: (ty_order_whpk_qty × whpk_cost_amt) - (ty_ss_order_whpk_qty × whpk_cost_amt)Note: This metric is the 'End of Period' value for the selected time period: For Example: ‘Friday’ for WMT weeks.
buyer_order_whpk_qty,Buyer Order Warehouse Pack Quantity,APPROVED,3:Cloud Feeds;9:API Glossary;13:Report Builder,custom_datasets;dc_metrics,dc_item_measures,"It is the number of warehouse packs on hand this year that were ordered from the supplier. This value is shown in packs.Formula:ty_order_whpk_qty - ty_ss_order_whpk_qtyNote: When viewed at the Walmart weekly level, this metric is displayed as an average (AVG), not a total sum (SUM), for the selected time period."
buyer_order_whpk_qty,Buyer Order Warehouse Pack Quantity - Last Year,APPROVED,5:BI Link,,dc_item_measures,"It is the number of warehouse packs on hand this year that were ordered from the supplier. This value is shown in packs.Formula:ty_order_whpk_qty - ty_ss_order_whpk_qtyNote: When viewed at the Walmart weekly level, this metric is displayed as an average (AVG), not a total sum (SUM), for the selected time period."
buyer_order_whpk_qty,Buyer Order Warehouse Pack Quantity - This Year,APPROVED,5:BI Link,,dc_item_measures,"It is the number of warehouse packs on hand this year that were ordered from the supplier. This value is shown in packs.Formula:ty_order_whpk_qty - ty_ss_order_whpk_qtyNote: When viewed at the Walmart weekly level, this metric is displayed as an average (AVG), not a total sum (SUM), for the selected time period."
buyer_order_whpk_qty,Buyer Order Warehouse Pack Quantity EOP,APPROVED,13:Report Builder,dc_metrics,,It is the number of warehouse packs on hand this year that were ordered from the supplier. This value is shown in packs.Formula:ty_order_whpk_qty - ty_ss_order_whpk_qtyNote: This metric is the 'End of Period' value for the selected time period: For Example: ‘Friday’ for WMT weeks.
buyer_order_whpk_rtl_amt,Buyer Order Warehouse Pack Retail Amount,APPROVED,3:Cloud Feeds,,,It is the total retail value (the price at which products are sold to customers) of warehouse packs on hand this year that were ordered from the supplier. This value is expressed in dollars ($).Formula :(ty_order_whpk_qty * whpk_sell_amt) - (ty_ss_order_whpk_qty * whpk_sell_amt)
buyer_order_whpk_rtl_amt,Buyer Order Warehouse Pack Sell Amount,APPROVED,9:API Glossary;13:Report Builder,custom_datasets;dc_metrics,dc_item_measures,"It is the dollar value of warehouse packs on hand this year that were ordered from the supplier. This amount is shown in dollars ($).Formula: (order_whpk_qty × whpk_sell_amt) - (ss_order_whpk_qty × whpk_sell_amt)Additional Details:whpk_sell_amt does not include inbound freight costs or any additional DC charges. It strictly represents the value charged to the store by the warehouse for each pack.This metric reflects the value of warehouse inventory as it relates to how much is charged to the store by the warehouse, not the retail price or the supplier's cost.Note: When this metric is pulled at the Walmart weekly level, it is shown as an average (AVG), not a total sum (SUM), for the selected time period."
buyer_order_whpk_rtl_amt,Buyer Order Warehouse Pack Sell Amount - Last Year,APPROVED,5:BI Link,,dc_item_measures,"It is the dollar value of warehouse packs on hand this year that were ordered from the supplier. This amount is shown in dollars ($).Formula: (order_whpk_qty × whpk_sell_amt) - (ss_order_whpk_qty × whpk_sell_amt)Additional Details:whpk_sell_amt does not include inbound freight costs or any additional DC charges. It strictly represents the value charged to the store by the warehouse for each pack.This metric reflects the value of warehouse inventory as it relates to how much is charged to the store by the warehouse, not the retail price or the supplier's cost.Note: When this metric is pulled at the Walmart weekly level, it is shown as an average (AVG), not a total sum (SUM), for the selected time period."
buyer_order_whpk_rtl_amt,Buyer Order Warehouse Pack Sell Amount - This Year,APPROVED,5:BI Link,,dc_item_measures,"It is the dollar value of warehouse packs on hand this year that were ordered from the supplier. This amount is shown in dollars ($).Formula: (order_whpk_qty × whpk_sell_amt) - (ss_order_whpk_qty × whpk_sell_amt)Additional Details:whpk_sell_amt does not include inbound freight costs or any additional DC charges. It strictly represents the value charged to the store by the warehouse for each pack.This metric reflects the value of warehouse inventory as it relates to how much is charged to the store by the warehouse, not the retail price or the supplier's cost.Note: When this metric is pulled at the Walmart weekly level, it is shown as an average (AVG), not a total sum (SUM), for the selected time period."
buyer_order_whpk_rtl_amt,Buyer Order Warehouse Pack Sell Amount EOP,APPROVED,13:Report Builder,dc_metrics,,"It is the dollar value of warehouse packs on hand this year that were ordered from the supplier. This amount is shown in dollars ($).Formula: (order_whpk_qty × whpk_sell_amt) - (ss_order_whpk_qty × whpk_sell_amt)Additional Details:whpk_sell_amt does not include inbound freight costs or any additional DC charges. It strictly represents the value charged to the store by the warehouse for each pack.This metric reflects the value of warehouse inventory as it relates to how much is charged to the store by the warehouse, not the retail price or the supplier's cost.Note: This metric is the 'End of Period' value for the selected time period: For Example: ‘Friday’ for WMT weeks."
buyer_userid,Buyer ID,APPROVED,13:Report Builder,custom_datasets;dc_metrics;ecomm_inventory;ecomm_sales;future_valid_item_store;modular_plan_metrics;omni_otif;omni_sales;order_forecast;store_demand_forecast;store_markup_and_markdowns;store_sales_&amp;vendor_scorecard,,This is the system assigned unique ID of the Buyer who is responsible for buying most of the items in a Fineline.
buyer_userid,Buyer User ID,APPROVED,3:Cloud Feeds;5:BI Link;9:API Glossary;13:Report Builder,omni_otif;purchase_order,item_attributes;item_dimensions;omni_otif;oms_po_details;otif_(decommissioned);purchase_order_line,The system assigned userid of the Buyer who is responsible for buying most of the items in a Fineline.
buyg_agnt_id,Buying Agent ID,APPROVED,3:Cloud Feeds;5:BI Link;9:API Glossary;13:Report Builder,purchase_order,oms_po_details;purchase_order,It is a unique identifier used to specify the buying agents involved in purchasing merchandise for a particular Supplier Quote. These buying agents can be a Global Procurement (GP) office or a third-party organization. The Buying Agent ID originates from the Sourcing/Imports system and helps track which agent is responsible for facilitating the purchase process for the supplier's merchandise.
buyg_region_cd,Buying Region Code,APPROVED,3:Cloud Feeds;5:BI Link;9:API Glossary;13:Report Builder,custom_datasets;dc_metrics;ecomm_sales;modular_plan_metrics;omni_otif;omni_sales;order_forecast;purchase_order;store_demand_forecast;store_markup_and_markdowns;store_sales_&amp,item_attributes;item_dimensions,"Used for items that belong in one Buying Region. Examples: 1 - Puerto Rico, 2 - Hawaii, or 3 - Alaska. This is mainly used to differentiate between Continental US items and Puerto Rico, Hawaii or Alaska items that have the same UPC."
buyg_region_desc,Buying Region Description,APPROVED,3:Cloud Feeds;5:BI Link;9:API Glossary;13:Report Builder,custom_datasets;dc_metrics;ecomm_sales;modular_plan_metrics;omni_otif;omni_sales;order_forecast;purchase_order;store_demand_forecast;store_markup_and_markdowns;store_sales_&amp,item_attributes;item_dimensions,"Used for items that belong in one Buying Region. Examples: 1 - Puerto Rico, 2 - Hawaii, or 3 - Alaska. This is mainly used to differentiate between Continental US items and Puerto Rico, Hawaii or Alaska items that have the same UPC."
buyr_rpt_postn_id,Buyer Reporting Position ID,APPROVED,3:Cloud Feeds;5:BI Link;9:API Glossary,,item_attributes;item_dimensions,Represents the Walmart buyer position reporting structure.
cal_day_alpha_nbr,Calendar Day Alpha Number,APPROVED,3:Cloud Feeds;5:BI Link;9:API Glossary,,calendar_dimensions,"A number representing the calendar day of the month (zero padded for correct lexicographical order), as in 01, 02, 03, 04, ..., 31. This value is the same for fiscal and Walmart merchandising years."
cal_dt,Calendar Date,APPROVED,3:Cloud Feeds;5:BI Link;9:API Glossary,,calendar_dimensions,"The numeric calendar date. The calendar date is formatted for different types of calendars, such as Walmart merchandising (4/5/4), fiscal, and Gregorian calendar.Note: The 4/5/4 is a retail calendar format that ensures sales comparability between years by dividing the year into months based on 4 weeks – 5 weeks – 4 weeks format. This format ensures the same number of Saturdays and Sundays in comparable months."
cal_dt_end_ts,Calendar Date End Time,APPROVED,3:Cloud Feeds;5:BI Link;9:API Glossary,,calendar_dimensions,"The end-of-day time for the calendar date. This date/time may be formatted for different types of calendars, such as Walmart Merchandising (4/5/4), fiscal, and calendar. Example: 2004-01-01 23:59:59:999999."
cal_dt_start_ts,Calendar Date Start Time,APPROVED,3:Cloud Feeds;5:BI Link;9:API Glossary,,calendar_dimensions,"The beginning-of-day time for the calendar date. This date/time may be formatted for different types of calendars, such as Walmart Merchandising (4/5/4), fiscal, and calendar. Example: 200401-01 00:00:00:000000."
cal_full_yr_nbr,Calendar Full Year Number,APPROVED,3:Cloud Feeds;5:BI Link;9:API Glossary,,calendar_dimensions,A four-digit number representing the calendar year. This number is not based on the 4/5/4 format. Example: 2007.
cal_half_cnt,Calendar Half Year Count,APPROVED,3:Cloud Feeds;5:BI Link;9:API Glossary,,calendar_dimensions,"A sequential number assigned to each half-year period (either the first or second half of a year), starting from a fixed point in time. For example, the second half of 2007 is represented as CAL_HALF_CNT = 915.This count is used to calculate the difference between two calendar half-year periods by subtracting one CAL_HALF_CNT value from another."
cal_half_yr_nbr,Calendar Half Year Number,APPROVED,3:Cloud Feeds;5:BI Link;9:API Glossary,,calendar_dimensions,A numeric value that indicates whether a specific date falls within the first or second half of the calendar year. This value is determined by the calendar month number (CAL_MONTH_NBR) and is not based on the 4/5/4 retail calendar or Walmart-specific week numbering systems (WM_YR_WK_NBR/WM_WEEK_NBR).1: Indicates the date is in the first half of the year (January 1 – June 30)2: Indicates the date is in the second half of the year (July 1 – December 31)
cal_half_yr_nm,Calendar Half Year Name,APPROVED,3:Cloud Feeds;5:BI Link;9:API Glossary,,calendar_dimensions,"A name representing the calendar half year, in the country's native language and not based on the 4/5/4 calendar. The first half of the year starts January 1, and the second half of year starts July 1, for all countries. For example, if the month is April the returned calendar name could be: H1, 1st half, or 1° Semestre."
cal_mth_abbr,Calendar Month Abbreviation,APPROVED,3:Cloud Feeds;5:BI Link;9:API Glossary,,calendar_dimensions,"The abbreviation of the calendar month, in the country's native language, such as Jan, Feb, Mar, Apr, May, Jun, Jul, Aug, Sep, Oct, Nov, Dec."
cal_mth_alpha_nbr,Calendar Month Alpha Number,APPROVED,3:Cloud Feeds;5:BI Link;9:API Glossary,,calendar_dimensions,"A number representing the calendar month (zero padded for correct lexicographical order), where 01 is always January. For example, if it is April the returned value would be: 04."
cal_mth_cnt,Calendar Month Count,APPROVED,3:Cloud Feeds;5:BI Link;9:API Glossary,,calendar_dimensions,"A sequential number assigned to each calendar month, starting from a fixed point in time and increasing by one for each subsequent month. For example, December 2007 is represented as CAL_MTH_CNT = 1295.This count is used to calculate the difference between two calendar months by subtracting one."
cal_mth_desc,Calendar Month Description,APPROVED,3:Cloud Feeds;5:BI Link;9:API Glossary,,calendar_dimensions,"It is the full name of the calendar month corresponding to a given calendar month number (cal_month_nbr), displayed in the country's native language.Example:If the calendar month number is 04, the returned month name would be ""April""."
cal_mth_nbr,Calendar Month Number,APPROVED,3:Cloud Feeds;5:BI Link;9:API Glossary,,calendar_dimensions,"A number representing the calendar month, where 1 is always January. This value is not based on the 4/5/4 retail calendar. For example, if it is April the returned value would be: 4."
cal_otb_mth_nbr,Calendar Open to Buy Month Number,APPROVED,3:Cloud Feeds;5:BI Link;9:API Glossary;13:Report Builder,purchase_order,oms_po_details;purchase_order;purchase_order_line,"This is the month into which this purchase is budgeted. This is a standard calendar where Jan is month 1. Financial definition of two digit month meaning when the cost of these goods we have ordered go onto our financial books. The ""Planning for Profit"" project is currently defining new rules around Open to Buy (OTB). New purchase orders (PO) will use these new rules."
cal_otb_yr_nbr,Calendar Open to Buy Year Number,APPROVED,3:Cloud Feeds;5:BI Link;9:API Glossary;13:Report Builder,purchase_order,oms_po_details;purchase_order_line,The calendar year of the purchase budget. This is a standard calendar where Jan is month 1. Financial definition of two digit year meaning when the cost of these goods we have ordered go onto our financial books.
cal_otb_yr_nbr,Open to Buy Year,APPROVED,3:Cloud Feeds;9:API Glossary,,purchase_order,"The calendar year of the purchase budget.This is a standard calendar where January is month 1. Financial definition of two digit year meaning when the cost of these goods we have ordered go onto our financial books. The ""Planning for Profit"" project is currently defining new rules around Open to Buy (OTB). New purchase orders (PO) will use these new rules."
cal_qtr_cnt,Calculated Quarter Count,APPROVED,3:Cloud Feeds;5:BI Link;9:API Glossary,,calendar_dimensions,"A numeric value (1, 2, 3, or 4) that represents the calendar quarter of a given date. This value is determined by the calendar month number (CAL_MONTH_NBR), not by the 4/5/4 retail calendar or Walmart-specific week numbering systems (WM_YR_WK_NBR / WM_WEEK_NBR)."
cal_qtr_desc,Calendar Quarter Description,APPROVED,3:Cloud Feeds;5:BI Link;9:API Glossary,,calendar_dimensions,"A name representing the calendar quarter, in the country's native language and not based on the 4/5/4 calendar. Example: Q1, Q2, Q3, Q4."
cal_qtr_nbr,Calculated Quarter Number,APPROVED,3:Cloud Feeds;5:BI Link;9:API Glossary,,calendar_dimensions,"A sequential number assigned to each calendar quarter, starting from a fixed point in time, and increasing by one for each subsequent quarter. For example, Q1 of 2007 is represented as CAL_QTR_CNT = 428.This count is used to easily calculate the difference between two calendar quarters by subtracting one CAL_QTR_CNT value from another."
cal_wk_cnt,Calendar Week Count,APPROVED,3:Cloud Feeds;5:BI Link;9:API Glossary,,calendar_dimensions,"A sequential number assigned to each calendar week, starting from a fixed point in time and increasing by one for each subsequent week. For example, Week 01 of 2007 is represented as CAL_WK_CNT = 5583.This count is used to calculate the difference between two calendar weeks by subtracting one CAL_WK_CNT value from another."
cal_wk_day_abbr,Calendar Weekday Abbreviated,APPROVED,3:Cloud Feeds;5:BI Link;9:API Glossary,,calendar_dimensions,"An abbreviated calendar day of the week, in the country's native language (such as: Mon, Tue, Wed, etc.). For example, if the day of the week number is 1, the day of the week would be Sunday and the return would be: Sun."
cal_wk_day_nbr,Calendar Weekday Number,APPROVED,3:Cloud Feeds;5:BI Link;9:API Glossary,,calendar_dimensions,"A number indicating the calendar day of the week, beginning with Sunday (1) and ending with Saturday (7). For example, if the day of the week is Wednesday the return would be: 4."
cal_wk_day_nm,Calendar Day of the Week Name,APPROVED,3:Cloud Feeds;5:BI Link;9:API Glossary,,calendar_dimensions,"The calendar day of the week name, in the country's native language. Such as: Sunday, Monday, Tuesday, Wednesday, Thursday, Friday, Saturday."
cal_wk_nbr,Calendar Week Number,APPROVED,3:Cloud Feeds;5:BI Link;9:API Glossary,,calendar_dimensions,"A number representing the calendar week for this date (as in 1, 2, 3, 12, ... 52, etc.). Week 1 starts on the first day of January. The week may not contain a full 7 days. For example, if it is the first week of February the return would be: 5."
cal_wk_nm,Calendar Week Name,APPROVED,3:Cloud Feeds;5:BI Link;9:API Glossary,,calendar_dimensions,"The name for the calendar week, in the country's native language (such as: Week 1, Week 2, ...Week 52). Week 1 starts the first day of January. For example, if it is the first week of February the return could be: Week 5."
cal_yr_nm,Calendar Year Name,APPROVED,3:Cloud Feeds;5:BI Link;9:API Glossary,,calendar_dimensions,"The calendar year name, in the country's native language and not based on the 4/5/4 calendar. Example: Year 2007."
calc_tender_amt,Sales by Tender,APPROVED,9:API Glossary;13:Report Builder,tender_analysis,sales_tender,"The total sales amount (tender amount) by tender type. Tender amount is the price which customer bought the item with a specific tender type (WIC, EBT, ETC..) WIC : Women-Infant-Children This is a calculated field, based on wic_redeemed_ind, wic_partical_ind, and foodstamp_eligible_ind"
cancel_ind,Cancel Indicator,APPROVED,5:BI Link;9:API Glossary;13:Report Builder,omni_otif,omni_otif;otif_(decommissioned),"Indicates if the purchase order header or line was canceled.E.g., header, line, null"
cancel_reason_cd_to_use,Cancel Reason Code,APPROVED,5:BI Link;9:API Glossary;13:Report Builder,omni_otif,omni_otif;otif_(decommissioned),Identifies the item as cancelled and outlines the reason why.
cancel_system_po_vnpk_qty,Cancel System PO Vendor Pack Quantity,APPROVED,9:API Glossary,,otif_(decommissioned),Refers to the quantity of vendor packs on a purchase order (PO) that have been cancelled by the system. This value represents the number of vendor pack units that were originally ordered but have since been cancelled through the system process.
cancel_system_po_vnpk_qty,Cancelled PO Cases,APPROVED,5:BI Link;9:API Glossary;13:Report Builder,omni_otif,omni_otif,Represents the number of vendor packs (cases) that fall within the Cancelled PO accountability bucket. This value indicates how many vendor pack quantities from purchase orders have been cancelled and are being tracked for accountability purposes.
canned_order_ind,Canned Order Indicator,APPROVED,3:Cloud Feeds;5:BI Link;9:API Glossary,,item_attributes;item_dimensions,"This indicates that a specified item quantity, varying by store department size, will be sent to all new store openings. Note: The item must still be valid for a new store. This can also be used in disaster recovery to restock a store."
carrier_cd,Carrier Code,APPROVED,3:Cloud Feeds;5:BI Link;9:API Glossary;13:Report Builder,omni_otif;purchase_order,omni_otif;oms_po_details;purchase_order_dc_receiver,This is the Carrier Standard Carrier Abbreviation Code (SCAC) code. Example: JBHT
carrier_nm,Carrier Name,APPROVED,5:BI Link;9:API Glossary;13:Report Builder,omni_otif,omni_otif;otif_(decommissioned),Name of carrier that transported PO vendor pack quantity.
carrier_pckup_dt,Carrier Pickup Date,APPROVED,3:Cloud Feeds;9:API Glossary;13:Report Builder,purchase_order,purchase_order_dc_receiver,This is the date the carrier picked up the merchandise from the vendor. Accounts payable references this to determine if the vendor shipped within the dates specified on the purchase order for assessment of a penalty or reduction in the invoice amount.
carry_opt_cd,Carry Option Code,APPROVED,13:Report Builder,custom_datasets;store_sales_&amp,store_item_measures_(inventory),Carry Option indicates whether or not the merchandise is valid for the store.
carry_status_cd,Carry Status Code,APPROVED,13:Report Builder,custom_datasets;store_sales_&amp,store_item_measures_(inventory),Carry Status indicates the current replenishable status.
case_upc_fmt_cd,Case UPC Format Code,APPROVED,3:Cloud Feeds;5:BI Link;9:API Glossary,,item_attributes;item_dimensions,"The Universal Product Code format code.Examples: 1 - EAN-8 2 - UPC-12 3 - EAN-13 4 - UPC-13 5 - EAN-14"""
case_upc_fmt_desc,Case UPC Format Description,APPROVED,3:Cloud Feeds;5:BI Link;9:API Glossary,,item_attributes;item_dimensions,"The textual description of the UPC format code.Examples: 1 - EAN-8 2 - UPC-12 3 - EAN-13 4 - UPC-13 5 - EAN-14"""
case_upc_nbr,Case UPC Number,APPROVED,3:Cloud Feeds;5:BI Link;9:API Glossary;13:Report Builder,custom_datasets;dc_metrics;ecomm_sales;modular_plan_metrics;omni_otif;omni_sales;order_forecast;purchase_order;store_demand_forecast;store_markup_and_markdowns;store_sales_&amp,item_attributes;item_dimensions,"This is the standardized shipping container code, also known as the SCC-14 (Shipping Container Code-14), which is a universal code used to identify shipping containers or vendor cases of merchandise. This code is especially important in the grocery sector.It is used by all Distribution Centers (DCs) when receiving merchandise, particularly when an Advance Ship Notice (ASN) is provided."
catch_wt_ind,Catch Weight Indicator,APPROVED,3:Cloud Feeds;5:BI Link;9:API Glossary;13:Report Builder,,item_attributes;item_dimensions,This is used for variable weight merchandise. “Y” indicates that the store is charged for the actual weight of the merchandise. “N” indicates that the store is charged for the average weight of the merchandise.
catlg_item_id,Catalog Item ID,APPROVED,6:Digital Landscapes;9:API Glossary;13:Report Builder,purchase_order,ecomm_product_content_score;ecomm_returns,"The primary SKU for eCommerce products. It is pack specific (i.e., each pack size will have different identification numbers).It is also known as eCommerce Item Number.Note : As the Catalog Item ID is for eCommerce products only, there may not be a corresponding item number when looking in datasets that only represent store metrics"
catlg_item_id,Catalog Item ID / eComm Prod ID,APPROVED,3:Cloud Feeds;5:BI Link;7:Channel Performance Insights;9:API Glossary;13:Report Builder,bottle_deposit;custom_datasets;dc_metrics;ecomm_inventory;ecomm_sales;modular_plan_metrics;omni_otif;omni_sales;order_forecast;store_demand_forecast;store_markup_and_markdowns;store_sales_&amp,digital_transactability;ecomm_instock_percentage;ecomm_inventory;ecomm_subscriptions;fc_ecomm_instock_percentage;item_attributes;item_dimensions;omni_sales;omni_sales_new;product_dimensions;store_fulfillment,"A unique identifier assigned to each product listed on Walmart's eCommerce platform. This ID is also known as the eCommerce Product ID. It serves as the primary Stock Keeping Unit (SKU) for online products and is specific to each pack size or product variation—meaning different pack sizes or configurations of the same product will have different Catalog Item IDs.Since the Catalog Item ID is used exclusively for eCommerce products, you may not find a corresponding item number in datasets that only include store (brick-and-mortar) metrics. In other words, some eCommerce products may not have a matching item number in store-focused reports."
charged_ind,Charge Indicator,APPROVED,13:Report Builder,omni_otif,,Indicates if PO header or line was charged or not.
chem_ind,Chemical Indicator,APPROVED,3:Cloud Feeds;5:BI Link;9:API Glossary;13:Report Builder,ecomm_inventory;ecomm_sales;omni_sales,product_dimensions,Identifies if an item is made up of a liquid or powder not intended for human consumption. Used to determine if an Item is a Hazardous Waste if disposed of.
chng_rsn_cd,Change Reason Code,APPROVED,3:Cloud Feeds;5:BI Link;9:API Glossary;13:Report Builder,purchase_order,oms_po_details;purchase_order;purchase_order_stock_transfer,"These are the descriptions for the reasons for creations or changes to the Purchase Order (PO).-Inaccurate Forecast-Store/Club Demand Change-Supplier Negotiated Change (ex: cost, pack, terms)-Business Decision-Recall-Withdrawal-Supplier Capacity Issue (supplier responsible)-Supplier Requested Change-Hurricane-Flooding-Tornado-Fire-Earthquake-Substitute Item Received-Incorrect Item Received-Incorrect Initial Distribution-Impact Store/Club-Supplier Uncontrollable (Supplier Reimbursement Charge not applied)-Walmart/Sam’s Approved"
chng_rsn_desc,Change Reason Description,APPROVED,3:Cloud Feeds;5:BI Link;9:API Glossary;13:Report Builder,purchase_order,oms_po_details;purchase_order,"These are the descriptions for the reasons for creations or changes to the purchase order (PO).-Inaccurate Forecast-Store/Club Demand Change-Supplier Negotiated Change (ex: cost, pack, terms)-Business Decision-Recall-Withdrawal-Supplier Capacity Issue (supplier responsible)-Supplier Requested Change-Hurricane-Flooding-Tornado-Fire-Earthquake-Substitute Item Received-Incorrect Item Received-Incorrect Initial Distribution-Impact Store/Club-Supplier Uncontrollable (Supplier Reimbursement Charge not applied)-Walmart/Sam’s Approved"
chnl_base_desc,Channel Base Description,APPROVED,13:Report Builder,bottle_deposit,,Channel base description shows the avenue in which a product was delivered/received. Used to provide visibility into Omni Segments of the Business.
chnl_base_id,Channel Base ID,APPROVED,13:Report Builder,bottle_deposit,,ID associated to a unique Channel Base Description. Channel base is the avenue in which a product was delivered/received. Used to provide visibility into Omni Segments of the business.
chnl_mthd_cd,Channel Method Code,APPROVED,3:Cloud Feeds;5:BI Link;9:API Glossary;13:Report Builder,purchase_order,oms_po_details;purchase_order_alloc_order;purchase_order_line;purchase_order_stock_transfer,"Identifies the flow of the purchase order (PO) through the Walmart Purchase Order Network.Current channel methods are: 1-CROSSDOCK, 2-STAPLE STOCK, 3-DSD, 4-DSDC"
chnl_mthd_desc,Channel Method Description,APPROVED,3:Cloud Feeds;5:BI Link;9:API Glossary;13:Report Builder,omni_otif,omni_otif;oms_po_details;otif_(decommissioned);purchase_order_line,"This is the description for the indicated Channel Method Type. The Channel Method Type indicates the flow of the purchase order (PO) through the Walmart Purchase Order Network.Current channel methods are:-Crossdock: Assembly items that flow through the DC.-Staple Stock: Warehouse items that are slotted in the DC.-Assembly: same as Crossdock-Two-Tier: can be both Assembly & Warehouse, some of the product is slotted in the distribution center (DC) & some product flows through the DC's to stores/clubs"
chnl_mthd_desc,Channel Method Type,APPROVED,9:API Glossary;13:Report Builder,purchase_order,otif_(decommissioned),Indicates the flow of the PO through the WalMart Purchase Order Network.
chnl_subtype_id,Channel Subtype Id,APPROVED,9:API Glossary,,ecomm_returns;ecomm_subscriptions,A code which identifies the visit type when it is not a regular sales transaction. This will be used for layaway and ATM plus transactions. This code represents the type of transaction/order that is more granular than CHNL_TYPE_ID
chnl_subtype_nm,Channel Subtype Name,APPROVED,9:API Glossary,,ecomm_returns;ecomm_subscriptions,"This is the channel - the delivery method for the order. S2H = Ship to Home, S2S = Ship to Store, PUT = Pick Up Today, SFS = Ship from Store, OG = Online Grocery, etc. Note all MP sales will be 'MP', including WFS even though this is fulfilled out of owned Fulfillment Centers (dstrbtr_grp_type_ovrd_nm = 'OWNED')"
chnl_type_id,Channel Type ID,APPROVED,3:Cloud Feeds,,,Channel Type is a number assigned to the type of visit. Examples: 1 STORE SALE30 LAYAWAY60 OTHER86 ONLINE INITIATED SALE
city_nm,City Name,APPROVED,3:Cloud Feeds;5:BI Link;9:API Glossary;13:Report Builder,custom_datasets;dc_metrics;ecomm_inventory;future_valid_item_store;modular_plan_metrics;omni_otif;order_forecast;purchase_order;store_demand_forecast;store_markup_and_markdowns;store_sales_&amp,dc_dimensions;store_dimensions,The name of the city where the Distribution Center or store is located.
city_nm,DC City Name,APPROVED,13:Report Builder,order_forecast,,It is the name of the city in which the Distribution Center (DC) resides.
claim_rqst_ind,Claim Request Indicator,APPROVED,3:Cloud Feeds;5:BI Link;9:API Glossary;13:Report Builder,purchase_order,oms_po_details;purchase_order_dc_receiver,The indicator which denotes if a claim request was submitted for damaged merchandise delivered. Values: 0: No 1: Yes
clearance_not_elig_ind,Clearance Not Eligible Indicator,APPROVED,5:BI Link;9:API Glossary,,digital_transactability,"Indicates that the item is not eligible due to clearance. For example, when item has been removed from the mod but is still on the shelf until the item sells out. Values are 0 and 1."
cloud_grocer_og_ind,Cloud Grocery Online Grocery,APPROVED,2:Customer Perception,,,Self-identification by the panelist that they have used cloud grocery online grocery.
cmpnt_cntry_of_orign_nm,Components Country of Origin Name,APPROVED,3:Cloud Feeds;5:BI Link;9:API Glossary;13:Report Builder,ecomm_inventory;ecomm_sales;omni_sales,product_dimensions,The name of the country where the product originated.
cncl_cost,Cancel Cost,APPROVED,3:Cloud Feeds;5:BI Link;9:API Glossary;13:Report Builder,omni_sales,omni_sales;omni_sales_new,"Refers to the product cost associated with units that have been cancelled. This cost applies to Owned and DSV (Drop Ship Vendor) products. For store products, the Cancel Cost is recorded as Null (i.e., not applicable or not recorded)."
cncl_qty,Cancelled Quantity,APPROVED,9:API Glossary,,ecomm_subscriptions,"The number of cancelled units. They could be cancelled for potential fraud, by the customer, or by us if we couldn't fulfill the sold units for whatever reason."
cncl_rsn_nm,Cancelled Reason Name,APPROVED,9:API Glossary,,ecomm_subscriptions,The descriptive label or name assigned to the reason why a subscription was cancelled. This value identifies the specific cause for the cancellation event.Possible Values:PAYMENT_AUTH_FAILED: The subscription was cancelled because payment authorization failed.CUSTOMER_INELIGIBLE: The subscription was cancelled because the customer was not eligible.ITEM_NOT_SUPPORTED: The subscription was cancelled because the item is not supported.
cncl_when_out_dt,Cancel When Out Date,APPROVED,3:Cloud Feeds;5:BI Link;9:API Glossary;13:Report Builder,dc_metrics;modular_plan_metrics;omni_otif;omni_sales;order_forecast;store_demand_forecast;store_sales_&amp,dc_item_measures,"The date that all of the warehouses are expected to be out of the item merchandise, so the item can then go to a deleted status."
cncl_when_out_ind,Cancel When Out Indicator,APPROVED,3:Cloud Feeds;5:BI Link;9:API Glossary;13:Report Builder,custom_datasets;dc_metrics;ecomm_sales;modular_plan_metrics;omni_otif;omni_sales;order_forecast;purchase_order;store_demand_forecast;store_markup_and_markdowns;store_sales_&amp,dc_item_measures;item_attributes;item_dimensions,"The merchandise is being phased out at the Store or the Distribution Center. When on-hand falls to zero, cancel the store order for this item.Examples: 0,1 (where 1 means item is deleted)"
cnfrm_shpmnt_deadline_dt,Confirm Shipment Deadline Date,APPROVED,5:BI Link;9:API Glossary;13:Report Builder,omni_otif,omni_otif,The deadline for confirming the shipment or delivery of the merchandise.Format : YYYY-MM-DD
cnsld_id,Consolidator ID,APPROVED,3:Cloud Feeds;5:BI Link;9:API Glossary;13:Report Builder,purchase_order,oms_po_details;purchase_order,Identifies the external company ID contracted by Walmart to prepare merchandise for delivery to target Home Office. This preparation will typically consist of the consolidation of several orders freight into containers for shipment.
cnsld_ind,Consolidation Flag,APPROVED,3:Cloud Feeds;5:BI Link;9:API Glossary;13:Report Builder,omni_otif;purchase_order,omni_otif;oms_po_details;otif_(decommissioned);purchase_order_dc_receiver,The Consolidation Flag is an indicator that shows whether a Purchase Order (PO) has passed through an eligible center point during its processing. This flag is typically set to either:True: The PO did flow through an eligible center point.False: The PO did not flow through an eligible center point.
cnsumable_div_nbr,Consumable Division number,APPROVED,3:Cloud Feeds;5:BI Link;9:API Glossary,,item_attributes;item_dimensions,"The consumable division number of the item.In Wal-Mart, U.S., Division 1, consumable items (supplies) are created in Division 1 and charged to Division 1. In ASDA supplies are created in Division 68 and charged to the division that they are used in: CONSUMABLE DIVISION NBR. If multiple divisions use this item it will be charged to Division 68."
cntnr_load_qty,Container Load Quantity,APPROVED,3:Cloud Feeds;5:BI Link;9:API Glossary;13:Report Builder,purchase_order,oms_po_details;purchase_order,This is the number of cases that it will take to fill up the container as specified in the Equipment Type Code column. The number of pieces will be calculated based on the sum of the pack volumes. The users are allowed to change it to a value other than the computed value.
cntra_cost,Contract Cost,APPROVED,3:Cloud Feeds;5:BI Link;9:API Glossary;13:Report Builder,omni_sales,omni_sales;omni_sales_new,"Product cost recouped from vendors (owned or DSV) for returns, refunds or replacements. For Walmart, assumed 100% recovery for returns to return centers. For store this is Null."
cntrl_substance_ind,Controlled Substance Indicator,APPROVED,3:Cloud Feeds;5:BI Link;9:API Glossary;13:Report Builder,custom_datasets;dc_metrics;ecomm_inventory;ecomm_sales;modular_plan_metrics;omni_otif;omni_sales;order_forecast;purchase_order;store_demand_forecast;store_markup_and_markdowns;store_sales_&amp,item_attributes;item_dimensions;product_dimensions,"Indicates if an item is made up of a controlled substance. A controlled substance is a drug or chemical whose manufacture, possession and use are regulated by a government. For example, this may include prescription medications and precursor chemicals used for the production of illegal drugs."
cntrt_carrier_ind,Contract Carrier Indicator,APPROVED,3:Cloud Feeds;5:BI Link;9:API Glossary;13:Report Builder,purchase_order,oms_po_details;purchase_order;purchase_order_stock_transfer,"Means that a freight carrier that Walmart has a contract with will be hauling the merchandise from the Vendor to the DC. Walmart will be paying an outside carrier to do the move, as opposed to Walmart’s private fleet moving the merchandise."
cntry_nm,Country Name,APPROVED,3:Cloud Feeds;5:BI Link;9:API Glossary,,item_attributes;item_dimensions,This is the textual identifier for a country.
cnty_nm,County Name,APPROVED,3:Cloud Feeds;5:BI Link;9:API Glossary,,dc_dimensions;store_dimensions,This is the textual identifier for a county.
co_managed_ind,Co Managed Indicator,APPROVED,3:Cloud Feeds;5:BI Link;9:API Glossary;13:Report Builder,purchase_order,oms_po_details;purchase_order,Indicates the purchase order (PO) is created by a co-managed supplier.
coborns_delivers_og_ind,Coborns Online Grocery,APPROVED,2:Customer Perception,,,Self-identification by the panelist that they have used Coborns Online grocery.
coll_rdy_pct,Collect Ready Percent,APPROVED,5:BI Link;9:API Glossary;13:Report Builder,omni_otif,omni_otif;otif_(decommissioned),Number of vendor pack quantity in Collect Ready accountability bucket.(Collect cases routed on time and ready for pickup/collect cases received).
collect_early_vnpk_qty,Collect Early Cases,APPROVED,5:BI Link;9:API Glossary;13:Report Builder,omni_otif,omni_otif,Number of vendor pack quantity in Collect Early accountability bucket.
collect_early_vnpk_qty,Collect Early Vendor Pack Quantity,APPROVED,9:API Glossary,,otif_(decommissioned),Number of vendor pack quantity in Collect Early accountability bucket.
collect_late_vnpk_qty,Collect Late Cases,APPROVED,5:BI Link;9:API Glossary,omni_otif,omni_otif;otif_(decommissioned),Number of vendor pack quantity in Collect Late accountability bucket.
collect_ready_charges,Collect Ready Charges,APPROVED,5:BI Link;9:API Glossary;13:Report Builder,omni_otif,omni_otif,Amount of collect ready charges from the Supplier/PO level for admin/business reasons.
collect_ready_rcv_vnpk_qty,Collect Receive Vendor Pack Quantity,APPROVED,13:Report Builder,,,Number of collect vendor pack quantity received (excludes any non-compliant Walmart accountable vendor pack quantity)
collect_ready_vnpk_qty,Collect Ready Cases,APPROVED,5:BI Link;9:API Glossary;13:Report Builder,omni_otif,omni_otif;otif_(decommissioned),Number of vendor pack quantity in Collect Ready accountability bucket. Providing a calculated column: Received qty – (Late Routing Cases + Supplier Ship Point Cases).
collect_ready_vnpk_qty,Collect Ready Vendor Pack Quantity,APPROVED,5:BI Link;9:API Glossary;13:Report Builder,omni_otif,omni_otif,"This metric measures the number of vendor packs that are ready for collection in the supply chain process. It specifically accounts for the vendor packs that have been received and are available for pickup, after excluding those that were delayed due to late routing or shipped from the supplier's ship point instead of the planned route.Calculation: Collect Ready Vendor Pack Quantity = Received Quantity – (Late Routing Cases + Supplier Ship Point Cases)"
collect_supplier_fault_qty,Collect Ready Supplier Faulty Quantity,APPROVED,5:BI Link;9:API Glossary;13:Report Builder,omni_otif,omni_otif,This is the collect ready non-compliant vendor pack quantity.
collect_supplier_owned_cogs,Supplier Affected COGs,APPROVED,5:BI Link;9:API Glossary;13:Report Builder,omni_otif,omni_otif;otif_(decommissioned),Total cost of supplier owned non-compliant vendor pack quantity.
collect_unsched_vnpk_qty,Collect Unscheduled Cases,APPROVED,5:BI Link;9:API Glossary;13:Report Builder,omni_otif,omni_otif;otif_(decommissioned),Number of vendor pack in Collect Unscheduled accountability bucket.
color_desc,Color Description,APPROVED,3:Cloud Feeds;5:BI Link;9:API Glossary;13:Report Builder,custom_datasets;dc_metrics;ecomm_sales;future_valid_item_store;modular_plan_metrics;omni_otif;omni_sales;order_forecast;purchase_order;store_demand_forecast;store_markup_and_markdowns;store_sales_&amp,item_attributes;item_dimensions,Color Description also called as Shelf Label 1 Desc is a 6-character description that is transmitted to the store and printed on the shelf label.
commodity_id,Commodity ID,APPROVED,3:Cloud Feeds;5:BI Link;9:API Glossary;13:Report Builder,purchase_order,item_attributes;item_dimensions;oms_po_details;purchase_order_alloc_order;purchase_order_line,"A number that uniquely identifies a perishable good transported by Walmart. Examples include: Apples, Melons, Nuts, Floral Leafy Greens, etc."
compliance_not_elig_ind,Compliance Not Eligible Indicator,APPROVED,5:BI Link;9:API Glossary,,digital_transactability,Indicates that the item is not eligible due to legal regulations/compliance. Values are 0 and 1.
cons_item_desc,Consumer Item Description,APPROVED,3:Cloud Feeds;5:BI Link;9:API Glossary;13:Report Builder,custom_datasets;dc_metrics;ecomm_sales;modular_plan_metrics;omni_otif;omni_sales;order_forecast;purchase_order;store_demand_forecast;store_markup_and_markdowns;store_sales_&amp,item_attributes;item_dimensions,This is the description provided for a consumer item number.
cons_item_nbr,Consumer Item Number,APPROVED,3:Cloud Feeds;5:BI Link;9:API Glossary;13:Report Builder,custom_datasets;dc_metrics;ecomm_sales;modular_plan_metrics;omni_otif;omni_sales;order_forecast;purchase_order;store_demand_forecast;store_markup_and_markdowns;store_sales_&amp,item_attributes;item_dimensions,"A Consumer Item is an item that can be sold at the retail level as a single unit to the consumer. It specifically addresses those instances where there are multiple item numbers created for a single Consumer Item. This occurs when there are different replenishment methods, vendors, costs and when the same merchandise is sold in multiple departments. Any one of the item numbers may be used to replenish the Consumer Item. Once it is sent to the store it will become the number that will always serve as the store reference. This is the new number that will be printed on shelf labels. This column is optional and not part of any hierarchy."
consumer_id,Consumer ID,APPROVED,13:Report Builder,custom_datasets;dc_metrics;ecomm_sales;future_valid_item_store;hourly_store_inventory;modular_plan_metrics;order_forecast;purchase_order;store_demand_forecast;store_markup_and_markdowns;store_sales_&amp;tender_analysis,,"This is a Walmart-generated item number that is used specifically for forecasting purposes. Forecasts are generated at the Consumer ID (or 'CID') level. Multiple item numbers from multiple suppliers can be mapped to the same Consumer ID. This is frequently used in Produce, where a single forecast may be generated for limes (for example), but multiple suppliers supply the limes. In this scenario, each of the suppliers has a unique Walmart Item Number, but they all share the same Consumer ID for limes. Orders are generated at the Walmart Item Number level. This is not limited to Produce, but is also frequently seen in Private Label items across the total box, plus other item setups as well."
convey_ind,Conveyable Indicator,APPROVED,3:Cloud Feeds;5:BI Link;9:API Glossary,,item_attributes;item_dimensions,This indicates (Y/N) if the warehouse pack of an item may be put on a conveyor in the warehouse.
coop_bill_qty,Coop Bill Quantity,APPROVED,9:API Glossary,,coops,The number of times that this co-op agreement should be billed to the supplier. This is used only for multi-scheduling billings.
cost_amt,Cost Amount,APPROVED,9:API Glossary,,mtr,The dollar and cents cost of the item.
cost_amt,MTR Received Cost Amount,APPROVED,13:Report Builder,store_sales_&amp,,It is the dollar and cents amount of the cost of the item for transaction type 3 (Merchandise Transfer Report Received).
cost_amt,MTR Transferred Cost Amount,APPROVED,13:Report Builder,store_sales_&amp,,It is the dollar and cents amount of the cost of the item for the transaction type 5 (Return Center Claim or Merchandise Trans).
cost_sales,Cost Sales,APPROVED,3:Cloud Feeds;5:BI Link;9:API Glossary;13:Report Builder,omni_sales,omni_sales;omni_sales_new,"Owned, DSV (Drop Ship Vendor) or store product cost net of cancellations. This is for eComm only, store is Null"
costco_og_ind,Costco Online Grocery,APPROVED,2:Customer Perception,,,Self-identification by the panelist that they have used Costco Online Grocery.
cpsc_cert_ind,CPSC Certificate Indicator,APPROVED,3:Cloud Feeds;5:BI Link;9:API Glossary;13:Report Builder,ecomm_inventory;ecomm_sales;omni_sales,product_dimensions,Indicates if the item has been certified by the consumer product safety commission.
cr_ofc_id,Create Office ID,APPROVED,13:Report Builder,purchase_order,,This identifies the sourcing office responsible for coordinating work between the supplier and appropriate Home Office.
cr_ofc_id,Credit Office Id,APPROVED,3:Cloud Feeds;5:BI Link;9:API Glossary,,oms_po_details;purchase_order,This identifies the sourcing office responsible for coordinating work between the supplier and appropriate Home Office.
create_rsn_cd,Create Reason Code,APPROVED,3:Cloud Feeds;5:BI Link;9:API Glossary;13:Report Builder,purchase_order,oms_po_details;purchase_order;purchase_order_line,"Identifies the reasons for creations or changes to the purchase order (PO).-Inaccurate Forecast-Store/Club Demand Change-Supplier Negotiated Change (ex: cost, pack, terms)-Business Decision-Recall-Withdrawal-Supplier Capacity Issue (supplier responsible)-Supplier Requested Change-Hurricane-Flooding-Tornado-Fire-Earthquake-Substitute Item Received-Incorrect Item Received-Incorrect Initial Distribution-Impact Store/Club-Supplier Uncontrollable (Supplier Reimbursement Charge not applied)-Walmart/Sam’s Approved"
create_rsn_desc,Create Reason Description,APPROVED,3:Cloud Feeds;5:BI Link;9:API Glossary;13:Report Builder,purchase_order,oms_po_details;purchase_order,"This is the description for the Create Reason Code. Identifies the reasons for creations or changes to the purchase order (PO).-Inaccurate Forecast-Store/Club Demand Change-Supplier Negotiated Change (ex: cost, pack, terms)-Business Decision-Recall-Withdrawal-Supplier Capacity Issue (supplier responsible)-Supplier Requested Change-Hurricane-Flooding-Tornado-Fire-Earthquake-Substitute Item Received-Incorrect Item Received-Incorrect Initial Distribution-Impact Store/Club-Supplier Uncontrollable (Supplier Reimbursement Charge not applied)-Walmart/Sam’s Approved"
create_sys_id,Create System ID,APPROVED,3:Cloud Feeds;9:API Glossary,,purchase_order;purchase_order_line,Originator of the order well record. Replenishment populated if systematic.
crncy_cd,Currency Code,APPROVED,3:Cloud Feeds;5:BI Link;9:API Glossary;13:Report Builder,custom_datasets;dc_metrics;purchase_order;store_sales_&amp,dc_item_measures;inventory_adjustments;mumd;oms_po_details;purchase_order_dc_receiver_line;purchase_order_line;purchase_order_line_destination;store_inventory;store_item_measures;store_item_measures_(inventory);store_returns,"ISO 4217 ALPHA3 CODE for the identification of currency. Hardcode ""USD""."
crush_fctr_cd,Crush Factor Code,APPROVED,3:Cloud Feeds;5:BI Link;9:API Glossary,,item_attributes;item_dimensions,This is a one-character alpha code that represents how prone an item is to being crushed. Examples:1 - strongest case (stack on bottom) 2 - less strong (do not stack on bottom) 3 - least strong (stack on top)
crush_fctr_desc,Crush Factor Description,APPROVED,3:Cloud Feeds;5:BI Link;9:API Glossary,,item_attributes;item_dimensions,Description for the a one-character alpha code that represents how prone an item is to being crushed. Examples:1 - strongest case (stack on bottom) 2 - less strong (do not stack on bottom) 3 - least strong (stack on top)
cstm_attr_id,Custom Attribute ID,APPROVED,5:BI Link;9:API Glossary,,upc_custom_attribution,This is a unique system-generated key for corresponding to the Custom Attribute Name.
cstm_attr_nm,Custom Attribute Name,APPROVED,5:BI Link;9:API Glossary,,upc_custom_attribution,"Custom attributes (for example, color, size, and shape) can be added to products by users and are used in addition to the attributes that are assigned automatically. These are useful if users need to run a report on a group of products that aren't grouped into a standard hierarchy."
cstm_attr_val,Custom Attribute Value,APPROVED,5:BI Link;9:API Glossary,,upc_custom_attribution,This is the value of the corresponding custom attribute.
cstms_brokr_id,Customs Broker Id,APPROVED,3:Cloud Feeds;5:BI Link;9:API Glossary;13:Report Builder,purchase_order,oms_po_details;purchase_order,"This identifies the external company contracted by Walmart to assist with the customs processing of the merchandise.Examples: UPS, Expeditors"
ctent_qlty_score_nbr,Content Quality Score Number,APPROVED,9:API Glossary,,ecomm_product_content_score,"Measures the overall quality of an item, based on upstream algorithms."
curr_emplm_status,Current Employment Status,APPROVED,2:Customer Perception,,,Panelist's current employment status
curr_rtl_amt,Current Retail Amount,APPROVED,3:Cloud Feeds;9:API Glossary;13:Report Builder,store_markup_and_markdowns,mumd,"This is the current extended retail amount, in local currency, of the item after the markup/markdown was applied. This amount is in Dollars."
curr_rtl_amt,Current Retail Amount - Last Year,APPROVED,5:BI Link,,mumd,"Last year extended retail amount, in local currency, of the item after the markup/markdown was applied. This amount is in Dollars."
curr_rtl_amt,Current Retail Amount - This Year,APPROVED,5:BI Link,,mumd,"This year's extended retail amount, in local currency, of the item after the markup/markdown was applied. This amount is in Dollars."
cust_base_rtl_amt,Customer Base Unit Retail Amount,APPROVED,3:Cloud Feeds;5:BI Link;9:API Glossary,,item_attributes;item_dimensions,This is the base unit retail amount plus the value added tax. This may be calculated but is entered to get the correct price point. This is used for international markets and only in countries that display the tax inclusive retail to the customer on the shelf label.
cust_order_amt,Placed Sales,APPROVED,3:Cloud Feeds;5:BI Link;9:API Glossary;13:Report Builder,custom_datasets;store_sales_&amp,store_fulfillment,Order Line Amount at the time the order is placed.
cust_order_qty,Customer Order Quantity,APPROVED,3:Cloud Feeds;5:BI Link;9:API Glossary;13:Report Builder,custom_datasets;store_sales_&amp,store_fulfillment,The total number of units ordered by the customer and received by the store.
cust_ratg_avg_val,Customer Average Rating Value,APPROVED,3:Cloud Feeds;5:BI Link;9:API Glossary;13:Report Builder,ecomm_inventory;omni_sales,product_dimensions,"Customer ratings for the product. Customer ratings are refreshed daily and are on a scale of 1 to 5. If the column is blank, then either the item does not have any ratings or is ineligible for customer ratings."
cust_ratg_cnt,Customer Rating Count,APPROVED,3:Cloud Feeds;5:BI Link;9:API Glossary;13:Report Builder,ecomm_inventory;omni_sales,product_dimensions,"From the eComm perspective, this represents the number of customer ratings / reviews."
cvi_have_it_ind,CVI Have It Indicator,APPROVED,3:Cloud Feeds;5:BI Link;9:API Glossary;13:Report Builder,ecomm_inventory;omni_sales,product_dimensions,"The Customer Value Index (CVI) is a metric used to monitor business performance. It measures the 5 ""Its"" - the fundamental elements of the eCommerce experience needed to win with customers:Have ItFind ItDisplay ItPrice ItDeliver ItAlso, CVI is calculated by multiplying the 5 It scores, meaning that if one score is low, the CVI score will be low."
datapoints,Datapoints,APPROVED,2:Customer Perception,,,"List of attributes, activity filters used"
date_desc,Date Description,APPROVED,3:Cloud Feeds;5:BI Link;9:API Glossary,,calendar_dimensions,"The full date name in 'Day Name, Month Name plus Date Number, Four-Digit Year' format, in the country's native language. Example: Tuesday, May 10, 2007. The return will state ""Unknown Date"" for a NULL (unknown) date."
date_of_birth,DOB,APPROVED,2:Customer Perception,,,Date of Birth
day_cnt,Day Count,APPROVED,3:Cloud Feeds;5:BI Link;9:API Glossary,,calendar_dimensions,"A number based on the sequential order of the calendar days up to the given date. For example, the date 01/01/2007 would return: DAY_CNT = 39084. It will be used to calculate a difference between Calendar Days."
daylight_sav_tz_ind,Daylight Saving Timezone Indicator,APPROVED,3:Cloud Feeds;5:BI Link;9:API Glossary;13:Report Builder,custom_datasets;modular_plan_metrics;order_forecast;purchase_order;store_demand_forecast;store_markup_and_markdowns;store_sales_&amp,dc_dimensions;store_dimensions,Time Zone that follows daylight savings rules.
db2_purge_ind,DB2 Purge Indicator,APPROVED,3:Cloud Feeds;9:API Glossary,,purchase_order;purchase_order_line,This field indicates that the data got purged from the Order Management System (OMS).
dc_appt_dt,DC Appointment Date,APPROVED,3:Cloud Feeds;5:BI Link;9:API Glossary;13:Report Builder,omni_otif;purchase_order,omni_otif;oms_po_details;otif_(decommissioned);purchase_order,This is the appointment date when the purchase order (PO) should arrive at the distribution center (DC).This is the appointment date for the load (truck/trailer) carrying a shipment for this PO is scheduled to arrive at the destination.
dc_appt_nbr,DC Appointment Number,APPROVED,3:Cloud Feeds;5:BI Link;9:API Glossary;13:Report Builder,purchase_order,oms_po_details;purchase_order,This is the appointment number for inbound distribution center (DC) delivery.
dc_appt_ts,DC Appointment Time,APPROVED,3:Cloud Feeds;5:BI Link;9:API Glossary;13:Report Builder,purchase_order,oms_po_details;purchase_order,This is the appointment time for inbound distribution center (DC) delivery.
dc_cntry_cd,Distribution Center Country Code,APPROVED,3:Cloud Feeds;5:BI Link;9:API Glossary;13:Report Builder,purchase_order,oms_po_details;purchase_order,"It is the country code of the Distribution Center (DC).E.g., US, PR"
dc_dea_rpt_ind,DC Drug Enforcement Agency Indicator,APPROVED,3:Cloud Feeds;5:BI Link;9:API Glossary;13:Report Builder,custom_datasets;dc_metrics;ecomm_sales;modular_plan_metrics;omni_otif;omni_sales;order_forecast;purchase_order;store_demand_forecast;store_markup_and_markdowns;store_sales_&amp,item_attributes;item_dimensions,Indicates if this item needs to be reported to the Drug Enforcement Agency (DEA) when received at the DC.
dc_nbr,Distribution Center Number,APPROVED,3:Cloud Feeds;5:BI Link;9:API Glossary;13:Report Builder,custom_datasets;dc_metrics;ecomm_inventory;omni_otif;order_forecast;purchase_order;store_sales_&amp,dc_alignment;dc_dimensions;dc_item_measures;omni_otif;oms_po_details;order_demand_forecast;otif_(decommissioned);purchase_order;purchase_order_dc_receiver;purchase_order_dc_receiver_line;store_returns,A unique numerical identifier assigned to each Walmart Distribution Center Location.
dc_nm,Distribution Center Name,APPROVED,3:Cloud Feeds;5:BI Link;9:API Glossary;13:Report Builder,custom_datasets;dc_metrics;ecomm_inventory;order_forecast,dc_dimensions,"The name of the Distribution Center (DC). DCs are massive warehouses that receive shipments from thousands of supplier ship points, process them, and load the merchandise onto trucks so it can be delivered to stores. They are designed to ensure our supply chain moves with speed and efficiency and is responsive to customer demands. Most are open seven days a week, 24 hours a day and are strategically located near our stores and major suppliers."
dc_nm,Name of the Distribution Center,APPROVED,13:Report Builder,omni_otif,,"The name of the Distribution Center (DC). DCs are massive warehouses that receive shipments from thousands of supplier ship points, process them, and load the merchandise onto trucks so it can be delivered to stores. They are designed to ensure our supply chain moves with speed and efficiency and is responsive to customer demands. Most are open seven days a week, 24 hours a day and are strategically located near our stores and major suppliers."
dc_type,DC Network,APPROVED,9:API Glossary,,otif_(decommissioned),"Walmart operates five primary types of DCs. Each DC is equipped to handle different types of products, processes, and channels. They include Import DC (IDC, Consolidation Center (CC) Regional DC (RDC) Fashion DC (FDC) and High Velocity/Perishable (HVPDC)."
dc_type,Distribution Center Network,APPROVED,5:BI Link;9:API Glossary;13:Report Builder,omni_otif,omni_otif,"A Distribution Center (DC) Network refers to a grouping of multiple distribution centers that share similar functions, product types, or operational processes. In Walmart, the term ""DC Type"" is often used interchangeably with ""DC Network."" Each network is designed to support specific supply chain needs, product categories, and channels.Common DC Network Groups at Walmart include:RDC: Regional Distribution CenterGDC: General Merchandise Distribution CenterFSC: Food Distribution Center (sometimes called Food Service Center)Walmart operates five primary types/groups of DCs, each equipped to handle different types of products, processes, and channels."
dc_type,Distribution Center Type,APPROVED,13:Report Builder,,,"Walmart operates five primary types of DCs. Each DC is equipped to handle different types of products, processes, and channels."
dchrg_port_id,Discharge Port ID,APPROVED,3:Cloud Feeds;5:BI Link;9:API Glossary;13:Report Builder,purchase_order,oms_po_details;purchase_order,Identifies the port where a vessel (ship or aircraft) will be off-loaded and the shipments will be dispersed to their respective consignees. Ultimately known as the port of unloading.
deal_auth_dt,Deal Authorization Date,APPROVED,9:API Glossary,,coops,The date and time the authorization was completed.Format: YYYY-MM-DD
deal_create_dt,Deal Creation Date,APPROVED,9:API Glossary,,coops,The date the deal was created.Format: YYYY-MM-DD
deal_desc,Deal Description,APPROVED,9:API Glossary,,coops,"DEAL DESCRIPTION is the written description used to define the type of deal. Example: Item, AR, COOP, etc."
deal_desc_cd,Deal Description Code,APPROVED,9:API Glossary,,coops,Used to define the type of deal. Examples:1 - Year Negotiation 2 - Additional Negotiation3 - Volume Rebate5 - Fixed 6 - Advertising
deal_id,Deal Identifier,APPROVED,9:API Glossary,,coops,A unique numeric identifier for each deal.
deal_status_desc,Deal Status Description,APPROVED,9:API Glossary,,coops,"The description of the status of the deal whether it is pending the reviews, accepted or rejected by each party, finalized or held, etc."
deconsolidator_id,Deconsolidator Id,APPROVED,3:Cloud Feeds;5:BI Link;9:API Glossary;13:Report Builder,purchase_order,oms_po_details;purchase_order,This identifies the deconsolidator of the merchandise after it arrives at the destination port. Deconsolidation is the process of distributing the merchandise from the shipping containers that they arrive in. This originates in the Sourcing/Imports system.
defective_item_ind,Defective Item Indicator,APPROVED,3:Cloud Feeds;5:BI Link;9:API Glossary,,store_customer_returns,Asked customer at the register if the returned item is defective. This will help to determine is the item can be resold.
delayed_system_po_vnpk_qty,Delayed System POs Cases,APPROVED,5:BI Link;9:API Glossary;13:Report Builder,omni_otif,omni_otif;otif_(decommissioned),"The number of vendor packs, that are in the Delayed System Purchase Order(PO) accountability bucket."
delivery_window_dt,Delivery Window,APPROVED,9:API Glossary,,otif_(decommissioned),These are the timeframes per store and commodity when the store can receive the load.
delivery_window_dt,Delivery Window Date,APPROVED,5:BI Link;9:API Glossary;13:Report Builder,omni_otif,omni_otif,The OTIF On-time Delivery Window RangeE.g. : 07/19/2020 - 07/20/2020
delta_flag,Delta Flag,APPROVED,3:Cloud Feeds;9:API Glossary,,dc_item_measures;digital_transactability;ecomm_instock_percentage;ecomm_inventory;ecomm_returns;ecomm_subscriptions;fc_ecomm_instock_percentage;inventory_adjustments;item_affinity;item_trait;long_range_store_demand_forecast;modular_plan;modular_plan_upc;modular_traits;modular_upc_location;mtr;mumd;omni_otif;omni_sales;omni_sales_new;order_demand_forecast;out_of_stock_root_cause;purchase_order;purchase_order_alloc_order;purchase_order_dc_receiver;purchase_order_dc_receiver_line;purchase_order_line;purchase_order_line_destination;purchase_order_stock_transfer;rfid_on_hand_adjustments;rfid_sku;sales_tender;stock_transfer_purchase_order_cross_reference;store_customer_returns;store_demand_forecast;store_fulfillment;store_item_measures;store_modular;store_returns;store_sales;store_sales_new;store_trait;upc_sales,"The engineering delta flag indicator. This flag is to identify the incremental changes to the data from the previous snapshots. Values of the delta flag can be: -I (Initial data), -U (Updated data), or -D (Deleted data)"
deployment_status,Deployment Status,APPROVED,2:Customer Perception,,,Status/state of the project.WHEN deployment_status = 0 THEN 'Launch Accepted' WHEN deployment_status = 1 THEN 'ACTIVE' WHEN deployment_status = 2 THEN 'DRAFT' WHEN deployment_status = 4 THEN 'CLOSED' WHEN deployment_status = 5 THEN 'PENDING'WHEN deployment_status = 6 THEN 'RETURNED'
dept_catg_desc,Department Category Description,APPROVED,5:BI Link;9:API Glossary;13:Report Builder,omni_otif,omni_otif,"Category description is a group of finelines with like characteristics.E.g.,DOT COMHUNTING APPARELLAUNDRY SPECIALTY CARE"
dept_catg_nbr,Department Category Number,APPROVED,5:BI Link;9:API Glossary;13:Report Builder,omni_otif,omni_otif,"Category description is a group of finelines with like characteristics.E.g.,DOT COMHUNTING APPARELLAUNDRY SPECIALTY CARE"
dept_nbr,Department Number,APPROVED,3:Cloud Feeds;5:BI Link;9:API Glossary;13:Report Builder,purchase_order;store_markup_and_markdowns,mumd;oms_po_details;purchase_order_alloc_order,Merchandising department is used to order and replenish items of merchandise. Order Department may or may not be the same as Accounting Department. Some Departments have more than one Order Department per Accounting Department.
dept_ring_nbr,Department Ring Number,APPROVED,3:Cloud Feeds;5:BI Link;9:API Glossary;13:Report Builder,store_markup_and_markdowns,mumd,"The Department Ring number references a department in the store. The Merchandising Department is used to order and replenish items of merchandise. The Order Department may or may not be the same as Accounting Department, some departments have more than one Order Department per Accounting Department."
depth_cap_nested_ind,Depth Nested Indicator,APPROVED,5:BI Link;9:API Glossary,,modular_upc_location,"The height of the package when the items within the package are nested (or stacked one inside another, such as buckets)."
depth_cap_orientation_cd,Depth Capacity Orientation Code,APPROVED,5:BI Link;9:API Glossary,,modular_upc_location,The Depth Capacity Orientation Code identifies the specific orientation for a depth cap. Each code corresponds to a particular way an item or storage unit is positioned.
depth_cap_orientation_desc,Depth Capacity Orientation Description,APPROVED,5:BI Link;9:API Glossary,,modular_upc_location,"The Depth Capacity Orientation Description identifies the specific orientation for a depth cap, using both a descriptive label and a corresponding value."
depth_cap_qty,Depth Capacity Quantity,APPROVED,5:BI Link;9:API Glossary,,modular_upc_location,"This is the quantity of the item that may be placed in front or back the product on the fixture. A z-cap is when product is placed on the fixture behind the product to utilize the fixture to it's maximum potential. An example is a cereal display. The cereal boxes are standing upright on the display. However, there is additional fixture space next to the cereal boxes to place additional boxes in front or back."
depth_cap_rev_cd,Depth Capacity Reverse Code,APPROVED,5:BI Link;9:API Glossary,,modular_upc_location,Specifies whether depth caps or nests are in the front or back of the position.
depth_cap_rev_desc,Depth Capacity Reverse Description,APPROVED,5:BI Link;9:API Glossary,,modular_upc_location,Specifies the description whether depth caps or nests are in the front or back of the position.
dest_cd,Grocery Item Destination Code,APPROVED,3:Cloud Feeds;5:BI Link;9:API Glossary,,item_attributes;item_dimensions,"This indicates where the item is destined to, either a Walmart, a Supercenter, or Both. 0 - Walmart Only 1 - Supercenter Only 2 - Walmart and Supercenter Note: This is matched to the store file to determine the type of store. It is used in the Item File Cut process for new and relocated stores."
dest_cmpny_id,Destination Company ID,APPROVED,3:Cloud Feeds;5:BI Link;9:API Glossary;13:Report Builder,dc_metrics;purchase_order;store_demand_forecast;store_sales_&amp,oms_po_details;purchase_order,Identifies the destination port in Home Office country where the merchandise will be delivered.
dest_cmpny_nm,Destination Company Name - Flow,APPROVED,13:Report Builder,dc_metrics;store_demand_forecast;store_sales_&amp,,This is the name of the city and 'Flow' of where the merchandise originates in the country.
dest_cmpny_nm,Destination Company Name - Storage,APPROVED,13:Report Builder,dc_metrics;store_demand_forecast;store_sales_&amp,,This is the name of the city and 'Storage' of where the merchandise originates in the country.
dest_desc,Grocery Item Destination Description,APPROVED,3:Cloud Feeds;5:BI Link;9:API Glossary,,item_attributes;item_dimensions,"Description for the code that indicates where the item is destined to, either a Walmart, a Supercenter, or Both. 0 - Walmart Only 1 - Supercenter Only 2 - Walmart and Supercenter Note: This is matched to the store file to determine the type of store. It is used in the Item File Cut process for new and relocated stores."
dest_geo_region_cd,Destination Geographic Region Code,APPROVED,3:Cloud Feeds;5:BI Link;9:API Glossary;13:Report Builder,purchase_order,oms_po_details;purchase_order_line_destination,"A code that represents an operational geographic region for the destination. This can be a country, a group of countries, or all countries.Values:AR- ArgentinaBR- BrazilCA - CanadaCN - ChinaGB - Great BritainIN - IndiaJP - JapanK1 - Central AmericaK2 - ChileK3 - Southern AfricaMX - MexicoUS - United StatesWW - World Wide"
dest_store_nbr,Destination Store Number,APPROVED,3:Cloud Feeds;5:BI Link;9:API Glossary;13:Report Builder,purchase_order,oms_po_details;purchase_order_line_destination,The store where the inventory balances are recorded.
diet_type_cd,Diet Type Code,APPROVED,3:Cloud Feeds;5:BI Link;9:API Glossary,,item_attributes;item_dimensions,This represents a food item that is within a particular diet. Example: Vegetarian or Low Fat
diet_type_desc,Diet Type Description,APPROVED,3:Cloud Feeds;5:BI Link;9:API Glossary,,item_attributes;item_dimensions,Description for a food item that is within a particular diet. Example: Vegetarian or Low Fat
disc_subscr_amt,Discount Subscription Amount,APPROVED,9:API Glossary,,ecomm_subscriptions,"Discounts applied when a customer subscribes to an item, net of cancellations (i.e. discounts from cancelled orders are subtracted)"
disc_type_desc,Discount Type Description,APPROVED,9:API Glossary,,coops,Describes the discount type.
discontinue_dt,Discontinue Date,APPROVED,3:Cloud Feeds;5:BI Link;9:API Glossary;13:Report Builder,custom_datasets;modular_plan_metrics,modular_plan;modular_plan_upc,The date that this specific planogram is no longer valid for this department/category.
dlvr_in_gate_dt,Delivery In Gate Date,APPROVED,3:Cloud Feeds;5:BI Link;9:API Glossary;13:Report Builder,omni_otif;purchase_order,omni_otif;oms_po_details;purchase_order,The date the load (truck) carrying goods ordered on this purchase order (PO) checked in at the distribution center (DC) entry gate.The actual date (Julian) the PO arrives at the gate of DC.
dlvr_in_gate_ts,Delivery In Gate Time Stamp,APPROVED,3:Cloud Feeds;5:BI Link;9:API Glossary;13:Report Builder,omni_otif;purchase_order,omni_otif;oms_po_details;purchase_order,The time the load (truck) carrying goods ordered on this purchase order (PO) checked in at the distribution center (DC) entry gate.
dlvr_in_gate_ts,Delivery in Gate Timestamp,APPROVED,3:Cloud Feeds;5:BI Link;9:API Glossary;13:Report Builder,,,The time the load (truck) carrying goods ordered on this purchase order (PO) checked in at the distribution center (DC) entry gate.
dlvr_mode_desc,Delivery Mode Description,APPROVED,5:BI Link;9:API Glossary;13:Report Builder,omni_otif,omni_otif;otif_(decommissioned),"This describes if the delivery was a full truck or less than a truck.E.g. TL (Truck Load), LTL (Less than Truck Load)"
dlvr_svc_cd,Delivery Service Code,APPROVED,3:Cloud Feeds;5:BI Link;9:API Glossary,,oms_po_details;purchase_order,"The delivery time of day for fresh items to be delivered in Japan. Values are 1,2,3 and Null.-1 is morning delivery-2 is afternoon delivery-3 is evening deliveryNull is blank"
dlvr_type_nm,Delivery Type,APPROVED,5:BI Link;9:API Glossary;13:Report Builder,omni_otif,omni_otif;otif_(decommissioned),"Delivery Type refers to the classification of a shipment based on the amount of goods being transported relative to the truck's capacity. The two common types are:Full Truck: The shipment fills an entire truck, utilizing its full capacity.Less Than a Truck: The shipment does not fill the entire truck, often sharing space with other shipments (commonly referred to as LTL – Less Than Truckload).This classification helps determine shipping methods, costs, and logistics planning."
dlvr_wndw_nbr,Delivery Window Number,APPROVED,5:BI Link;9:API Glossary;13:Report Builder,omni_otif,omni_otif,This value indicates how many days early can the item be brought to Distribution Center (DC) and still be considered as on-time. For example; 0 means to get the item exactly on MABD (Must Arrive By Date). It cannot be received before then. 1 means you can get it a day early and still it would be considered on-time.
dmand_rsn_cd,Demand Reason Code,APPROVED,3:Cloud Feeds;5:BI Link;9:API Glossary;13:Report Builder,purchase_order,oms_po_details;purchase_order_alloc_order,"The code which denotes the reason why the Allocation is created, changed, or cancelled. Examples: 1, 3, 5, 6"
dmgd_actn_cd,Damaged Action Code,APPROVED,3:Cloud Feeds;5:BI Link;9:API Glossary;13:Report Builder,purchase_order,oms_po_details;purchase_order_dc_receiver_line,This is a code to designate the damage instructions for any damaged merchandise.
dmgd_vnpk_qty,Cases Damaged,APPROVED,5:BI Link;9:API Glossary;13:Report Builder,omni_otif,omni_otif;otif_(decommissioned),"The quantity, in vendor packs, of merchandise identified as damaged."
dmgd_vnpk_qty,Damaged Vendor Pack Quantity,APPROVED,13:Report Builder,,,"The quantity, in vendor packs, of merchandise identified as damaged."
dmgd_whpk_qty,Damaged Warehouse Pack Quantity,APPROVED,3:Cloud Feeds;5:BI Link;9:API Glossary;13:Report Builder,purchase_order,oms_po_details;purchase_order_dc_receiver;purchase_order_dc_receiver_line,"The quantity, in warehouse packs, of merchandise identified as damaged."
do_not_disp_not_pub_ind,Do Not Dispose Not Published Indicator,APPROVED,5:BI Link;9:API Glossary,,digital_transactability,Indicates that the Item is not published because these items should be removed from the sellable universe.
do_not_rcv_bef_dt,Do Not Receive Before Date,APPROVED,3:Cloud Feeds;5:BI Link;9:API Glossary;13:Report Builder,purchase_order,oms_po_details;purchase_order;purchase_order_line,"This date is used to time merchandise to the final destination (event merchandise).It instructs the destination to not receive merchandise prior to this date, because the destination will have to Hold or Warehouse the merchandise before it can be sent to the final destination or sold."
do_not_rcv_bef_ts,Do Not Receive Before Time,APPROVED,3:Cloud Feeds;5:BI Link;9:API Glossary,,oms_po_details;purchase_order,"This date is used to time merchandise to the final destination (event merchandise).It instructs the destination to not receive merchandise prior to this time of day on a date, because the destination will have to Hold or Warehouse the merchandise before it can be sent to the final destination or sold."
do_not_rcv_bef_ts,Do Not Receive Before Timestamp,APPROVED,3:Cloud Feeds;9:API Glossary;13:Report Builder,purchase_order,purchase_order_line,The Do Not Receive Before Timestamp specifies the earliest date and time at which a shipment or delivery can be accepted at the receiving location (such as a store or distribution center).
do_not_ship_aft_dt,Do Not Receive After Date,APPROVED,3:Cloud Feeds;9:API Glossary;13:Report Builder,purchase_order,purchase_order_line,The Do Not Receive After Date is the final date by which a shipment or delivery should be received.
do_not_ship_aft_dt,Do Not Ship After Date,APPROVED,3:Cloud Feeds;5:BI Link;9:API Glossary,,oms_po_details;purchase_order,"As a part of the purchase order (PO), this specifies a date to the supplier at which merchandise should not be shipped because the merchandise will no longer be accepted at the destination."
do_not_ship_bef_dt,Do Not Ship Before Date,APPROVED,3:Cloud Feeds;5:BI Link;9:API Glossary;13:Report Builder,purchase_order,oms_po_details;purchase_order;purchase_order_line,This specifies a date to the supplier at which merchandise should not be shipped before because the merchandise will not be accepted at the destination before this date.
dollar_per_store_per_week_or_per_day,Dollar/Store/Week(Traited Count),APPROVED,13:Report Builder,custom_datasets;store_sales_&amp,,"Previously known as Dollar/Store/Week (Day). Year's average of the total net sales, per distinct valid store, over the number of weeks (or days, if it's not complete week) during the selected Walmart week/day for the included stores."
dollar_per_store_per_week_or_per_day,Dollars/Store/Week (POS count),APPROVED,13:Report Builder,custom_datasets;store_sales_&amp,,"Average of total net sales, per stores with sales, over the number of weeks (or days if it's not a complete week) during the selected Walmart week for the included stores."
drug_cntrl_abbr,Drug Control Abbreviation,APPROVED,3:Cloud Feeds;5:BI Link;9:API Glossary;13:Report Builder,purchase_order,oms_po_details;purchase_order_line,This contains the short name by which the drug control code is referred and is used in printed material.
drv_thru_pharm_ind,Drive Through Pharmacy Indicator,APPROVED,3:Cloud Feeds;5:BI Link;9:API Glossary,,store_dimensions,This Indicates if the location has a drive thru pharmacy or not.
dst_tz_cd,Daylight Savings Time Zone Code,APPROVED,3:Cloud Feeds;5:BI Link;9:API Glossary;13:Report Builder,custom_datasets;modular_plan_metrics;omni_otif;order_forecast;purchase_order;store_demand_forecast;store_markup_and_markdowns;store_sales_&amp,store_dimensions,"It is the daylight savings time zone that the store resides in (e.g., EDT, CDT, PDT)."
dst_tz_nm,Daylight Savings Time Zone Name,APPROVED,3:Cloud Feeds;5:BI Link;9:API Glossary;13:Report Builder,custom_datasets;modular_plan_metrics;omni_otif;order_forecast;purchase_order;store_demand_forecast;store_markup_and_markdowns;store_sales_&amp,dc_dimensions;store_dimensions,"The daylight savings time zone that the store resides in.E.g., Eastern, Central, Mountain, Pacific"
dsv_ind,Drop Ship Vendor Indicator,APPROVED,13:Report Builder,bottle_deposit,,Indicates if this is a Drop Ship Vendor. Drop Ship Vendors (DSV) are sellers on Walmart whose inventory is not managed by Walmart. We simply display their items on Walmart.com and the logistics and fulfillment of the order is the responsibility of the DSV.
dt_range_not_pub_ind,Date Range Not Published Indicator,APPROVED,5:BI Link;9:API Glossary,,digital_transactability,Indicates that the Item is not published because it is outside of the item Start/End date.0 = Published1 = Not Published
duflag,DU Flag,APPROVED,2:Customer Perception,,,Indicates if a panelist is enrolled in Delivery Unlimited.
early_vnpk_qty,Cases Early,APPROVED,5:BI Link;9:API Glossary;13:Report Builder,omni_otif,omni_otif;otif_(decommissioned),The number of vendor packs that arrived early based on the delivery window expectation.
ecomm_upc_nbr,eComm UPC Number,APPROVED,13:Report Builder,ecomm_inventory;ecomm_sales,,"Universal Product Code (UPC) for the Stock Keeping Unit (SKU), if available or applicable"
edi_ts,EDI Time stamp,APPROVED,5:BI Link;9:API Glossary;13:Report Builder,,,Timestamp of when transmitted Purchase Order was acknowledged by the supplier via EDI (Electronic Data Interchange) system in UTC format.E.g.: 2021-10-09 04:29:45.000
edi_ts,EDI Timestamp,APPROVED,5:BI Link;9:API Glossary;13:Report Builder,omni_otif,omni_otif,Timestamp of when transmitted Purchase Order was acknowledged by the supplier via EDI (Electronic Data Interchange) system in UTC format.E.g.: 2021-10-09 04:29:45.000
edit_blk_rsn_cd,Edit Block Reason Code,APPROVED,3:Cloud Feeds;5:BI Link;9:API Glossary;13:Report Builder,purchase_order,oms_po_details;purchase_order,"This is the code that uniquely identifies the reason a purchase order (PO) is blocked from edits to any users.Types of block reasons:-pending approval-legacy sync processed failed-oms sync process failed-if step\_status\_cd is in certain values, then block, such as send to dc"
edit_blk_rsn_desc,Edit Block Reason Description,APPROVED,3:Cloud Feeds;5:BI Link;9:API Glossary;13:Report Builder,,oms_po_details;purchase_order,"This describes the reason a purchase order (PO) is blocked from edits to any users.Types of block reasons:-pending approval-legacy sync processed failed-oms sync process failed-if step\_status\_cd is in certain values, then block, such as send to dc"
edit_lock_ind,Edit Lock Indicator,APPROVED,3:Cloud Feeds;9:API Glossary,,purchase_order,This indicates whether the purchase order (PO) is being manually edited by the userid. The intention is to block other users from updating while it is being updated.
edit_lock_ts,Edit Lock Time Stamp,APPROVED,3:Cloud Feeds;5:BI Link;9:API Glossary;13:Report Builder,purchase_order,oms_po_details;purchase_order,"This indicates the timestamp of the change. When a user brings up the purchase order (PO) in the screen to edit , it puts the EDIT\_LOCK\_ts when a change is made. It is to block any other user from updating the same PO/STO at same time."
edit_lock_userid,Edit Lock Userid,APPROVED,13:Report Builder,purchase_order,,"The Edit Lock Userid is the unique identifier of the user who is currently editing a Purchase Order (PO) or Stock Transfer Order (STO) in the user interface (UI). When a user opens a PO or STO for editing, the system assigns their user ID to the EDIT_LOCK_USERID field. This lock prevents other users from making changes to the same PO or STO at the same time, ensuring data consistency and preventing conflicting updates."
edit_rsn_cd,Edit Reason Code,APPROVED,3:Cloud Feeds;5:BI Link;9:API Glossary;13:Report Builder,omni_otif;purchase_order,omni_otif;oms_po_details;purchase_order_line,"This is the coded value that uniquely identifies the reasons for creations or changes to the purchase order (PO).-Inaccurate Forecast-Store/Club Demand Change-Supplier Negotiated Change (ex: cost, pack, terms)-Business Decision-Recall-Withdrawal-Supplier Capacity Issue (supplier responsible)-Supplier Requested Change-Hurricane-Flooding-Tornado-Fire-Earthquake-Substitute Item Received-Incorrect Item Received-Incorrect Initial Distribution-Impact Store/Club-Supplier Uncontrollable (Supplier Reimbursement Charge Not applied)-Walmart/Sam’s Approved"
edu_lvl,Education Level,APPROVED,2:Customer Perception,,,Panelist's highest level of education
eff_dt,Effective Date,APPROVED,3:Cloud Feeds;5:BI Link;9:API Glossary;13:Report Builder,custom_datasets;modular_plan_metrics;store_sales_&amp,all_traits;item_future_trait;modular_plan;modular_plan_upc;store_modular;store_trait,This is the date that this specific planogram becomes valid for this department/category. This will give visibility to if a store set a mod early or late or could help trouble shoot different scenarios such as tracking to see if a store isn’t selling a new item because the mod hasn’t been set yet.
eff_dt,Trait Effective Date,APPROVED,13:Report Builder,custom_datasets;modular_plan_metrics;store_sales_&amp,,It is the date when the store/trait is effective.
effective_date,Future Effective Date,APPROVED,3:Cloud Feeds;9:API Glossary;13:Report Builder,dc_metrics;future_valid_item_store;modular_plan_metrics;omni_otif;omni_sales;order_forecast;store_markup_and_markdowns;store_sales_&amp,item_attributes;item_dimensions,The date from which upcoming changes to the vendor pack cost amount will take into effect. The effective date is greater than the current date.
ei_on_hand_qty,EI On Hand Quantity,APPROVED,9:API Glossary,,rfid_sku,The end-of-day on-hand quantity of an item as recorded by Enterprise Inventory (EI).
elig_put_ind,Put Eligibility Indicator,APPROVED,3:Cloud Feeds;5:BI Link;9:API Glossary;13:Report Builder,ecomm_inventory;omni_sales,product_dimensions,Used to inform the supplier if we are fulfilling from the store and gives pick up as an option for that item. It suggests a population’s broader reach and flexibility for ordering. Note: '0' means No and '1' means Yes.
elig_s2h_ind,S2H Eligibility Indicator,APPROVED,3:Cloud Feeds;5:BI Link;9:API Glossary;13:Report Builder,ecomm_inventory;omni_sales,product_dimensions,Indicates whether or not an item meets the eligibility criteria to have Site to Home (S2H) available as a fulfillment method when customers purchase the item online. Note: '0' means No and '1' means Yes.
ent_port_id,Entry Port ID,APPROVED,3:Cloud Feeds;5:BI Link;9:API Glossary;13:Report Builder,purchase_order,oms_po_details;purchase_order,This identifies the initial port of entry that the merchandise will enter the destination country at.
equip_type_cd,Equipment Type Code,APPROVED,3:Cloud Feeds;5:BI Link;9:API Glossary;13:Report Builder,purchase_order,oms_po_details;purchase_order,This is a coded value which defines what type of container will be used to ship the purchase order (PO). These codes and descriptions are maintained in the import system of record.
equip_type_desc,Equipment Type Description,APPROVED,3:Cloud Feeds;5:BI Link;9:API Glossary;13:Report Builder,purchase_order,oms_po_details;purchase_order,"This describes the kind of equipment the merchandise is loaded on (i.e., truck or ship)."
est_out_of_stock_dt,Estimated Out of Stock Date,APPROVED,3:Cloud Feeds;5:BI Link;9:API Glossary;13:Report Builder,custom_datasets;dc_metrics;ecomm_sales;modular_plan_metrics;omni_sales;order_forecast;purchase_order;store_demand_forecast;store_markup_and_markdowns;store_sales_&amp,item_attributes;item_dimensions,"An estimated out of stock date is an estimated date when the warehouse will be out of stock of the deleted item. When the Cancel When Out (CWO) Ind is changed to Y, the Out-of-Stock Date is set based on the following merchandise types: -Perishable: TODAY + 2 weeks-Import Item: TODAY + 90 days-Domestic: TODAY + 4 weeks Note: This is not used as such in Division 1 (hardlines or softlines). When an item has the CWO flag set to “Y” a date may be entered in the rightmost portion of Description 2, but this is not required."
ethnicityaa_nh,AA Non-Hispanic,APPROVED,2:Customer Perception,,,Indicates whether a panelist self-identifies as African American (AA) and not of Hispanic or Latino origin.
ethnicityasian_nh,Asian Non-Hispanic,APPROVED,2:Customer Perception,,,"Indicates whether a panelist self-identifies as Asian and not of Hispanic or Latino origin. This classification is used to segment and analyze data by ethnicity, helping suppliers better understand the demographic composition of panel participants."
ethnicityip_nh,Indigenous Peoples Non-Hispanic,APPROVED,2:Customer Perception,,,Indicates if Panelist's ethnicity is Indigenous Peoples Non-Hispanic
eval_nm,Product Evaluation Name,APPROVED,9:API Glossary,,ecomm_product_content_score,The value of a product attribute that is being scored for content quality. This provides a descriptive value rather than any actual value of the attribute. Example: Product Eval Name: Product Name Product Attribute Value: GUDGA NGFF SSD 1TB M.2 NGFF 2242 SATA III Internal Solid State Drive for PC Desktop Laptop Internal Drive Disk
event_type_cd,Event Type Code,APPROVED,3:Cloud Feeds;5:BI Link;9:API Glossary;13:Report Builder,purchase_order,oms_po_details;purchase_order_line,"This is a unique code for a type of event. Examples of the descriptions are: feature, tab, DMM request, etc."
exp_dt,Expiration Date,APPROVED,5:BI Link;9:API Glossary,,store_trait,The date that this relationship is/was no longer in effect.
exp_dt,TRAIT EXPIRATION DATE,APPROVED,13:Report Builder,custom_datasets;modular_plan_metrics;store_sales_&amp,,It is the date from which this store/trait relationship is no longer in effect.
expnd_size_qty,Expand Size Quantity,APPROVED,3:Cloud Feeds;5:BI Link;9:API Glossary;13:Report Builder,custom_datasets;modular_plan_metrics;purchase_order;store_markup_and_markdowns;store_sales_&amp,store_dimensions,"Square footage of a store, after its expansion."
factory_id,Manufacturing Company ID,APPROVED,13:Report Builder,custom_datasets;dc_metrics;omni_sales;store_sales_&amp,,A unique identifier for a company that manufactures merchandise that is sold in a Store or Club.
fam_rxr1,Walmart Pharmacy,APPROVED,2:Customer Perception,,,Indicates if Panelist fills out their family prescriptions at Walmart
fam_rxr2,Walgreens Pharmacy,APPROVED,2:Customer Perception,,,Indicates if Panelist fills out their family prescriptions as Walgreens
fam_rxr3,CVS Pharmacy,APPROVED,2:Customer Perception,,,Self-identification by the panelist that they used CVS Pharmacy
fam_rxr4,Warehouse (Sam's/Costco) Pharmacy,APPROVED,2:Customer Perception,,,"Indicates if Panelist fills out their family prescriptions at Warehouse (ex. Sam's Club, Costco)"
fam_rxr5,Local Pharmacy,APPROVED,2:Customer Perception,,,Indicates is Panelist fills out their prescriptions as Local Pharmacy
fam_rxr6,Other Pharmacy,APPROVED,2:Customer Perception,,,Indicates Panelist uses other pharmacy
fam_rxr7,No Pharmacy,APPROVED,2:Customer Perception,,,Indicates if Panelist prefer not to answer where they fill out their family prescriptions
fc_id,Fulfillment Center ID,APPROVED,9:API Glossary,,fc_ecomm_instock_percentage,"The unique numeric identifier assigned to a facility that houses merchandise that may be sold by Walmart Interactive and shipped to the customer. This column contains Fulfillment Centers, FC\_Clusters, and FC regions."
fc_nm,Fulfillment Center Name,APPROVED,9:API Glossary,,fc_ecomm_instock_percentage,"This field could be a Fulfillment Center Name, FC Cluster, or FC Region. NOTE - FC\_ID from 1-7 is not FC Node but a Region."
fcst_dt,Forecast Date,APPROVED,3:Cloud Feeds;5:BI Link;9:API Glossary,,,This is the date that the forecast applies to. Format: YYYY-MM-DD
fcst_qty,Forecast Quantity,APPROVED,9:API Glossary,,ecomm_instock_percentage;fc_ecomm_instock_percentage,The estimated sales quantity for the promotional sale from a replenishment perspective.
fcst_qty,Node Replen Instock Percentage,APPROVED,13:Report Builder,,,An items instock value measured at the node.This is calculated as On Hand Qty / Forecast Qty at the node.
fcst_seq_nbr,Forecast Sequence Number,APPROVED,5:BI Link;9:API Glossary;13:Report Builder,order_forecast,order_demand_forecast,"Forecast sequence numbers are unique identifiers generated by the forecasting system for each store/item or DC/item combination on a specific suggested order date. Multiple orders can exist for the same suggested order date, each with its own sequence number (starting at 1 for the earliest order). To get the total forecast for an item, sum the units across all sequence numbers for that suggested order date, rather than using only the latest sequence's forecast units."
fcst_tot_dmand_each_qty,Forecast Total Demand Each Quantity,APPROVED,3:Cloud Feeds;5:BI Link;9:API Glossary,,,"This is the total forecast for this period, based on the sum of aggregation of all demand types."
fcst_wm_yr_wk_nbr,Forecast Walmart Year Week Number,APPROVED,3:Cloud Feeds;5:BI Link;9:API Glossary;13:Report Builder,store_demand_forecast,long_range_store_demand_forecast;store_demand_forecast,Walmart year and week (in full numeric form) for the store item forecast. Example: 201701.
fhs_dc_slot_cd,Fire Health and Safety Distribution Center Slot,APPROVED,3:Cloud Feeds;5:BI Link;9:API Glossary,,item_attributes;item_dimensions,"The Fire Health and Safety Distribution Center Slot codeExample: 1 - storage under baffles, 2 - aerosol room - if possible, 3 - aerosol room - mandatory."""
fhs_dc_slot_desc,Fire Health and Safety Distribution Center Description,APPROVED,3:Cloud Feeds;5:BI Link;9:API Glossary,,item_attributes;item_dimensions,Textual description for fire health and safety distribution center slot. Example:1 - storage under baffles2 - aerosol room - if possible3 - aerosol room - mandatory
fin_close_dt,Close Date,APPROVED,3:Cloud Feeds;5:BI Link;9:API Glossary,,store_dimensions,The date the store closed for business.
fin_open_dt,Financial Open Date,APPROVED,3:Cloud Feeds;5:BI Link;9:API Glossary;13:Report Builder,custom_datasets;modular_plan_metrics;order_forecast;purchase_order;store_demand_forecast;store_markup_and_markdowns;store_sales_&amp,store_dimensions,This is the date that the store opened for business.
fin_rpt_cd,Financial Report Code,APPROVED,3:Cloud Feeds;5:BI Link;9:API Glossary;13:Report Builder,custom_datasets;modular_plan_metrics;purchase_order;store_markup_and_markdowns;store_sales_&amp,store_dimensions,"This is the code that allows users to easily identify the type of store. For example: SC is Supercenter, SS is Small Store, etc."
final_charges,Final Charges,APPROVED,5:BI Link;9:API Glossary;13:Report Builder,omni_otif,omni_otif,This is the total charge value after removal process.
final_dt,Final Date,APPROVED,9:API Glossary,,mtr,The date the logging was finalized at the store.E.g. 2023-01-15
final_fcst_each_qty,Final Forecast Each Quantity,APPROVED,3:Cloud Feeds;5:BI Link;9:API Glossary;13:Report Builder,store_demand_forecast,long_range_store_demand_forecast;store_demand_forecast,It is the final forecasted quantity after making all adjustments. Calculation:Final Forecast Each Quantity = Sales Forecast Each Quantity + Total Adjustment Each Quantity
fineline_desc,Fineline Description,APPROVED,3:Cloud Feeds;5:BI Link;6:Digital Landscapes;9:API Glossary;13:Report Builder,custom_datasets;dc_metrics;ecomm_sales;future_valid_item_store;modular_plan_metrics;omni_otif;omni_sales;order_forecast;purchase_order;store_demand_forecast;store_markup_and_markdowns;store_sales_&amp;tender_analysis,item_attributes;item_dimensions;upc_attribution,"Name of the L50 level within the Walmart Merchandising Hierarchy. This is below Subcategory and is the lowest level of the hierarchy. It is a store-only hierarchy, not used in ecomm. Category Advisors are permissioned at the Fineline Level.Name of the L50 level within the Walmart Merchandising Hierarchy. This is below Subcategory and is the lowest level of the hierarchy. It is a store-only hierarchy, not used in ecom. Category Advisors are permissioned at the Fineline Level"
fineline_nbr,Fineline Number,APPROVED,3:Cloud Feeds;5:BI Link;6:Digital Landscapes;9:API Glossary;13:Report Builder,custom_datasets;dc_metrics;ecomm_sales;future_valid_item_store;modular_plan_metrics;omni_otif;omni_sales;order_forecast;purchase_order;store_demand_forecast;store_markup_and_markdowns;store_sales_&amp;tender_analysis;vendor_scorecard,item_attributes;item_dimensions;purchase_order_line;upc_attribution,"Numerical field representing the L50 level within the Walmart Merchandising Hierarchy. This is below Subcategory and is the lowest level of the hierarchy. It is a store-only hierarchy, not used in ecom. Category Advisors are permissioned at the Fineline Level.Numerical field representing the L50 level within the Walmart Merchandising Hierarchy. This is below Subcategory and is the lowest level of the hierarchy. It is a store-only hierarchy, not used in ecom. Category Advisors are permissioned at the Fineline Level"
fips_cnty_cd,Federal Information Processing Standard County Code,APPROVED,3:Cloud Feeds;5:BI Link;9:API Glossary,,store_dimensions,This is the Federal Information Processing Standard (FIPS) code used to identify the county or county equivalent for this store. County equivalents are Parishes and Boroughs. This number is assigned by the government.
firm_alloc_ind,Firm Allocation Indicator,APPROVED,3:Cloud Feeds;5:BI Link;9:API Glossary;13:Report Builder,purchase_order,oms_po_details;purchase_order_alloc_order,"The indicator which denotes if the distribution between the distribution center to store is static. If not static, then the distribution is 'Firm Allocation'. Values: 0 1"
first_row_of_po_line,First Row Of PO Line,APPROVED,5:BI Link;9:API Glossary;13:Report Builder,omni_otif,omni_otif,"This field is set to True only for one row per PO Line. The order quantities and unfilled/overfilled quantities are only set in this row to make aggregations easier.E.g., True, False"
fiscal_full_yr_nbr,Fiscal Full Year Number,APPROVED,3:Cloud Feeds;5:BI Link;9:API Glossary,,calendar_dimensions,"Four digit Walmart fiscal year which begins on February 1st for US and January 1st for International. Examples: Fiscal Year Ending 2000 ends on January 31, 2000."
fiscal_half_cnt,Fiscal Half Count,APPROVED,3:Cloud Feeds;5:BI Link;9:API Glossary,,calendar_dimensions,"A number based on the sequential order of the fiscal half years up to the given date. For example, the 2nd half of 2007 would return: FISCAL\_HALF\_CNT = 813. It will be used to calculate a difference between Fiscal Half Years."
fiscal_half_yr_nbr,Fiscal Half Year Number,APPROVED,3:Cloud Feeds;5:BI Link;9:API Glossary,,calendar_dimensions,A number representing the Fiscal Half Year in terms of the Walmart fiscal year. The Walmart fiscal year first half (1) starts February 1 in the US and CA and January 1 other international countries. The Walmart fiscal year second half (2) starts August 1 for US and CA and July 1 for other international countries. This value is affected by FISCAL\_MONTH\_NBR and not WM\_YR\_WK\_NBR/WM\_WEEK\_NBR.
fiscal_half_yr_nm,Fiscal Half Year Name,APPROVED,3:Cloud Feeds;5:BI Link;9:API Glossary,,calendar_dimensions,"The fiscal half year name, in the country's native language and not based on the 4/5/4 retail calendar. For example, if the month is April the US name might be: H1, 1st Half, or 1° Semestre."
fiscal_mth_abbr,Fiscal Month Abbreviation,APPROVED,3:Cloud Feeds;5:BI Link;9:API Glossary,,calendar_dimensions,"An abbreviation for the fiscal month, in the country's native language.Examples:Geo\_region\_code = US, CA, PR - Jan, Feb, Mar, Apr, May, June, July, Aug, Sept, Oct, Nov, Dec.Geo\_region\_code = MX - Enero, Febrero, Marzo, etc."
fiscal_mth_alpha_nbr,Fiscal Month Alpha Number,APPROVED,3:Cloud Feeds;5:BI Link;9:API Glossary,,calendar_dimensions,"A number representing the fiscal calendar month (zero padded for correct lexicographical order), where 01 is February in the US, CA and PR and January for other international countries. For example, if it is April the US returned value would be: 03."
fiscal_mth_cnt,Fiscal Month Count,APPROVED,3:Cloud Feeds;5:BI Link;9:API Glossary,,calendar_dimensions,"A number based on the sequential order of the fiscal months up to the given date. For example, January 2007 would return: FISCAL\_MTH\_CNT = 2584. It will be used to calculate a difference between Fiscal Months."
fiscal_mth_nbr,Fiscal Month Number,APPROVED,3:Cloud Feeds;5:BI Link;9:API Glossary,,calendar_dimensions,"A number representing the Walmart fiscal month for this date, where 01 is February in the US and CA and January for other international countries. For example, if it is April the US return value would be: 3."
fiscal_mth_nm,Fiscal Month Name,APPROVED,3:Cloud Feeds;5:BI Link;9:API Glossary,,calendar_dimensions,"The Walmart fiscal month name for this date, in the country's native language. Examples: February, March, April, etc."
fiscal_qtr_cnt,Fiscal Quarter Count,APPROVED,3:Cloud Feeds;5:BI Link;9:API Glossary,,calendar_dimensions,"A number based on the sequential order of the fiscal quarters up to the given date. For example, January 2007 would return: FISCAL\_QTR\_CNT = 927. It will be used to calculate a difference between Fiscal Quarters."
fiscal_qtr_nbr,Fiscal Quarter Number,APPROVED,3:Cloud Feeds;5:BI Link;9:API Glossary,,calendar_dimensions,"A number representing the fiscal quarter number, in terms of the Walmart fiscal year, which starts in February for US and CA and in January for other international countries. Examples: Feb to April (1), May to July (2), Aug to Oct (3), Nov to Jan (4)."
fiscal_qtr_nm,Fiscal Quarter Name,APPROVED,3:Cloud Feeds;5:BI Link;9:API Glossary,,calendar_dimensions,"The fiscal quarter name, in the country's native language. Example: Q1, Q2, Q3, Q4."
fiscal_yr_nm,Fiscal Year Name,APPROVED,3:Cloud Feeds;5:BI Link;9:API Glossary,,calendar_dimensions,"The Walmart fiscal year ending name, in the country's native language. For example, for a fiscal year ending on January 31, 2000, the name could be: FYE 2000."
fix_cmnt_txt,Fix Comment Text,APPROVED,9:API Glossary,,ecomm_product_content_score,"This will exist if there is a suggested fix for a content issue. Examples: -This title includes key attributes such as 'brand' and 'color', but is missing others such as 'material'. -This item requires a submission for this attribute. Please fill out this attribute. -This description is too complex. Descriptions that are simpler tend to perform better. Try decreasing the average length of the words and sentences to make it simpler."
fixtr_key_id,Fixture Key ID,APPROVED,5:BI Link;9:API Glossary,,modular_upc_location,Identifies a specific piece of hardware or fixture used to display merchandise. For modular upc location this is the shelf where the product is placed.
fob_pnt_type_cd,Freight On Board Point Type Code,APPROVED,3:Cloud Feeds;5:BI Link;9:API Glossary;13:Report Builder,purchase_order,oms_po_details;purchase_order_line,This is a number that identifies where ownership of the merchandise transfers to Walmart. Examples include: Walmart's (store or warehouse) Vendor's shipping location consolidator.
force_unpubl_not_pub_ind,Forcibly Unpublished Not Published Indicator,APPROVED,5:BI Link;9:API Glossary,,digital_transactability,Indicates that the Item is not published due to it being forcibly unpublished.
frac_instk_pct,Fraction Instock Percent,APPROVED,9:API Glossary,,out_of_stock_root_cause,The availability percent of the items in stock. It will hold the fraction values ranging from 0.0000 to 1.0000.
free_astray_ind,Free Astray Indicator,APPROVED,3:Cloud Feeds;5:BI Link;9:API Glossary;13:Report Builder,purchase_order,oms_po_details;purchase_order_dc_receiver,This is merchandise that was included on the shipment but not recorded on the bill of lading or the purchase order. Values: 0: No 1: Yes
freq_uom_nm,Frequency Unit of Measure Name,APPROVED,9:API Glossary,,ecomm_subscriptions,"The Unit of Measure name for the subscribed item frequency. Examples: DAYS, WEEKS"
freq_val,Frequency Value,APPROVED,9:API Glossary,,ecomm_subscriptions,The value of the subscribed item frequency. This unit is determined by another column: FREQ\_UOM\_NM.
fresh_flag,11 - 11 Indicator,APPROVED,5:BI Link;9:API Glossary;13:Report Builder,omni_otif,omni_otif;otif_(decommissioned),"The 11-11 Indicator shows whether a PO is eligible for specific delivery windows:11am-11am11am-MidnightThe indicator uses the following codes:Code MeaningY Fresh PO and were on a load with other fresh POs (eligible for 11am-11am window)M Mixed load: both fresh and non-fresh POs were on the same load (eligible for 11am-Midnight window)N Not a fresh PO and did not ride along with other fresh POs.G For FSCs 3699 and 7095: on a load with other fresh POs (11am-11am window)S For POs from DC 4867: mixed load, both fresh and non-fresh POs were on the same load (11am-Midnight window)"
fresh_flag,Fresh flag,APPROVED,13:Report Builder,,,"Indicates if the PO is eligible for 11am-11am/11am-Midnight delivery windows (Y, M, N, G, S)"
frght_pymt_type_cd,Freight Payment Type Code,APPROVED,3:Cloud Feeds;5:BI Link;9:API Glossary;13:Report Builder,purchase_order,oms_po_details;purchase_order;purchase_order_dc_receiver;purchase_order_stock_transfer,Identifies how the third party carrier freight charges are paid.Examples:Prepaid - Freight charges are paid by the ShipperCollect - Freight charges are paid by the Receiver
frght_pymt_type_desc,Freight Payment Type Description,APPROVED,3:Cloud Feeds;5:BI Link;9:API Glossary;13:Report Builder,omni_otif,omni_otif;oms_po_details;purchase_order,Describes how the third party carrier freight charges are paid.Examples:Prepaid - Freight charges are paid by the ShipperCollect - Freight charges are paid by the Receiver
frght_pymt_type_desc,Freight Type,APPROVED,9:API Glossary;13:Report Builder,purchase_order,otif_(decommissioned),Describes how the third party carrier freight charges are paid.
from_geo_region_cd,From Geographical Region Code,APPROVED,3:Cloud Feeds;5:BI Link;9:API Glossary;13:Report Builder,purchase_order,oms_po_details;purchase_order_alloc_order,The code of the geographical region of the sending store or DC. Examples: AR - Argentina BR - Brazil CA - Canada CN - China GB - Great Britain IN - India JP - Japan K1 - Central America K2 - Chile K3 - Southern Africa MX - Mexico US - United States WW - World Wide
from_oms_banner_cd,From Order Management System Banner Code,APPROVED,3:Cloud Feeds;5:BI Link;9:API Glossary;13:Report Builder,purchase_order,oms_po_details;purchase_order_alloc_order,"The code which represents the sign or banner on the outside of the sending store. Examples: B1, B4, C7, D7"
from_oms_home_ofc_id,From Order Management System Home Office ID,APPROVED,3:Cloud Feeds;5:BI Link;9:API Glossary;13:Report Builder,purchase_order,oms_po_details;purchase_order_alloc_order,"The identifier of the Home Office associated with the sender on the Allocation Order. Examples: Walmart Inc, USA Home Office Walmart Inc, Canada Home Office Walmart Inc, Central America Home Office"
from_oms_sync_ts,From OMS Sync Timestamp,APPROVED,9:API Glossary,,stock_transfer_purchase_order_cross_reference,"The date and time for the first Stock Transfer Order creation, for the Order Management System to Legacy sync. Example: 2022-11-30 10:25:48.326"
from_op_cmpny_cd,From Operational Company Code,APPROVED,3:Cloud Feeds;5:BI Link;9:API Glossary;13:Report Builder,purchase_order,oms_po_details;purchase_order_alloc_order,"The code for the Operational Company of the sending store or Distribution Center. ID Operational Company Code Description 0 WMT-US The operational company Walmart in the US geo-region 1 SAMS-US The operational company SAMSClub in the US geo-region 2 WMT The operational company Walmart in the WorldWide region 3 SAMS-MX The operational company SAMSClub in the MX geo-region 4 WMT-K1 The operational company Walmart in the K1 (Central America) geo-region. Note: Although operational company is an atomic column, based on known use cases and for user convenience we chose to populate it as ""Operational Company Code""(HYPHEN)""Geo Region""."
from_store_nbr,From Store Number,APPROVED,3:Cloud Feeds;5:BI Link;9:API Glossary;13:Report Builder,purchase_order,oms_po_details;purchase_order_alloc_order,The identifier for the store where the Allocation Order originated.
from_whse_area_cd,From Warehouse Area Code,APPROVED,3:Cloud Feeds;5:BI Link;9:API Glossary;13:Report Builder,purchase_order,oms_po_details;purchase_order_alloc_order,"The code which identifies the sections of warehouse, in the sending location, where the merchandise is received. Examples: 0, 10, 20, 30, 41, 42"
fsa_ind,FSA Indicator,APPROVED,3:Cloud Feeds;5:BI Link;9:API Glossary,,item_attributes;item_dimensions,Indicates that the item is valid for flexible spending accounts. These are the individual health savings accounts that are governed for use by the IRS.
ftpr,First Time Pick Rate,APPROVED,3:Cloud Feeds;5:BI Link;9:API Glossary;13:Report Builder,custom_datasets;store_sales_&amp;vendor_scorecard,store_fulfillment,"The percentage of items that were picked in the first pick-walk for store fulfilled orders.Calculation: (First Time Pick Rate Numerator) / (First Time Pick Rate Denominator)Terminology associated with Pick events:-Picks: All picks, as ordered, on the first picking attempt. It is based on the first pick display timestamp. It does not include any exception picks and items that are cancelled prior to dispense.-Overrides: The system says that the associate scanned the wrong item, when in fact the associate scanned the correct item. The manager can override the system to tell it to accept the associate's pick. When an override is done for the original item, it will not lead to a substitution. These are added only if they are accepted through the exception management.-Substitution: The system recommends a different item for the OPD associate to pick since the original item is out or can't be found.E.g., wm\_item\_nbr store\_nbr 123456789 10ftpr ftpr\_qty 42.86 3 ftpr\_nmrtr ftpr\_dnmntr 3 7"
ftpr_dnmntr,First Time Pick Rate Denominator,APPROVED,3:Cloud Feeds;5:BI Link;7:Channel Performance Insights;9:API Glossary;13:Report Builder,custom_datasets;store_sales_&amp,store_fulfillment,The measure of quantity of actual items ordered excluding cancelled items prior to dispense.Example:wm\_item\_nbr store\_nbr 123456789 10ftpr ftpr\_qty 42.86 3 ftpr\_nmrtr ftpr\_dnmntr 3 7
ftpr_nmrtr,First Time Pick Rate Numerator,APPROVED,3:Cloud Feeds;5:BI Link;7:Channel Performance Insights;9:API Glossary;13:Report Builder,custom_datasets;store_sales_&amp,store_fulfillment,"The measure of number of units picked as ordered, including manager approved overrides excluding the skip quantity from the first picking attempt.Example:wm\_item\_nbr store\_nbr 123456789 10ftpr ftpr\_qty 42.86 3 ftpr\_nmrtr ftpr\_dnmntr 3 7"
ftpr_qty,First Time Pick Rate Quantity,APPROVED,3:Cloud Feeds;5:BI Link;9:API Glossary;13:Report Builder,custom_datasets;store_sales_&amp,store_fulfillment,The measure of the number of units picked as ordered including manager approved overrides excluding skip quantity from the first picking attempt. It is same as First Time Pick Rate Numerator.Example:wm\_item\_nbr store\_nbr 123456789 10ftpr ftpr\_qty 42.86 3 ftpr\_nmrtr ftpr\_dnmntr 3 7Also see First Time Pick Rate Numerator and First Time Pick Rate Denominator.
fulfmt_type_desc,Fulfillment Type Description,APPROVED,9:API Glossary,,,Identifier for the method of fulfilling the order line during scheduling. The possible values are:UNSCHEDULED_DELIVERYEXPRESS_DELIVERYEXPRESS_PICKUPUNSCHEDULED_PICKUPSCHEDULED_DELIVERYSCHEDULED_PICKUPINHOME
fulfmt_type_id,Fulfillment Type Id,APPROVED,3:Cloud Feeds,,,"IDs of Fulfilment Type - Pickup Scheduled, Delivery Unscheduled, Etc. Examples: 1 - Site to Home (eComm) 2 - Site to Store (eComm) 3 - 1HG 4 - Pickup Today 5 - Subscription 6 - Scheduled Pickup 7 - Scheduled Delivery 8 - Express Pickup 9 - Express Delivery 10 - Electronic 11 - In-Home 12 - Delivery 13 - Pickup 14 - Unscheduled Pickup 15 - Unscheduled Delivery 16 - Wmt Store (non-eComm)"
fulfmt_type_nm,Fulfillment Type Name,APPROVED,9:API Glossary,,ecomm_subscriptions,"Will be either PICKUP or DELIVERY, depending on how the order was fulfilled to the customer. This is currently only populated for Glass orders. Pre-Glass data has inconsistent existing values for this field.Values: DELIVERY or PICKUP"
future_omittraits,Future Omit Trait,APPROVED,13:Report Builder,store_sales_&amp,,This represents what stores the traited item should not be sent to or should not be valid for. This has been set up to become effective at some point in the future. It is represented as (“Trait\_nbr” ++ “Trait\_connect\_cd” ++ “Trait\_nbr”) as per the order of sequence provided in “Trait\_Seq\_Nbr” where “Send\_Omit\_Cd” = ‘O’.
future_sendtraits,Future Send Trait,APPROVED,13:Report Builder,store_sales_&amp,,This represents what stores the traited item should be sent to or should be valid for. This has been set up to become effective at some point in the future. It is represented as (“Trait\_nbr” ++ “Trait\_connect\_cd” ++ “Trait\_nbr”) as per the order of sequence provided in “Trait\_Seq\_Nbr” where “Send\_Omit\_Cd” = ‘S’.
gender,gender,APPROVED,1:Shopper Behavior;2:Customer Perception;10:Assortment Deep Dive,,,"A demographic found in the Assortment Performance and Customer Priority tables in ADD, displaying the percentage of customers that purchased a product, split across three different groupings according to the gender of the customer who purchased the product. The three groupings are: : Gender: Female, Gender: Male, Gender: unclassified. Each grouping is displayed as its own column in the table and can be sorted to see which products resonate the most with each demographic group."
geo_region_cd,Geo Region Code,APPROVED,6:Digital Landscapes,,,"A code which represents an operational geographic region. This can be a country, a group of countries or all countries.Values - 'AR' - Argentina 'BR' - Brazil 'CA' - Canada 'CN' - China 'GB' - Great Britian 'IN' - India 'JP' - Japan 'K1' - Central America 'K2' - Chile 'K3' - Southern Africa 'MX' - Mexico 'US' - United States 'WW' - World Wide"
geo_region_cd,Geographic Region Code,APPROVED,3:Cloud Feeds;5:BI Link;9:API Glossary;13:Report Builder,custom_datasets;ecomm_inventory;future_valid_item_store;modular_plan_metrics;omni_otif;order_forecast;purchase_order;store_demand_forecast;store_markup_and_markdowns;store_sales_&amp,all_traits;calendar_dimensions;coops;dc_alignment;dc_dimensions;dc_item_measures;digital_transactability;ecomm_instock_percentage;ecomm_inventory;ecomm_product_content_score;ecomm_returns;ecomm_subscriptions;fc_ecomm_instock_percentage;future_valid_item;inventory_adjustments;item_attributes;item_dimensions;item_future_trait;item_trait;long_range_store_demand_forecast;modular_plan;modular_plan_upc;modular_traits;modular_upc_location;mtr;mumd;omni_otif;omni_sales;omni_sales_new;oms_po_details;order_demand_forecast;out_of_stock_root_cause;purchase_order;purchase_order_alloc_order;purchase_order_dc_receiver;purchase_order_dc_receiver_line;purchase_order_line;purchase_order_stock_transfer;rfid_on_hand_adjustments;rfid_sku;sales_tender;stock_transfer_purchase_order_cross_reference;store_demand_forecast;store_dimensions;store_inventory;store_item_measures;store_item_measures_(inventory);store_modular;store_returns;store_sales;store_sales_new;store_trait;traits;upc_attribution;upc_sales,"A code that represents an operational geographic region. This can be a country, a group of countries, or all countries.The valid values are:AR- ArgentinaBR- BrazilCA - CanadaCN - ChinaGB - Great BritainIN - IndiaJP - JapanK1 - Central AmericaK2 - ChileK3 - Southern AfricaMX - MexicoUS - United StatesWW - World Wide"
gift_card_face_amt,Gift Card Face Amount,APPROVED,3:Cloud Feeds;5:BI Link;9:API Glossary,,item_attributes;item_dimensions,Face value monetary amount (excluding fees) of a gift card.
gift_card_fee_amt,Gift Card Fee Amount,APPROVED,3:Cloud Feeds;5:BI Link;9:API Glossary,,item_attributes;item_dimensions,The monetary fee charged for a gift card.
gift_card_fee_pct,Gift Card Fee Percentage,APPROVED,3:Cloud Feeds;5:BI Link;9:API Glossary,,item_attributes;item_dimensions,The percentage charged as a fee for a gift card.
gift_card_type_cd,Gift Card Type Code,APPROVED,3:Cloud Feeds;5:BI Link;9:API Glossary,,item_attributes;item_dimensions,The type of the gift card.Examples:1 -FIXED2 -VARIABLE
gift_card_type_desc,Gift Card Type Description,APPROVED,3:Cloud Feeds;5:BI Link;9:API Glossary,,item_attributes;item_dimensions,Textual description of the gift card type.
global_duns,Global Duns,APPROVED,6:Digital Landscapes,,,Global Duns
gmv_auth_base_order_amt,GMV Auth Based Order Amount,APPROVED,13:Report Builder,bottle_deposit,,"Auth based Gross Merchandise Value (GMV) net of cancellations and refunds. GMV is revenue collected from the customer, i.e., item price after savings, discounts, and shipping charges. GMV\_ORDER\_AMT = GMV\_PLCD\_AMT - GMV\_CNCL\_AMT - GMV\_RFND\_AMT. 'ORDER' in the column name refers to the fact that this is order-based rather than event-based."
gmv_cncl_amt,Gross Merchandise Value Cancelled Amount,APPROVED,9:API Glossary,,ecomm_subscriptions,"The Gross Merchandise Value (GMV) cancelled. GMV is revenue collected from the customer, i.e. the item price after savings, discounts, and shipping charges. These could be cancelled for potential fraud, by the customer, or by us if we couldn't fulfill the sold units for whatever reason."
gmv_order_amt,Gross Merchandise Value Order Amount,APPROVED,9:API Glossary,,ecomm_subscriptions,"The Gross Merchandise Value (GMV), net of cancellations and refunds. GMV is revenue collected from the customer, i.e. the item price after savings, discounts, and shipping charges. 'ORDER' in the column name refers to the fact that this is order-based rather than event-based."
gmv_plcd_amt,Gross Merchandise Value Placed Amount,APPROVED,9:API Glossary,,ecomm_subscriptions,"The Gross Merchandise Value (GMV) placed. GMV is revenue collected from the customer, i.e. the item price after savings, discounts, and shipping charges."
gmv_rfnd_amt,Gross Merchandise Value Refund Amount,APPROVED,9:API Glossary,,ecomm_subscriptions,"The Gross Merchandise Value (GMV) refunded. GMV is revenue collected from the customer, i.e. the item price after savings, discounts, and shipping charges. All refunds are subtracted from GMV in theory - they could be a full refund for a return, a full refund for damage, a price adjustment, a Customer Service Adjustment (CSA), etc. However, store refunds are not yet included in GMV/CP - they will be after approved by finance and plan/forecast are restated."
gmv_ship_base_order_amt,GMV Shipped Based Order Amount,APPROVED,13:Report Builder,bottle_deposit,,"Shipped based Gross Merchandise Value (GMV) net of cancellations and refunds for last year. GMV is revenue collected from the customer, i.e., item price after savings, discounts, and shipping charges. GMV\_ORDER\_AMT = GMV\_PLCD\_AMT - GMV\_CNCL\_AMT - GMV\_RFND\_AMT. 'ORDER' in the column name refers to the fact that this is order-based rather than event-based."
goog_xprs_og_ind,Google Express Online Grocery,APPROVED,2:Customer Perception,,,Google Express Online Grocery
grand_open_dt,Grand Open Date,APPROVED,3:Cloud Feeds;5:BI Link;9:API Glossary;13:Report Builder,custom_datasets;modular_plan_metrics;order_forecast;purchase_order;store_demand_forecast;store_markup_and_markdowns;store_sales_&amp,dc_dimensions;store_dimensions,The date the store is officially open for business.
groc_cd,Grocery Code,APPROVED,3:Cloud Feeds;5:BI Link;9:API Glossary;13:Report Builder,purchase_order,oms_po_details;purchase_order,This code that identifies the Grocery type.Y (Pure Grocery)R (remix – General Merchandise (GM) orders passing thru Grocery remix flow)N (GM)
groc_frght_cd,Grocery Freight Code,APPROVED,3:Cloud Feeds;5:BI Link;9:API Glossary;13:Report Builder,purchase_order,oms_po_details;purchase_order,"Transportation business can decide whether these specific purchase orders (PO) can be treated as prepaid or collect PO, irrespective of the vendor being a prepaid or collect vendor."
groc_ind,Grocery Indicator,APPROVED,3:Cloud Feeds;5:BI Link;9:API Glossary;13:Report Builder,purchase_order,oms_po_details;purchase_order_stock_transfer,Denotes that the Stock Transfer Order is for grocery merchandise.
gross_rcpt_cost_amt,Gross Initial Margin,APPROVED,13:Report Builder,custom_datasets;store_sales_&amp,,The value of profit made on products before any price increases (markup) or decreases (markdowns) are applied. It shows how much profit is earned from the difference between what the company paid for the products (cost) and what the products are worth at their original selling price (retail value). Formula: Gross Initial Margin = (Total Gross Receipt Retail Amount - Total Gross Receipt Cost) / Total Gross Receipt Retail Amount.
gross_rcpt_cost_amt,Gross Initial Margin %,APPROVED,13:Report Builder,vendor_scorecard,,The percentage of profit made on products before any price increases (markup) or decreases (markdowns) are applied. It shows how much profit is earned from the difference between what the company paid for the products (cost) and what the products are worth at their original selling price (retail value). Formula: Gross Initial Margin = ((Total Gross Receipt Retail Amount - Total Gross Receipt Cost) / Total Gross Receipt Retail Amount) x 100.This percentage helps you understand how much profit is built into the products before any discounts or price changes are made.
gross_rcpt_cost_amt,Gross Receipt Cost Amount,APPROVED,3:Cloud Feeds;9:API Glossary;13:Report Builder,custom_datasets;store_sales_&amp,store_item_measures;store_item_measures_(inventory),This is the cost amount of the receipt at the store. Receipt refers to inventory receivings (inventory received). Receivings/receipts can be from supplier to the distribution center (DC) or from DCs to store.This amount is shown in dollars.
gross_rcpt_cost_amt,Gross Receipt Cost Amount YoY Change%,APPROVED,13:Report Builder,custom_datasets;store_sales_&amp,,This is the cost amount of the receipt at the store. Receipt refers to inventory receivings (inventory received). Receivings/receipts can be from supplier to the distribution center (DC) or from DCs to store.This amount is shown in dollars.Year over year change percentage for Gross receipt cost amount = (LY\_GROSS\_RCPT\_COST\_AMT - TY\_GROSS\_RCPT\_COST\_AMT) / LY\_GROSS\_RCPT\_COST\_AMT
gross_rcpt_cost_amt,Gross Receipt Cost Amount YoY Difference,APPROVED,13:Report Builder,custom_datasets;store_sales_&amp,,This is the cost amount of the receipt at the store. Receipt refers to inventory receivings (inventory received). Receivings/receipts can be from supplier to the distribution center (DC) or from DCs to store.This amount is shown in dollars.Year over year difference for Gross receipt cost amount = LY\_GROSS\_RCPT\_COST\_AMT - TY\_GROSS\_RCPT\_COST\_AMT
gross_rcpt_cost_amt,Net Maintain Margin $,APPROVED,13:Report Builder,vendor_scorecard,,"Net Maintain Margin $ represents the profit in dollars after accounting for all markups, markdowns, and returns. This metric provides a true measure of profitability by reflecting the impact of pricing changes and product returns on sales.Calculation:The Net Maintain Margin $ is calculated using the following formula:Net Maintain Margin $ = ((((((SUM(D) × SUM(C)) / SUM(ty_sales_amt)) / (SUM(B) - SUM(C))) × (-1)) + 1) × (SUM(B) - SUM(C))) / SUM(B)) × SUM(ty_sales_amt)Where:B = Net Sales Amount = SUM(ty_gross_rcpt_rtl_amt) - SUM(CASE WHEN RTN_SALES_AMT is NULL THEN 0 ELSE RTN_SALES_AMT END)C = Net Cost Amount = SUM(ty_gross_rcpt_cost_amt) - SUM(CASE WHEN RTN_COST_AMT is NULL THEN 0 ELSE RTN_COST_AMT END)D = Retail Adjustment = SUM(PREV_RTL_AMT - CURR_RTL_AMT)ty_sales_amt = Total Year Sales AmountDescription:Net Sales (B): Total gross receipts at retail, minus sales returns.Net Cost (C): Total gross receipts at cost, minus cost returns.Retail Adjustment (D): The sum of changes between previous and current retail amounts."
gross_rcpt_cost_amt,Store Ships at Cost,APPROVED,13:Report Builder,vendor_scorecard,,It is the cost amount of the receipt at the store. Receipt refers to inventory receivings (inventory received). Receivings/receipts can be from supplier to the distribution center (DC) or from DCs to store.
gross_rcpt_qty,Gross Receipt Quantity,APPROVED,13:Report Builder,custom_datasets,store_item_measures_(inventory),The number of sellable units received at the store. These can also be weighable units and can hold decimal values.
gross_rcpt_qty,Gross Receipt Quantity YoY Change%,APPROVED,13:Report Builder,custom_datasets;store_sales_&amp,,The number of sellable units received at the store. These can also be weighable units and can hold decimal values. Year over year change percentage for Gross Receipt Quantity = (ly\_gross\_rcpt\_qty - ty\_gross\_rcpt\_qty) / ly\_gross\_rcpt\_qty
gross_rcpt_qty,Gross Receipt Quantity YoY Difference,APPROVED,13:Report Builder,custom_datasets;store_sales_&amp,,The number of sellable units received at the store. These can also be weighable units and can hold decimal values. Year over year difference for Gross Receipt Quantity = ly\_gross\_rcpt\_qty - ty\_gross\_rcpt\_qty
gross_rcpt_rtl_amt,Gross Receipt Retail Amount,APPROVED,3:Cloud Feeds;9:API Glossary;13:Report Builder,custom_datasets;store_sales_&amp,store_item_measures;store_item_measures_(inventory),It is the retail value of the receipt at the store. Receipt refers to inventory receivings (inventory received). This amount is shown in dollars.
gross_rcpt_rtl_amt,Gross Receipt Retail Amount YoY Change%,APPROVED,13:Report Builder,custom_datasets;store_sales_&amp,,It is the retail value of the receipt at the store. Receipt refers to inventory receivings (inventory received). This amount is shown in dollars.Year over year change percentage for Gross receipt retail amount = (LY\_GROSS\_RCPT\_RTL\_AMT - TY\_GROSS\_RCPT\_RTL\_AMT) / LY\_GROSS\_RCPT\_RTL\_AMT
gross_rcpt_rtl_amt,Gross Receipt Retail Amount YoY Difference,APPROVED,13:Report Builder,custom_datasets;store_sales_&amp,,It is the retail value of the receipt at the store. Receipt refers to inventory receivings (inventory received). This amount is shown in dollars.Year over year difference for Gross receipt retail amount = LY\_GROSS\_RCPT\_RTL\_AMT - TY\_GROSS\_RCPT\_RTL\_AMT
gross_rcpt_rtl_amt,Maintain Margin %,APPROVED,13:Report Builder,vendor_scorecard,,"Calculation. The profit percentage after markup/markdown is applied.Maintained Margin is calculated using the initial margin % and the markdown %, instead of dollars. It does not account for changes in inventory levels, but only for the interaction of the initial margin % and markdowns. It's one of the most commonly used store profitablity metrics.Calculation:(((((((SUM(A) \* SUM(ty\_gross\_rcpt\_cost\_amt))/ SUM(ty\_sales\_amt)) / (SUM(ty\_gross\_rcpt\_rtl\_amt) - SUM(ty\_gross\_rcpt\_cost\_amt))) \* (-1)) + 1) \* (SUM(ty\_gross\_rcpt\_rtl\_amt) - SUM(ty\_gross\_rcpt\_cost\_amt)) ) / SUM(ty\_gross\_rcpt\_rtl\_amt))\*100 SUM(PREV\_RTL\_AMT - (CURR\_RTL\_AMT)) AS A"
gross_rcpt_rtl_amt,Store Ships at Retail,APPROVED,13:Report Builder,vendor_scorecard,,It is the retail value of the receipt at the store. It is the retail value of the receipt at the store. Receipt refers to inventory receivings (inventory received). Receivings/receipts can be from supplier to the distribution center (DC) or from DCs to store.
grs_batch_cntry_cd,Global Replenishment System Batch Country Code,APPROVED,5:BI Link;9:API Glossary;13:Report Builder,purchase_order,oms_po_details;purchase_order_alloc_order,The country code assigned to the Global Replenishment System batch.
grs_batch_cntry_cd,Global Replenishment System Batch Country Code,APPROVED,3:Cloud Feeds;9:API Glossary,,,The country code assigned to the Global Replenishment System batch.
grs_batch_dt,Global Replenishment System Batch Date,APPROVED,3:Cloud Feeds;5:BI Link;9:API Glossary;13:Report Builder,purchase_order,oms_po_details;purchase_order_alloc_order,The date of the GRS order request which initiated the Allocation Order.
grs_batch_id,Global Replenishment System Batch ID,APPROVED,3:Cloud Feeds;5:BI Link;9:API Glossary;13:Report Builder,purchase_order,oms_po_details;purchase_order_alloc_order,The identifier of the GRS order request which initiated the Allocation Order.
gtin,GTIN,APPROVED,3:Cloud Feeds;5:BI Link;9:API Glossary;13:Report Builder,hourly_store_inventory,future_valid_item;hourly_store_inventory;item_attributes;item_dimensions;rfid_on_hand_adjustments;rfid_sku,The Global Trade Item Number associated with the item.
guar_sales_ind,Guaranteed Sales Indicator,APPROVED,3:Cloud Feeds;5:BI Link;9:API Glossary,,item_attributes;item_dimensions,This indicates that if the item does not sell it may be returned to the Vendor. This is to keep the stores from marking down these items.
handling_amt,Handling Amount,APPROVED,3:Cloud Feeds;5:BI Link;9:API Glossary;13:Report Builder,purchase_order,oms_po_details;purchase_order_line,The cost associated for handling the merchandise. This amount is in Dollars.
hazmat_id,Hazardous Material Id,APPROVED,3:Cloud Feeds;5:BI Link;9:API Glossary;13:Report Builder,purchase_order,oms_po_details;purchase_order_line,"Identifies the set of attributes that represent a unique hazardous material that may be attached to an Item of Merchandise. A HAZARDOUS MATERIAL is a substance or material which has been determined by the Secretary of Transportation to be capable of posing an unreasonable risk to health, safety, and property when transported in commerce. This includes hazardous substances, hazardous wastes, marine pollutants, and elevated temperature materials."
hhchildager1,Children Under 3 Years Old,APPROVED,2:Customer Perception,,,Indicates if the ages of the children under 3 years living in your household
hhchildager2,Children Between 3-5 Years Old,APPROVED,2:Customer Perception,,,Indicates if the ages of the children between 3 - 5 years living in your household
hhchildager3,Children Between 6-8 Years Old,APPROVED,2:Customer Perception,,,Indicates if the ages of the children between 6 - 8 years living in your household
hhchildager4,Children Between 9-12 Years Old,APPROVED,2:Customer Perception,,,Indicates if the ages of the children between 9 - 12 years living in your household
hhchildager5,Children Between 13-15 Years Old,APPROVED,2:Customer Perception,,,Indicates if the ages of the children between 13 - 15 years living in your household
hhchildager6,Children Between 16-18 Years Old,APPROVED,2:Customer Perception,,,Indicates if the ages of the children between 16 - 18 years living in your household
hi_lvl_oos_rsn_desc,High Level Out of Stock Reason Description,APPROVED,9:API Glossary,,out_of_stock_root_cause,"The highest level grouping of the Out of Stock reasons. High-, Mid-, and Low-level reasons can be used to drill-down into out of stock root causes.High-level Examples:Supplier: Out of stock due to Supplier reasonOther: Other out of stocks for which no apparent root cause can be identifiedModular: Out of stock due to Modular reasonLogistics: Out of stock due to logistics reasonStore Ops: Out of stock due to store operations reasonForecast : Item forecast is not keeping up with customer demand"
hisp_latino_orig,Hispanic Or Latino,APPROVED,2:Customer Perception,,,Indicates if Panelist is Hispanic or Latino
hld_qty,Hold Quantity,APPROVED,3:Cloud Feeds;9:API Glossary;13:Report Builder,ecomm_inventory,ecomm_inventory,"All units that are flagged as Not Available to Sell that could be in work in progress quantity or could have damages, recalls, quality control issues, etc"
hld_qty,Hold Quantity EOP,APPROVED,13:Report Builder,ecomm_inventory,,"All units that are flagged as Not Available to Sell that could be in work in progress quantity or could have damages, recalls, quality control issues, etc.Note: This metric is the 'End of Period' value for the selected time period: For Example: ‘Friday’ for WMT weeks."
ho_mkdn_amt,Home Office Markdown Amount,APPROVED,3:Cloud Feeds;9:API Glossary;13:Report Builder,store_sales_&amp,store_item_measures;store_item_measures_(inventory),"Home Office initiated markdown amount. E.g., Rollback, Clearance.This amount is shown in dollars.Example:STORE_NBR ITEM_NBR 1 200HO_MKDN_AMT 5 HO_MKDN_QTY 50"
ho_mkdn_amt,Home Office Markdown Amount YoY Change%,APPROVED,13:Report Builder,custom_datasets;store_sales_&amp,,"Home Office initiated markdown amount. E.g., Rollback, Clearance.This amount is shown in dollars.Example:STORE\_NBR ITEM\_NBR 1 200Ty\_HO\_MKDN\_AMT 5 TY\_HO\_MKDN\_QTY 50Year over year change percentage for Home Office markdown amount = (LY\_HO\_MKDN\_AMT - TY\_HO\_MKDN\_AMT) / LY\_HO\_MKDN\_AMT"
ho_mkdn_amt,Home Office Markdown Amount YoY Difference,APPROVED,13:Report Builder,custom_datasets;store_sales_&amp,,"Home Office initiated markdown amount. E.g., Rollback, Clearance.This amount is shown in dollars.Example:STORE\_NBR ITEM\_NBR 1 200Ty\_HO\_MKDN\_AMT 5 TY\_HO\_MKDN\_QTY 50Year over year difference for Home Office markdown amount = LY\_HO\_MKDN\_AMT - TY\_HO\_MKDN\_AMT"
ho_mkdn_qty,Home Office Markdown Quantity,APPROVED,3:Cloud Feeds;9:API Glossary;13:Report Builder,custom_datasets,store_item_measures;store_item_measures_(inventory),Number of units to which the markdown was initiated by Home Office.This quantity is shown in eaches.Example:STORE\_NBR ITEM\_NBR 1 200HO\_MKDN\_AMT 5 HO\_MKDN\_QTY 50
ho_mkdn_qty,Home Office Markdown Quantity YoY Change%,APPROVED,13:Report Builder,custom_datasets;store_sales_&amp,,Number of units to which the markdown was initiated by Home Office.This quantity is shown in eaches.Example:STORE\_NBR ITEM\_NBR 1 200Ty\_HO\_MKDN\_AMT 5 TY\_HO\_MKDN\_QTY 50Year over year change percentage for Home Office markdown quantity = (LY\_HO\_MKDN\_QTY - TY\_HO\_MKDN\_QTY) / LY\_HO\_MKDN\_QTY
ho_mkdn_qty,Home Office Markdown Quantity YoY Difference,APPROVED,13:Report Builder,custom_datasets;store_sales_&amp,,Number of units to which the markdown was initiated by Home Office.This quantity is shown in eaches.Example:STORE\_NBR ITEM\_NBR 1 200Ty\_HO\_MKDN\_AMT 5 TY\_HO\_MKDN\_QTY 50Year over year difference for Home Office markdown quantity = LY\_HO\_MKDN\_QTY - TY\_HO\_MKDN\_QTY
ho_recomd_rtl_price_amt,Home Office Recommended Retail Price Amount,APPROVED,3:Cloud Feeds;9:API Glossary;13:Report Builder,custom_datasets;store_sales_&amp,store_item_measures;store_item_measures_(inventory),"This is the retail price for the item at the store that was set at the home office. This amount is shown in dollars.Note: This metric is AVG(), and not SUM(), for selected time period if pulled at Walmart weekly level."
ho_recomd_rtl_price_amt,Home Office Recommended Retail Price Amount EOP,APPROVED,13:Report Builder,store_sales_&amp,,This is the retail price for the item at the store that was set at the home office. This amount is shown in dollars.Note: This metric is the 'End of Period' value for the selected time period: For Example: ‘Friday’ for WMT weeks.
ho_recomd_rtl_price_amt,Home Office Recommended Retail Price Amount YoY Change%,APPROVED,13:Report Builder,custom_datasets;store_sales_&amp,,This is the retail price for the item at the store that was set at the home office. This amount is shown in dollars.Year over year change percentage for Home Office Retail Price = (LY\_HO\_Recomd\_RTL\_PRICE\_AMT - TY\_HO\_Recomd\_RTL\_PRICE\_AMT) / LY\_HO\_Recomd\_RTL\_PRICE\_AMT
ho_recomd_rtl_price_amt,Home Office Recommended Retail Price Amount YoY Difference,APPROVED,13:Report Builder,custom_datasets;store_sales_&amp,,This is the retail price for the item at the store that was set at the home office. This amount is shown in dollars.Year over year difference for Home Office Retail Price = LY\_HO\_Recomd\_RTL\_PRICE\_AMT - TY\_HO\_Recomd\_RTL\_PRICE\_AMT
home_chef_og_ind,Home Chef Online Grocery,APPROVED,2:Customer Perception,,,Indicates if Panelist uses Home Chef Online Grocery
home_ind,Home Ownership,APPROVED,2:Customer Perception,,,Panelist Home/Rent Indicator
hour,Hour,APPROVED,9:API Glossary;13:Report Builder,hourly_store_inventory,hourly_store_inventory,Hour when snapshot was taken.
hrznl_cap_nested_ind,Horizontal Nested Indicator,APPROVED,5:BI Link;9:API Glossary,,modular_upc_location,"The height of the package when the items within the package are nested (or stacked one inside another, such as in buckets)."
hrznl_cap_orientation_cd,Horizontal Capacity Orientation Code,APPROVED,5:BI Link;9:API Glossary,,modular_upc_location,"Identifies the orientation of the merchandise when it is placed on the shelf (Front facing, Side facing, etc.)."
hrznl_cap_orientation_desc,Horizontal Capacity Orientation Description,APPROVED,5:BI Link;9:API Glossary,,modular_upc_location,Identifies the orientation of the for a horizontal cap.Orientation Descriptionand Orientation Values:Front0Front 901Side 2Side. 903Top 4Top. 905Back6Back. 907Right8Right. 909Base10Base. 9011Front 18012Front 27013Side. 18014Side. 27015Top. 18016Top. 27017Back. 18018Back. 27019Right. 18020Right 27021Base 18022Base 27023
hrznl_cap_qty,Horizontal Capacity Quantity,APPROVED,5:BI Link;9:API Glossary,,modular_upc_location,The maximum number of this item that will fit in this position on the modular fixture.
hrznl_cap_rev_cd,Horizontal Capacity Reverse Code,APPROVED,5:BI Link;9:API Glossary,,modular_upc_location,Specifies whether the horizontal caps or nests are on the left or right of the position.
hrznl_cap_rev_desc,Horizontal Capacity Reverse Description,APPROVED,5:BI Link;9:API Glossary,,modular_upc_location,Specifies whether the horizontal caps or nests are on the left or right of the position.
ideal_tempr_hi_qty,Ideal Temperature HI Qty,APPROVED,3:Cloud Feeds;5:BI Link;9:API Glossary,,item_attributes;item_dimensions,The highest ideal temperature for this merchandise.
ideal_tempr_low_qty,Ideal Temperature LOW Qty,APPROVED,3:Cloud Feeds;5:BI Link;9:API Glossary,,item_attributes;item_dimensions,The lowest ideal temperature for this merchandise.
img_url_id,Image URL ID,APPROVED,9:API Glossary,,ecomm_product_content_score,URL of an image of the product.
imp_div_nbr,Import Division Number,APPROVED,3:Cloud Feeds;5:BI Link;9:API Glossary;13:Report Builder,purchase_order,oms_po_details;purchase_order,The import accounting division number.
imp_dnsa_dt,Import Do Not Ship After Date,APPROVED,3:Cloud Feeds;5:BI Link;9:API Glossary;13:Report Builder,purchase_order,oms_po_details;purchase_order,This specifies a date to the supplier at which merchandise should not be shipped because the merchandise will no longer be accepted at the destination. For imports.
imp_dnsb_dt,Import Do Not Ship Before Date,APPROVED,3:Cloud Feeds;5:BI Link;9:API Glossary;13:Report Builder,purchase_order,oms_po_details;purchase_order,This specifies a date to the supplier before which merchandise should not be shipped because the merchandise will not be accepted at the destination. For imports.
imp_ind,Import Indicator,APPROVED,3:Cloud Feeds;5:BI Link;9:API Glossary;13:Report Builder,purchase_order,oms_po_details;purchase_order,"Indicates if the purchase order (PO) is import or domestic.Examples: 1, 0IMP\_IND = 1 (Import)IMP\_IND = 0 (Domestic)"
imp_supplier_id,Import Supplier Id,APPROVED,3:Cloud Feeds;5:BI Link;9:API Glossary;13:Report Builder,purchase_order,oms_po_details;purchase_order,The import supplier ID uniquely identifies the supplier within the import system.
impact_score_nbr,Impact Score Number,APPROVED,9:API Glossary,,ecomm_product_content_score,This is the amount by which the overall score of a product would be impacted if the recommended action was to be taken.
in_full_pct,In Full %,APPROVED,13:Report Builder,vendor_scorecard,,The percentage of the number of cases received divided by the total number of cases ordered.
in_full_pct,In Full Percentage,APPROVED,5:BI Link;9:API Glossary,,omni_otif;otif_(decommissioned),The percentage of the number of cases received divided by the total number of cases ordered.Calculation: (rcv\_vnpk\_qty\_to\_use)/(order\_vnpk\_qty\_to\_use) \* 100
in_store_dt,In Store Date,APPROVED,3:Cloud Feeds;5:BI Link;9:API Glossary;13:Report Builder,purchase_order,oms_po_details;purchase_order,This is the date planned for merchandise to arrive at the stores.
in_trnst_cost_amt,Store In Transit Cost Amount,APPROVED,3:Cloud Feeds;9:API Glossary;13:Report Builder,custom_datasets;store_sales_&amp,store_item_measures;store_item_measures_(inventory),"This is the cost amount of the items that are invoiced by the distribution center (DC) to the store but not yet received and finalized. This amount is shown in dollars.Note: This metric is AVG(), and not SUM(), for selected time period if pulled at Walmart weekly level."
in_trnst_cost_amt,Store In Transit Cost Amount EOP,APPROVED,13:Report Builder,store_sales_&amp,,This is the cost amount of the items that are invoiced by the distribution center (DC) to the store but not yet received and finalized. This amount is shown in dollars.Note: This metric is the 'End of Period' value for the selected time period: For Example: ‘Friday’ for WMT weeks.
in_trnst_qty,Store In Transit Quantity,APPROVED,13:Report Builder,custom_datasets;store_sales_&amp,store_item_measures_(inventory),"The number of units invoiced by the DC to the store but not yet received and finalized. Note: This metric is AVG(), and not SUM(), for selected time period if pulled at Walmart weekly level."
in_trnst_qty,Store In Transit Quantity EOP,APPROVED,13:Report Builder,store_sales_&amp,,The number of units invoiced by the DC to the store but not yet received and finalized. Note: This metric is the 'End of Period' value for the selected time period: For Example: ‘Friday’ for WMT weeks.
in_trnst_rtl_amt,Store In Transit Retail,APPROVED,13:Report Builder,custom_datasets,,"The Retail value of the units invoiced by the DC to the store but not yet received and finalized. Note: This metric is AVG(), and not SUM(), for selected time period if pulled at Walmart weekly level."
in_trnst_rtl_amt,Store In Transit Retail Amount,APPROVED,13:Report Builder,store_sales_&amp,store_item_measures_(inventory),"The Retail value of the units invoiced by the DC to the store but not yet received and finalized. Note: This metric is AVG(), and not SUM(), for selected time period if pulled at Walmart weekly level."
in_trnst_rtl_amt,Store In Transit Retail Amount EOP,APPROVED,13:Report Builder,store_sales_&amp,,The Retail value of the units invoiced by the DC to the store but not yet received and finalized. Note: This metric is the 'End of Period' value for the selected time period: For Example: ‘Friday’ for WMT weeks.
in_whse_cost_amt,Store In Warehouse Cost Amount,APPROVED,3:Cloud Feeds;9:API Glossary;13:Report Builder,custom_datasets;store_sales_&amp,store_item_measures;store_item_measures_(inventory),"The cost amount of units received by the distribution center (DC) which are allocated specifically to a store but not yet shipped (invoiced). This amount is shown in dollars.Note: This metric is AVG(), and not SUM(), for selected time period if pulled at Walmart weekly level."
in_whse_cost_amt,Store In Warehouse Cost Amount EOP,APPROVED,13:Report Builder,store_sales_&amp,,The cost amount of units received by the distribution center (DC) which are allocated specifically to a store but not yet shipped (invoiced). This amount is shown in dollars.Note: This metric is the 'End of Period' value for the selected time period: For Example: ‘Friday’ for WMT weeks.
in_whse_qty,Store In Warehouse Quantity,APPROVED,13:Report Builder,custom_datasets;store_sales_&amp,store_item_measures_(inventory),"The number of units received by the DC which are allocated specifically to a store but not yet shipped (invoiced). Note: This metric is AVG(), and not SUM(), for selected time period if pulled at Walmart weekly level."
in_whse_qty,Store In Warehouse Quantity EOP,APPROVED,13:Report Builder,store_sales_&amp,,The number of units received by the DC which are allocated specifically to a store but not yet shipped (invoiced). Note: This metric is the 'End of Period' value for the selected time period: For Example: ‘Friday’ for WMT weeks.
in_whse_rtl_amt,Store In Warehouse Retail,APPROVED,13:Report Builder,custom_datasets,store_item_measures_(inventory),The Retail value of units received by the DC which are allocated specifically to a store but not yet shipped (invoiced).
in_whse_rtl_amt,Store In Warehouse Retail - This Year,APPROVED,3:Cloud Feeds;5:BI Link;7:Channel Performance Insights;9:API Glossary,,store_inventory;store_item_measures;store_item_measures_(inventory),The Retail value of units received by the DC which are allocated specifically to a store but not yet shipped (invoiced).
in_whse_rtl_amt,Store In Warehouse Retail Amount,APPROVED,13:Report Builder,store_sales_&amp,,"The Retail value of units received by the DC which are allocated specifically to a store but not yet shipped (invoiced). Note: This metric is AVG(), and not SUM(), for selected time period if pulled at Walmart weekly level."
in_whse_rtl_amt,Store In Warehouse Retail Amount EOP,APPROVED,13:Report Builder,store_sales_&amp,,The Retail value of units received by the DC which are allocated specifically to a store but not yet shipped (invoiced). Note: This metric is the 'End of Period' value for the selected time period: For Example: ‘Friday’ for WMT weeks.
incoterm_cd,Incoterm Code,APPROVED,3:Cloud Feeds;5:BI Link;9:API Glossary;13:Report Builder,purchase_order,oms_po_details;purchase_order,This is the industry standard abbreviation for international commerce terms for the purchase order (PO). Most Walmart import PO's are Free On Board FOB) where we take possession when PO is loaded onto the overseas boat. These codes and descriptions are maintained in the import system of record.
incoterm_desc,Incoterm Description,APPROVED,3:Cloud Feeds;5:BI Link;9:API Glossary;13:Report Builder,purchase_order,oms_po_details;purchase_order,This is the industry standard abbreviation for international commerce terms for the purchase order (PO). Most Walmart import PO's are Free on Board FOB where we take possession when PO is loaded onto the overseas boat. These codes and descriptions are maintained in the import system of record.
infrm_reord_type_cd,Inforem Reorder Type Code,APPROVED,3:Cloud Feeds;5:BI Link;9:API Glossary,,item_attributes;item_dimensions,"Inforem is an application that recommends order quantities of staple stock merchandise for selected vendors. The Item Inforem Reorder Type is a code that tells the Inforem application how to process this item. The code is set at the vendor level and then updates all items for that vendor. Valid codes are: I (Independent): order quantity for each item is derived independently.J (Allocation): order quantity for an item is initially derived independently and then adjusted based on all items grouped together to meet order constraints set within the INFOREM product, such as a truck load."
infrm_reord_type_desc,Inforem Reorder Type Description,APPROVED,3:Cloud Feeds;5:BI Link;9:API Glossary,,item_attributes;item_dimensions,"Inforem is an application that recommends order quantities of staple stock merchandise for selected vendors. The Item Inforem Reorder Type is a code that tells the Inforem application how to process this item. The code is set at the vendor level and then updates all items for that vendor. Valid codes are: I (Independent): order quantity for each item is derived independently.J (Allocation): order quantity for an item is initially derived independently and then adjusted based on all items grouped together to meet order constraints set within the INFOREM product, such as a truck load."
infull_charges,In Full Charges,APPROVED,5:BI Link;9:API Glossary;13:Report Builder,omni_otif,omni_otif,Amount of in full charges from the Supplier/PO level for admin/business reason.
infull_non_compliant_vnpk_qty,Not In Full Cases,APPROVED,5:BI Link;9:API Glossary;13:Report Builder,omni_otif,omni_otif;otif_(decommissioned),Number of unfilled vendor pack quantity (excludes any non-compliant Walmart accountable vendor pack quantity).
infull_non_compliant_vnpk_qty,In Full Non Complaint Vendor Pack Quantity,APPROVED,13:Report Builder,,,Number of unfilled vendor pack quantity (excludes any non-compliant Walmart accountable vendor pack quantity).
infull_supplier_owned_cogs,Infull Supplier Owned COGS,APPROVED,5:BI Link;9:API Glossary;13:Report Builder,omni_otif,omni_otif,Cost of goods for the vendor pack quantity not received (Only unfilled vendor pack quantities due to supplier accountability. Non-compliant Walmart accountable vendor pack quantities are excluded.).
insta_cart_og_ind,Instacart Online Grocery,APPROVED,2:Customer Perception,,,Indicates if Panelist uses Instacart online grocery
intensity_1_val,Intensity Value 1,APPROVED,5:BI Link;9:API Glossary,,store_trait,"Provides the intensity value of the trait/attribute. Examples:If the trait is Hispanic Population, then this number would represent total population (used in conjunction with ''measurement\_code' in that trait table). If the trait is Store Is Near A College , then the number would represent how close the store is to a college (in miles or blocks, depending on the trait measurement)."
intensity_2_val,Intensity Value 2,APPROVED,5:BI Link;9:API Glossary,,store_trait,"Always used in conjunction with intensity\_value1 as an additional identifier. This is an intentional repeating group by design.Example:If value1 is total population, then value2 could be the percent of population area."
invited_time,Invited Time,APPROVED,2:Customer Perception,,,Time when users are invited to this project
invoice_amt,Invoice Amount,APPROVED,5:BI Link;9:API Glossary;13:Report Builder,omni_otif,omni_otif,The chargeback/fines charged back to the Supplier. Formula being 3% of Impacted COGS (Cost of Goods Sold).
invt_adj_cost_amt,Inventory Adjustment Cost Amount,APPROVED,3:Cloud Feeds;5:BI Link;9:API Glossary,,,This is the summarized adjusted unit cost amount.
invt_adj_dt,Inventory Adjustment Date,APPROVED,3:Cloud Feeds;5:BI Link;9:API Glossary,,,Date on which the inventory is adjusted.Format: YYYY-MM-DD
invt_adj_rtl_amt,Total Store On Hand Adjustment Retail Amount,APPROVED,13:Report Builder,custom_datasets;store_sales_&amp,,Total Store On Hand Adjustment Retail Amount is the sum of Sales floor adjustments retail amount and Backroom adjustments retail amount at store level.Calculation: Total Store On Hand Adjustment Retail Amount = Inventory Adjustment Amount + Backroom Adjustment Retail Amount
invt_adj_type_cd,Inventory Adjustment Type Code,APPROVED,3:Cloud Feeds;5:BI Link;9:API Glossary,,,Indicates type of the inventory adjustment in stores42: DAMAGED BKRM43: STOLEN BKRM44: SHORTAGE BKRM45: INV REDUCTION BKRM46: INV INCREASE BKRM47: SNACK BAR SPOIL BKRM48: VENDING MACHINE BKRM49: STORE USE
invt_adj_type_desc,Inventory Adjustment Type Description,APPROVED,3:Cloud Feeds;5:BI Link;9:API Glossary,,,Indicates type of the inventory adjustment in stores42: DAMAGED BKRM43: STOLEN BKRM44: SHORTAGE BKRM45: INV REDUCTION BKRM46: INV INCREASE BKRM47: SNACK BAR SPOIL BKRM48: VENDING MACHINE BKRM49: STORE USE
invt_dt,Inventory Date,APPROVED,3:Cloud Feeds;5:BI Link;9:API Glossary;13:Report Builder,dc_metrics,dc_item_measures,The date to which the inventory quantity metrics apply.
invt_reltd_not_pub_ind,Inventory Related Not Published Indicator,APPROVED,5:BI Link;9:API Glossary,,digital_transactability,Indicates that the Item is not published due to inventory-related issues.
invt_reqd_ind,Inventory Required Ind,APPROVED,13:Report Builder,custom_datasets;dc_metrics,,Indicates if the Inventory is required or not in the DC.
invt_reqd_ind,Inventory Required Indicator,APPROVED,3:Cloud Feeds;5:BI Link;9:API Glossary,,dc_item_measures,Indicates if the Inventory is required in the DC.Examples: 1 - Inventory is required in the DC. This is used for replenishable merchandise that is slotted. 0 - Inventory is not required in the DC. This is used for replenishable merchandise that flows through the DC.NULL - non-replenishable items in the DC.
issue_nm,Issue Name,APPROVED,9:API Glossary,,ecomm_product_content_score,This will exist if there is a problem with an attribute not complying with a content rule. Examples: -MISSING -MISSING\_KEY\_ATTRIBUTES -WRITTEN\_POORLY
item1_desc,Item1 Description,APPROVED,3:Cloud Feeds;5:BI Link;9:API Glossary;13:Report Builder,purchase_order,oms_po_details;purchase_order_line,First line of the item description. Note: Only the first of the two item descriptions is sent to the store systems.
item2_desc,Item2 Description,APPROVED,3:Cloud Feeds;9:API Glossary,,purchase_order_line,Secondary written description of an item for internal use only (may show content count or have a comment). Item Desc 2 prints on the customers receipt at store level for Softline items. UPC Desc prints on the customers receipt at store level for Hardline items.
item_cost_amt,Item Cost Amount,APPROVED,3:Cloud Feeds;5:BI Link;9:API Glossary;13:Report Builder,custom_datasets;dc_metrics;ecomm_sales;modular_plan_metrics;omni_otif;omni_sales;order_forecast;store_demand_forecast;store_markup_and_markdowns;store_sales_&amp,item_attributes;item_dimensions,"Cost amount charged to the store including whse handling, transportation, etc... per unit of the Item. It is calculated as whpk_sell_amt/whpk_qty."
item_cost_amt,Store Item Cost Amount,APPROVED,13:Report Builder,,,"Cost amount charged to the store including whse handling, transportation, etc... per unit of the Item. It is calculated as whpk_sell_amt/whpk_qty."
item_create_dt,Item Create Date,APPROVED,3:Cloud Feeds;5:BI Link;9:API Glossary;13:Report Builder,custom_datasets;dc_metrics;ecomm_sales;modular_plan_metrics;omni_sales;order_forecast;purchase_order;store_demand_forecast;store_markup_and_markdowns;store_sales_&amp,item_attributes;item_dimensions,"The date when the item is created. Since it is usually the supplier who creates the item, it is the least sensitive attribute."
item_cube_qty,Item Cube Quantity,APPROVED,3:Cloud Feeds;5:BI Link;9:API Glossary;13:Report Builder,custom_datasets;dc_metrics;modular_plan_metrics;omni_otif;omni_sales;purchase_order;store_markup_and_markdowns;store_sales_&amp,item_attributes;item_dimensions,"This represents the measurement of the cube of an item based on the item dimension Unit of Measure (UOM). (Cube is measured as the length X width X height and as such is derivable data. For some items, however, the various dimension measurements will not be available and the only measurement we have is cube.)"
item_cube_uom_cd,Item Cube UOM Code,APPROVED,3:Cloud Feeds;5:BI Link;9:API Glossary,,item_attributes;item_dimensions,This represents the Unit of Measure (UOM) for the cube.
item_cube_uom_desc,Item Cube Unit of Measure Description,APPROVED,3:Cloud Feeds;5:BI Link;9:API Glossary;13:Report Builder,custom_datasets;dc_metrics;modular_plan_metrics;omni_otif;omni_sales;purchase_order;store_markup_and_markdowns;store_sales_&amp,item_attributes;item_dimensions,"This is the Unit of Measure (UOM) description for item length, height, and width."
item_del_dt,Item Delete Date,APPROVED,5:BI Link;9:API Glossary,,all_traits;item_trait,Date in which the Walmart Item Number is deleted from the source.
item_del_ind,Item Delete Indicator,APPROVED,5:BI Link;9:API Glossary,,all_traits;item_trait,Indicator to mark if the record is deleted in the source.Examples:1 - Deleted0 - Not Deleted
item_desc_1,Item Description,APPROVED,5:BI Link;9:API Glossary;13:Report Builder,bottle_deposit;omni_otif,omni_otif;otif_(decommissioned),First line of the item description. Note: Only the first of the two item descriptions is sent to the store systems.
item_desc_2,Item Description 2,APPROVED,3:Cloud Feeds;5:BI Link;9:API Glossary;13:Report Builder,custom_datasets;dc_metrics;ecomm_sales;future_valid_item_store;modular_plan_metrics;omni_otif;omni_sales;order_forecast;purchase_order;store_demand_forecast;store_markup_and_markdowns;store_sales_&amp,item_attributes;item_dimensions,Secondary written description of an item for internal use only (may show content count or have a comment). Item Desc 2 prints on the customers receipt at store level for Softline items. UPC Desc prints on the customers receipt at store level for Hardline items.
item_dim_uom_cd,Item Dimension Unit Of Measure Code,APPROVED,3:Cloud Feeds;5:BI Link;9:API Glossary;13:Report Builder,custom_datasets;dc_metrics;ecomm_sales;modular_plan_metrics;omni_otif;omni_sales;order_forecast;purchase_order;store_demand_forecast;store_markup_and_markdowns;store_sales_&amp,item_attributes;item_dimensions,"The Unit of Measure code for item length, height and width."
item_dim_uom_desc,Item Dimension Unit Of Measure Description,APPROVED,3:Cloud Feeds;5:BI Link;9:API Glossary;13:Report Builder,custom_datasets;dc_metrics;ecomm_sales;modular_plan_metrics;omni_otif;omni_sales;order_forecast;purchase_order;store_demand_forecast;store_markup_and_markdowns;store_sales_&amp,item_attributes;item_dimensions,"The Unit of Measure description for item length, height and width."
item_elig_ind,Item Eligibility Indicator,APPROVED,5:BI Link;9:API Glossary,,digital_transactability,Indicates whether an item is eligible for pick. Items must pass an eligibility-rules engine that blocks store items not located or that shouldn’t be picked due to legal or compliance reasons. Values are 0 and 1.
item_expire_dt,Item Expiry Date,APPROVED,3:Cloud Feeds;5:BI Link;9:API Glossary;13:Report Builder,custom_datasets;dc_metrics;ecomm_sales;modular_plan_metrics;omni_sales;order_forecast;purchase_order;store_demand_forecast;store_markup_and_markdowns;store_sales_&amp,item_attributes;item_dimensions,"The date this item number will go into ""Inactive"" status and begin the purge process. Non-replenishable item types should be set with a reasonable expiration date allowing time for the product to sell through."
item_ht_qty,Item Height Quantity,APPROVED,3:Cloud Feeds;5:BI Link;9:API Glossary;13:Report Builder,custom_datasets;dc_metrics;ecomm_sales;future_valid_item_store;modular_plan_metrics;omni_otif;omni_sales;order_forecast;purchase_order;store_demand_forecast;store_markup_and_markdowns;store_sales_&amp,item_attributes;item_dimensions,This is the measured height of the actual item.
item_import_ind,Item Import Indicator,APPROVED,3:Cloud Feeds;5:BI Link;9:API Glossary;13:Report Builder,custom_datasets;dc_metrics;ecomm_sales;future_valid_item_store;modular_plan_metrics;omni_otif;omni_sales;order_forecast;purchase_order;store_demand_forecast;store_markup_and_markdowns;store_sales_&amp,item_attributes;item_dimensions,"This indicates the merchandise shipped from an overseas vendor (Item Types 40, 42 and 43)."
item_len_qty,Item Length Quantity,APPROVED,3:Cloud Feeds;5:BI Link;9:API Glossary;13:Report Builder,custom_datasets;dc_metrics;ecomm_sales;future_valid_item_store;modular_plan_metrics;omni_otif;omni_sales;order_forecast;purchase_order;store_demand_forecast;store_markup_and_markdowns;store_sales_&amp,item_attributes;item_dimensions,"With the item on its natural base and the graphics reading from left to right, from the front the item length quantity represents the measurement from left to right."
item_name,Affinity Item Name,APPROVED,3:Cloud Feeds;9:API Glossary,,item_affinity,"The product long name, if available. If not, it takes the default short desc1. Also, it is the essential product attribute for reporting."
item_name,Item Name,APPROVED,3:Cloud Feeds;5:BI Link;7:Channel Performance Insights;9:API Glossary;13:Report Builder,bottle_deposit;custom_datasets;dc_metrics;ecomm_sales;future_valid_item_store;modular_plan_metrics;omni_otif;omni_sales;order_forecast;purchase_order;store_demand_forecast;store_markup_and_markdowns;store_sales_&amp,item_attributes;item_dimensions,The official product name or title used to identify an item in Walmart’s catalog and systems. This field is Item Desc 1 in Item 360 / iSam which are used for item creation.
item_order_eff_dt,Item Order Effective Date,APPROVED,3:Cloud Feeds;5:BI Link;9:API Glossary;13:Report Builder,custom_datasets;dc_metrics;ecomm_sales;modular_plan_metrics;omni_otif;omni_sales;order_forecast;purchase_order;store_demand_forecast;store_markup_and_markdowns;store_sales_&amp,item_attributes;item_dimensions,This is the Date that an item becomes orderable at the store.
item_pub_ind,Item Publish Indicator,APPROVED,5:BI Link;9:API Glossary,,digital_transactability,"Indicates if an item is published (visible to customers on the website) with all item content, images, shelf assignment, etc. that are needed to successfully create a digital representation of the item. Values are 0 and 1."
item_qty,Item Quantity,APPROVED,3:Cloud Feeds;9:API Glossary;13:Report Builder,store_markup_and_markdowns,mtr;mumd,The quantity of the item received.
item_qty,MTR Received Quantity,APPROVED,13:Report Builder,store_sales_&amp,,It is the quantity of the item received under the transaction type 3 (Merchandise Transfer Report Received).
item_qty,MTR Transferred Quantity,APPROVED,13:Report Builder,store_sales_&amp,,It is the quantity of the item received under the transaction type 5 (Return Center Claim or Merchandise Trans).
item_qty,MUMD Item Quantity,APPROVED,13:Report Builder,store_markup_and_markdowns,,"This is the number of item units in the store to which a markup or markdown was applied. The count of units affected by the event, where a Markdown is positive and Markup is negative."
item_repl_ind,Item Replenishment Indicator,APPROVED,3:Cloud Feeds;5:BI Link;9:API Glossary;13:Report Builder,custom_datasets;dc_metrics;ecomm_sales;item_affinity;modular_plan_metrics;omni_otif;omni_sales;order_forecast;purchase_order;store_demand_forecast;store_markup_and_markdowns;store_sales_&amp;transactibility,item_attributes;item_dimensions,"An item is replenishable if the item type is replenishable (33, 37, 11, 20, 22, 40 42 and 50) and the ITEM REPLENISHMENT IND is a “Y”. If the indicator is set to a “N”, the stores will not be able to order this item. There are many reasons for this. Some examples are: The item is being discontinued. It is a new item, and the vendor is not ready to ship yet. Converting from this item number to a new item number. This is also known as Order Book Code."
item_scannable_ind,Item Scannable Indicator,APPROVED,3:Cloud Feeds;5:BI Link;9:API Glossary,,item_attributes;item_dimensions,Indicates items as sold through the Point-of-Sale register.
item_setup_not_pub_ind,Item Setup Not Publish Indicator,APPROVED,5:BI Link;9:API Glossary,,digital_transactability,Indicates that the item is not published due to an item setup issue. Values are 0 and 1.
item_share_cost_ind,Item Share Cost Indicator,APPROVED,3:Cloud Feeds;5:BI Link;9:API Glossary,,item_attributes;item_dimensions,An indicator used to identify item costs visible through Retail Link Item Share access.
item_share_ind,Item Share Indicator,APPROVED,3:Cloud Feeds;5:BI Link;9:API Glossary,,item_attributes;item_dimensions,An indicator used to identify items visible through Retail Link Item Share access.
item_status_cd,Item Status Code,APPROVED,3:Cloud Feeds;5:BI Link;9:API Glossary;13:Report Builder,custom_datasets;dc_metrics;ecomm_sales;modular_plan_metrics;omni_otif;omni_sales;order_forecast;purchase_order;store_demand_forecast;store_markup_and_markdowns;store_sales_&amp,item_attributes;item_dimensions,"The status of an item. Valid values are A=Active, I=Inactive, or D=Delete."
item_status_chng_dt,Item Status Change Date,APPROVED,3:Cloud Feeds;5:BI Link;9:API Glossary;13:Report Builder,custom_datasets;dc_metrics;ecomm_sales;modular_plan_metrics;omni_sales;order_forecast;purchase_order;store_demand_forecast;store_markup_and_markdowns;store_sales_&amp,item_attributes;item_dimensions,This is the date the item’s status changed.
item_status_desc,Item Status Description,APPROVED,3:Cloud Feeds;5:BI Link;9:API Glossary,,item_attributes;item_dimensions,"Description for the status of an item. Valid values are A=Active, I=Inactive, or D=Delete."
item_sync_status_cd,Item Synchronized Status Code,APPROVED,3:Cloud Feeds;5:BI Link;9:API Glossary,,item_attributes;item_dimensions,"Refers to the Trade Item Sync Status Code which defines the state of the Trade Item being synched from System. The valid values will be Synchronized, Not Synchronized."
item_sync_status_desc,Item Synchronized Status Description,APPROVED,3:Cloud Feeds;5:BI Link;9:API Glossary,,item_attributes;item_dimensions,The textual description of the item sync status
item_type_cd,Item Type Code,APPROVED,3:Cloud Feeds;5:BI Link;9:API Glossary;13:Report Builder,custom_datasets;dc_metrics;ecomm_sales;future_valid_item_store;modular_plan_metrics;omni_otif;omni_sales;order_forecast;purchase_order;store_demand_forecast;store_markup_and_markdowns;store_sales_&amp,item_attributes;item_dimensions,"The type of replenishment the item will typically use. NON-REPLENISHABLE Item Types can only be ordered through the following: buyer, vendor managed and sales representative. Non-Replenishable item types cannot be ordered by the store. Event Types Codes:3: ""Promotional""7: ""DSD Direct Store Delivery""20: ""Warehouse""22: ""Seasonal Warehouse""33: ""Assembly Distribution""37: ""Assembly Ship and Bill""40: ""Import Warehouse""42: ""Import Seasonal Warehouse""43: ""Import""Type Definitions:03 - GENERAL DISTRIBUTION merchandise is ordered by the buyer then shipped from vendor, flows through the warehouse, to the store. 07 - DSD Direct Store Delivery: merchandise is stocked on the shelves by the vendor 10 - REACT: REACT items are used in soft lines & footwear 43 - IMPORT ITEM- is ordered by the buyer then shipped from an overseas vendor, to a storage warehouse, to a Walmart warehouse, to a store. 33 - ASSEMBLY DISTRIBUTION merchandise is ordered from suppliers who process the orders and ship the merchandise, for all stores, to a Walmart Distribution Center (WMDC). The WMDC separates and delivers the individual store orders via Walmart truck. 37 - ASSEMBLY SHIP & BILL merchandise is not processed through a distribution center. Merchandise is delivered directly from the vendor to the store. 11 - AFAD replenishable apparel WPM (Walmart Pre-Marked) warehouse. 20 - REGULAR - ordered by the stores system, ships from warehouse, to store 22 - SEASONAL - ordered by the stores system, ships from warehouse, to store 40 - REGULAR IMPORT - ordered by the stores system, ships from warehouse, to store 42 - SEASONAL IMPORT - ordered by the stores system, ships from warehouse, to store 50 - JUST IN TIME 24 hour turn around in the warehouse, ordered by the stores system, ships from warehouse, to store"
item_type_desc,Item Type Description,APPROVED,3:Cloud Feeds;5:BI Link;9:API Glossary;13:Report Builder,custom_datasets;dc_metrics;ecomm_sales;future_valid_item_store;modular_plan_metrics;omni_otif;omni_sales;order_forecast;purchase_order;store_demand_forecast;store_markup_and_markdowns;store_sales_&amp,item_attributes;item_dimensions,"Item Type determines the type of replenishment: Non-Replenishable Item Types can only be ordered through the following: buyer, vendor manager and sales representative. Non-Replenishable item types cannot be ordered by the store."
item_wdth_qty,Item Width Quantity,APPROVED,3:Cloud Feeds;5:BI Link;9:API Glossary;13:Report Builder,custom_datasets;dc_metrics;ecomm_sales;modular_plan_metrics;omni_otif;omni_sales;order_forecast;purchase_order;store_demand_forecast;store_markup_and_markdowns;store_sales_&amp,item_attributes;item_dimensions,This is the measured width of the actual item.
item_wt_qty,Item Weight Quantity,APPROVED,3:Cloud Feeds;5:BI Link;9:API Glossary;13:Report Builder,custom_datasets;dc_metrics;ecomm_sales;modular_plan_metrics;omni_otif;omni_sales;order_forecast;purchase_order;store_demand_forecast;store_markup_and_markdowns;store_sales_&amp,item_attributes;item_dimensions,This represents the measurement of the weight of an item.
item_wt_uom_cd,Item Weight Unit of Measure Code,APPROVED,3:Cloud Feeds;5:BI Link;9:API Glossary,,item_attributes;item_dimensions,"This represents the Unit of Measure of an item's weight, height or width. Example: lbs or oz."
item_wt_uom_desc,Item Weight Unit of Measure Description,APPROVED,3:Cloud Feeds;5:BI Link;9:API Glossary,,item_attributes;item_dimensions,"The description for the Unit of Measure of an item's weight, height or width. Example: lbs or oz."
itemfile_src_nm,Item File Source Name,APPROVED,3:Cloud Feeds;5:BI Link;9:API Glossary,,item_attributes;item_dimensions,"The source of original update. Examples: MIM, BIF, GOLD, I2."
julian_dt,Julian Date,APPROVED,3:Cloud Feeds;5:BI Link;9:API Glossary,,calendar_dimensions,"The date, in the Julian Date Format of YYYYDDD, where DDD is the day count from 1 - 365 (or 366 as needed). For example, March 2, 2001, would show a date of 2001061."
kit_comp_ind,Part of Bundle (Y/N),APPROVED,3:Cloud Feeds;5:BI Link;9:API Glossary;13:Report Builder,ecomm_inventory;omni_sales,product_dimensions,Informs the supplier if an item is also sold as part of a kit.
lang_cd,Language Code,APPROVED,3:Cloud Feeds;5:BI Link;9:API Glossary;13:Report Builder,store_markup_and_markdowns,mumd,"This is a Walmart assigned code for the language of the description. Example: 101 - American English, etc."
last_chng_ts,Last Change Time Stamp,APPROVED,3:Cloud Feeds;9:API Glossary,,purchase_order,Timestamp of the last update.
last_modified_time,Last Modified Time,APPROVED,2:Customer Perception,,,Modified time for a project record
last_order_dt,Last Order Date,APPROVED,3:Cloud Feeds;5:BI Link;9:API Glossary,,item_attributes;item_dimensions,"The latest date the product will be available for the Store, Club or Distribution Center to order the product."
last_upd_dt,Last Update Date,APPROVED,3:Cloud Feeds;5:BI Link;9:API Glossary;13:Report Builder,purchase_order,oms_po_details;purchase_order_dc_receiver_line,The last change to the record from the source system. Format: YYYY-MM-DD
last_upd_tm,Last Update Time,APPROVED,3:Cloud Feeds;5:BI Link;9:API Glossary;13:Report Builder,purchase_order,oms_po_details;purchase_order_dc_receiver_line,"This is the time at which the last event/transaction took place for a specific item at a specific store in UTC date and time format. E.g., Sales + receiving, etc."
last_upd_tm,Last Updated Time,APPROVED,13:Report Builder,hourly_store_inventory,,"This is the time at which the last event/transaction took place for a specific item at a specific store in UTC date and time format.E.g., Sales + receiving, etc."
last_updated_ts,Last Update Timestamp,APPROVED,9:API Glossary,,hourly_store_inventory,The time at which the last event/transaction took place for a specific item at a specific store in UTC date and time format.
lat_dgr,Latitude Degree,APPROVED,3:Cloud Feeds;5:BI Link;9:API Glossary;13:Report Builder,custom_datasets;dc_metrics;ecomm_inventory;modular_plan_metrics;purchase_order;store_sales_&amp,dc_dimensions;store_dimensions,This indicates the Latitude degree of the store's physical location.
late_trnsprt_notificatn_vnpk_qty,Late Routing Cases,APPROVED,5:BI Link;9:API Glossary;13:Report Builder,omni_otif,omni_otif;otif_(decommissioned),Number of vendor packs that are in the Late Routing accountability bucket.
late_trnsprt_notificatn_vnpk_qty,Late Transport Notification Vendor Pack Quantity,APPROVED,13:Report Builder,,,Number of vendor packs that are in the Late Routing accountability bucket.
late_vnpk_qty,Cases Late,APPROVED,5:BI Link;9:API Glossary;13:Report Builder,omni_otif,omni_otif;otif_(decommissioned),The number of vendor pack quantity in “Prepaid Late” accountability bucket.
late_vnpk_qty,Late Vendor Pack Quantity,APPROVED,13:Report Builder,,,The number of vendor pack quantity in Prepaid Late accountability bucket.
lbl_msg_cd,Label Message Code,APPROVED,3:Cloud Feeds;5:BI Link;9:API Glossary;13:Report Builder,purchase_order,oms_po_details;purchase_order_alloc_order,The code which identifies the type of demand being filled.
lc_id,Letter Of Credit Id,APPROVED,3:Cloud Feeds;5:BI Link;9:API Glossary;13:Report Builder,purchase_order,oms_po_details;purchase_order,Identifies the letter of credit. A letter of credit is a banking transaction used to facilitate payment where other more conventional payment methods are not feasible. A letter of credit also functions to provide a supplier with an agreement that can be used as collateral for borrowing working capital. Letters of credit are common in imports.
legally_owned_vendor,Item Access Type,APPROVED,13:Report Builder,custom_datasets;store_sales_&amp,,"Item Access Type will let user know about the access type (Owned, Item share with cost, Item share with no cost) of an item, in case if 'Item Share' is turned on."
lic_cd,License Code,APPROVED,3:Cloud Feeds;5:BI Link;9:API Glossary;13:Report Builder,custom_datasets;dc_metrics;ecomm_sales;modular_plan_metrics;omni_otif;omni_sales;order_forecast;purchase_order;store_demand_forecast;store_markup_and_markdowns;store_sales_&amp,item_attributes;item_dimensions,"This is used to show that the item has a license fee and the franchise for which the fee is for. Examples: Mickey Mouse, Levi’s, Dallas Cowboys, or Winnie the Pooh."
lic_desc,License Description,APPROVED,3:Cloud Feeds;5:BI Link;9:API Glossary;13:Report Builder,custom_datasets;dc_metrics;ecomm_sales;modular_plan_metrics;omni_otif;omni_sales;order_forecast;purchase_order;store_demand_forecast;store_markup_and_markdowns;store_sales_&amp,item_attributes;item_dimensions,"Description for the code used to show that the item has a license fee and the franchise for which the fee is for. Examples: Mickey Mouse, Levi’s, Dallas Cowboys, or Winnie the Pooh."
lifecyc_status_nm,Current Display Status,APPROVED,3:Cloud Feeds;5:BI Link;9:API Glossary;13:Report Builder,ecomm_inventory;ecomm_sales;omni_sales,product_dimensions,The status of an item that tells suppliers if the item is active on the Walmart website and visible to the customer. An item can be unpublished for multiple reasons and can be Walmart or supplier driven.
load_grp_id,Load Grouping ID,APPROVED,3:Cloud Feeds;5:BI Link;9:API Glossary;13:Report Builder,purchase_order,oms_po_details;purchase_order_line,This is an identifier/number used for truck load round grouping of purchase order (PO) lines for the product ordered.
loadg_port_id,Loading Port ID,APPROVED,3:Cloud Feeds;5:BI Link;9:API Glossary;13:Report Builder,purchase_order,oms_po_details;purchase_order,"Identifies the external port where suppliers will deliver merchandise for Walmart to initiate transportation to target Home Office, or retail market (i.e., Hong Kong)."
local_item_nbr,Local Item Number,APPROVED,3:Cloud Feeds;5:BI Link;9:API Glossary;13:Report Builder,store_markup_and_markdowns,mumd,This number is used at a specific store to uniquely identify merchandise bought from a Supplier (vendor) and sold to a customer.
local_tm_arvl_ts,Arrival Time,APPROVED,5:BI Link;9:API Glossary;13:Report Builder,omni_otif,omni_otif;otif_(decommissioned),Local time of the facility location where the goods arrived.
location_area,Location Area,APPROVED,9:API Glossary,hourly_store_inventory,hourly_store_inventory,"Area within the store where the item is located, which may be Backroom, MFC, Store Shelf, etc."
logst_ofc_id,Logistic Office ID,APPROVED,3:Cloud Feeds;5:BI Link;9:API Glossary;13:Report Builder,purchase_order,oms_po_details;purchase_order,This identifies the logistical sourcing office.The meaning of this has changed over time. Initially it was the sourcing office responsible for the logistics to get the purchase order (PO) to appropriate Home Office country. Then it changed to the office responsible for the factory audit.
long_dgr,Longitude Degree,APPROVED,3:Cloud Feeds;5:BI Link;9:API Glossary;13:Report Builder,custom_datasets;dc_metrics;ecomm_inventory;modular_plan_metrics;purchase_order;store_sales_&amp,dc_dimensions;store_dimensions,This indicates the Longitude degree of the store's physical location.
low_lvl_oos_rsn_desc,Low Level Out of Stock Reason Description,APPROVED,9:API Glossary,,out_of_stock_root_cause,"The lowest level grouping of the Out of Stock reasons. High-, Mid-, and Low-level reasons can be used to drill-down into out of stock root causes.Low-level Examples:Allocation: The item has been placed on allocation, meaning a specific volume is ordered and distributed to stores, rather than volume needed to fulfill all store demand; typically done when a supplier indicates that they cannot produce enough to fulfill all demandCID Instock: The item is out of stock, but shares a Consumer ID (CID) with another item that is instockCollect On Time Extended: The MABD for a collect order has been extended beyond the store's ability to meet customer demand with existing on handCollect On-Time: A Collect order was delivered by Walmart's supply chain to the DC after the MABDDC Capping: DC has reached its capacity and cannot receive/process/ship additional product, leading to delaysDC CWO Flag: The ""Cancel When Out"" Flag has been turned on at a store, which will cause the item to be move to inactive status at that store as soon as it sells through its on hand inventoryDC DeletesDC DRP: The ""Do Not Replenish"" flag for the item has been turned on at one or more DCsDC Dwell: Inventory sat at the DC for longer than plannedDC Markdowns: Inventory was marked down (damage, throwaway, charitable giving, etc) at the DC levelDC Manual Expire: Replenishment of item was manually expired at the DCDC Shave: DC spread orders to different days in order to manage inbound volumeDC Voids: DC made an adjustment to inventory onhand quantity (return to vendor, corrections to incorrect counts, etc)DSD In Full: The supplier did not deliver 100% of the needed volumeDynamic Distribution: A store was originally on a PO line distribution, but removed after dynamic distribution ran (i.e. something happened to cause another store to need the product more)End of Life: The item is being removed from the modular. As items draw closer to their removal date, replenishment of the item will be shut off and stores will sell through their remaining inventory. Some stores may sell out before the target removal date.EOQ: The item's Economic Order Quantity (EOQ) settings may be causing the item to under-orderEOQ-Breakpack: If the item is setup as breakpack, the vendor pack to warehouse pack ratio may be too high for too low of a rate of saleForecast: Item forecast is not keeping up with customer demandFrozen SlotsFuture DRPImport Collect On Time Ex: An Import Collect order was delivered by Walmart's supply chain to the DC after the MABDImport Collect On-Time: An Import Collect order was delivered by Walmart's supply chain to the DC after the MABDInbound Priority: Inbound priority has recently changedIn-Full Assembly: The supplier did not fulfill 100% of the ordered quantityIn-Full Staple: The supplier did not fulfill 100% of the ordered quantityLow SS with Fract Forecast: Replenishment for items with low forecasts (e.g. 0.25 units/store/week) is typically driven by safety stock. When an item like this unexpectedly sells an extra unit or two, it can cause the store to run out well ahead of the system's expectationLow Store Count: A DC is servicing less than 15 stores for the itemManual Orders: Stores created manual orders that exceeded the DC's ability to fulfill on timeMultiple Prime: An item has multiple prime item numbers at the same storeNegPI: Store made a manual adjustment downward to the onhand quantityNew DFU: A new item-store combination for this item has been created but not enough time was allotted for the flow of inventory to the storeNo Orders- Assembly: Item is setup as assembly but has not received any ordersOn-Time Prepaid: The supplier did not fulfill an order within the order delivery window (too early or too late)Other: Other out of stocks for which no apparent root cause can be identifiedPrepaid On Time Extended: The MABD for a prepaid order has been extended beyond the store's ability to meet customer demand with existing on handPrime Change: The prime item in the cross-reference chain has changed from one item to another, but not enough time was allotted for the flow of inventory to the store to reflect this changePriority Flag: Priority item (typically the prime item in the cross-reference chain) is out of stock but non-priority item in chain has inventory availablePromo Reserved: Item has inventory at a DC in Reserved Quantity despite being out of stock at storesRecall: The item has been recalledRecent Mod: The item has recently been added to the modularReturn to DC: A delivery was returned from the store to the DC (due to quality, damage, etc)Sales Outlier: Unexpected spike in salesStaple DC OutSRO: The ""Stop Replenishment Only"" flag has been applied to an item at a storeStore DRP: The ""Do Not Replenish"" flag for the item has been turned on at one or more storesStore Markdowns: Store-level markdowns generated unexpected demandStore OH Adj: Store manual adjustments reduced onhand quantity to zeroSupplier: A delivery was returned from the store to the DC (due to quality, damage, etc)Trailers On Yard: Inventory delivered to a DC stayed on the DC yard longer than plannedTrapped Inventory: Item has inventory at a DC despite being out of stock at the store; DC inventory has not moved recently - appears to be ""trapped"" at the DC"
ltl_ind,Less Than a Truck Indicator,APPROVED,3:Cloud Feeds;5:BI Link;9:API Glossary;13:Report Builder,purchase_order,oms_po_details;purchase_order_line,This flag will help the Order Management System (OMS) determine which orders can be combined or not. This is the transportation feed regards to sending purchase order (PO) information to the transportation area to help determine which POs will be loaded onto the Transportation Load Building Process.
ly_auth_based_gmv_amt,AUTH Based GMV Amount - Last Year,APPROVED,5:BI Link;7:Channel Performance Insights;9:API Glossary;13:Report Builder,omni_sales,omni_sales,"GMV (Gross Merchandise Value) is the actual amount collected from the customers. The revenue collected from the customer for transactions. It's the price of items after deducting savings/discounts, and adding shipping revenue.AUTH GMV is Placed GMV excluding GMV for items cancelled because they didn't pass fraud check. This is the GMV amount based on auth based date.Note: For store channels, AUTH Based GMV, AUTH Based Net Sales, Shipped Based GMV, and Shipped Based Net Sales will all have the same value (i.e., the Net Sales amount). This amount is shown in dollars."
ly_auth_based_net_sales_amt,AUTH Based Net Sales Amount - Last Year,APPROVED,5:BI Link;7:Channel Performance Insights;9:API Glossary;13:Report Builder,omni_sales,omni_sales,"This is the revenue recorded financially (sometimes AUTH Based Net Sales is labeled as revenue in reporting). AUTH Based Net Sales is Auth GMV except for MP (Marketplace) and services sales (In Home Services, Warranties etc.) where AUTH Based Net Sales is the commission received by Walmart. AUTH Based Net Sales is what goes on the books as actual revenue. This amount is shown in dollars.If Walmart ""subsidizes"" Walmart's MP prices to match the Competitor, the subsidy is also deducted from the AUTH Based Net Sales. For example, if the MP item price is $100, Walmart matches the Competitor at $90 and collects a $15 commission. Then, AUTH Based Net Sales would equal $15 (commission) - $10 (subsidy) = or in this case, $5.Note: For store channels, AUTH Based GMV, AUTH Based Net Sales, Shipped Based GMV, and Shipped Based Net Sales will all have the same value (i.e., the Net Sales amount)."
ly_auth_based_qty,AUTH Based Item Quantity - Last Year,APPROVED,5:BI Link;9:API Glossary;13:Report Builder,ecomm_sales,omni_sales,The quantity of items placed in an authorized order. It excludes the number of units sold that were cancelled and/or returned.
ly_cal_dt,Last Year Calendar Date,APPROVED,3:Cloud Feeds;5:BI Link;9:API Glossary,,calendar_dimensions,The current date minus one year. Any discrepancies resulting in the absence of February 29 (a Leap Year) will result in a NULL for that date. Examples:For Leap Year: CAL DT LY CAL DT2020-02-28 2019-02-282020-02-29 NULL2020-03-01 2019-03-01For NON-Leap Year:CAL DT LY CAL DT2021-02-28 2020-02-282021-03-01 2020-03-01
ly_comp_visit_dt,Last Year Compare Visit Date,APPROVED,3:Cloud Feeds;5:BI Link;9:API Glossary,,calendar_dimensions,"The current date minus approximately one year. This Gregorian date matches to the day of the week (instead of the day number) approximately 365 days ago. For example, if this date is Saturday, February 01, 2022, then the LY\_COMP\_VISIT\_DT would be Saturday, February 02, 2021 (matching the day/week, not the date number)."
ly_comp_yr_wk_nbr,Last Year Compare Year Week Number,APPROVED,3:Cloud Feeds;5:BI Link;9:API Glossary,,calendar_dimensions,The current year and week number minus one year. Returns the four-digit Walmart year concatenated with the two-digit WM\_WEEK\_NBR. International will have same year as US in this column (200649 for Jan 1st week even though wm\_year\_nbr is 2007). Example: 200701.
ly_gross_rcpt_cost_amt,Gross Receipt Cost Amount - Last Year,APPROVED,5:BI Link,,store_inventory,This is the cost amount of the receipt at the store. Receipt refers to inventory receivings (inventory received). Receivings/receipts can be from supplier to the distribution center (DC) or from DCs to store.This amount is shown in dollars.
ly_gross_rcpt_qty,Gross Receipt Quantity - Last Year,APPROVED,5:BI Link;13:Report Builder,store_sales_&amp,store_inventory,The number of sellable units received at the store. These can also be weighable units and can hold decimal values.
ly_gross_rcpt_rtl_amt,Gross Receipt Retail Amount - Last Year,APPROVED,5:BI Link,,store_inventory,It is the retail value of the receipt at the store. Receipt refers to inventory receivings (inventory received). This amount is shown in dollars.
ly_ho_mkdn_amt,Home Office Markdown Amount - Last Year,APPROVED,5:BI Link,,store_inventory,"Home Office initiated markdown amount. E.g., Rollback, Clearance.This amount is shown in dollars.Example:STORE\_NBR ITEM\_NBR 1 200HO\_MKDN\_AMT 5 HO\_MKDN\_QTY 50"
ly_ho_mkdn_qty,Home Office Markdown Quantity - Last Year,APPROVED,5:BI Link,,store_inventory,Number of units to which the markdown was initiated by Home Office.This quantity is shown in eaches.Example:STORE\_NBR ITEM\_NBR 1 200HO\_MKDN\_AMT 5 HO\_MKDN\_QTY 50
ly_ho_recomd_rtl_price_amt,Home Office Recommended Retail Price Amount - Last Year,APPROVED,5:BI Link,,store_inventory,This is the retail price for the item at the store that was set at the home office. This amount is shown in dollars.
ly_in_trnst_cost_amt,Store In Transit Cost Amount - Last Year,APPROVED,5:BI Link,,store_inventory,This is the cost amount of the items that are invoiced by the distribution center (DC) to the store but not yet received and finalized. This amount is shown in dollars.
ly_in_trnst_qty,Store In Transit Quantity - Last Year,APPROVED,5:BI Link;7:Channel Performance Insights,,store_inventory,The number of units invoiced by the DC to the store but not yet received and finalized.
ly_in_trnst_rtl_amt,Store In Transit Retail Amount - Last Year,APPROVED,5:BI Link;7:Channel Performance Insights,,store_inventory,The Retail value of the units invoiced by the DC to the store but not yet received and finalized.
ly_in_whse_cost_amt,Store In Warehouse Cost Amount - Last Year,APPROVED,5:BI Link,,store_inventory,The cost amount of units received by the distribution center (DC) which are allocated specifically to a store but not yet shipped (invoiced). This amount is shown in dollars.
ly_in_whse_qty,Store In Warehouse Quantity - Last Year,APPROVED,5:BI Link;7:Channel Performance Insights,,store_inventory,The number of units received by the DC which are allocated specifically to a store but not yet shipped (invoiced).
ly_in_whse_rtl_amt,Store In Warehouse Retail - Last Year,APPROVED,5:BI Link;7:Channel Performance Insights,,store_inventory,The Retail value of units received by the DC which are allocated specifically to a store but not yet shipped (invoiced).
ly_item_qty,Item Quantity - Last Year,APPROVED,5:BI Link,,mumd,"Last year's number of item units in the store to which a markup or markdown was applied, the count of units affected by the event, where a Markdown in positive and Markup is negative."
ly_max_shelf_qty,Max Shelf Quantity - Last Year,APPROVED,5:BI Link,,store_inventory,This is the minimum amount of the item that is desired to be in inventory at the store. It represents the safety stock amount of the item.
ly_mkdn_amt,SI Total MUMD $ - Last Year,APPROVED,5:BI Link,,store_inventory,"Total expense (in dollars) of markdowns for an item, for the time specified."
ly_mkdn_qty,SI MUMD Qty - Last Year,APPROVED,5:BI Link,,store_inventory,Scannable Item Markup/Markdown Quantity in eaches
ly_net_rcpt_cost_amt,Net Receipt Cost Amount - Last Year,APPROVED,5:BI Link;13:Report Builder,,store_inventory,Cost amount of the receipt. Calculated as Gross Receipts Cost - Store Return Cost.
ly_net_rcpt_qty,Net Receipt Quantity - Last year,APPROVED,5:BI Link;13:Report Builder,store_sales_&amp,store_inventory,Difference between Ships and Store Returns. Calculated as Gross Receipts # - Store Return #.
ly_net_rcpt_rtl_amt,Net Receipt Retail Amount - Last Year,APPROVED,5:BI Link;13:Report Builder,store_sales_&amp,store_inventory,Retail value of the receipt. Gross Receipts $ - Store Return $.
ly_on_hand_cost_amt,Store On Hand Cost Amount - Last Year,APPROVED,5:BI Link,,store_inventory,This is the on hand cost amount that is available for an item at a Fulfillment Center (FC). This amount is in Dollars.
ly_on_hand_qty,Store On Hand Quantity - Last Year,APPROVED,5:BI Link;7:Channel Performance Insights,,store_inventory,"The current quantity of merchandise physically at a Walmart store. This value is updated regularly in Walmart’s inventory systems and is used for replenishment, inventory management, and sales forecasting. Store On Hand Quantity reflects the actual count of items present in the store, not including items in transit or at the distribution center. Note: This metric is AVG(), and not SUM(), for selected time period if pulled at Walmart weekly level."
ly_on_hand_rtl_amt,Store On Hand Retail - Last Year,APPROVED,5:BI Link;7:Channel Performance Insights;13:Report Builder,store_sales_&amp,store_inventory,The total positive on-hand for that item in Retail Dollars $
ly_on_hand_whpk_qty,On Hand Warehouse Packs in Inventory - Last Year,APPROVED,5:BI Link,,dc_item_measures,"The current number of Warehouse packs in inventory (on-hand) at this DC.Note: This metric is AVG(), and not SUM(), for selected time period if pulled at Walmart weekly level."
ly_on_order_cost_amt,Store On Order Cost Amount - Last year,APPROVED,5:BI Link,,store_inventory,The cost amount of units on a purchase order allocated specifically to the store. This amount is shown in dollars.
ly_on_order_qty,Store On Order Quantity - Last Year,APPROVED,5:BI Link;7:Channel Performance Insights,,store_inventory,The number of units on a purchase order allocated specifically to the store.
ly_on_order_rtl_amt,Store On Order Retail Amount - Last Year,APPROVED,5:BI Link;7:Channel Performance Insights,,store_inventory,The retail value of units on a purchase order allocated specifically to the store
ly_order_whpk_qty,Ordered Warehouse Quantity - Last Year,APPROVED,5:BI Link,,dc_item_measures,The number of warehouse packs ordered last year.
ly_pipeline_qty,Store Pipeline Quantity - Last Year,APPROVED,5:BI Link,,store_inventory,This is a calculation: sum of (On hand Qty + On Order Qty + In Transit Qty + In Warehouse Qty).
ly_pos_cost,POS Cost - Last Year,APPROVED,13:Report Builder,,,"Point of Sale (POS) Cost is the cost, in dollars, of items sold for a specific item number that is scanned at store-level registers across all fulfillment channels for the current year. This does not include Freight Cost, or any additional cost accrued at the Distribution Center. It is calculated as item_cost_amt X uom_qty."
ly_prod_margin,Product Margin-Last Year,APPROVED,5:BI Link;9:API Glossary;13:Report Builder,omni_sales,omni_sales,"Product margin using GMV, (i.e., revenue collected from the customer, net of cancellations and all refunds). This includes replacements where GMV is generally $0 and product cost > $0 (can be shipping charges and refunds on replacements so GMV is not exactly $0).This is used to understand what is collected from customers vs. product costs for sales, including the negative impact of returns/refunds/replacements (and corresponding contra product cost). The product margin is only calculated for owned & DSV sales."
ly_qty,POS Quantity - Last Year,APPROVED,3:Cloud Feeds;5:BI Link;9:API Glossary;13:Report Builder,store_sales_&amp,store_sales,Total number of units sold to customers minus any returns. This metric is only available for store fulfilled channels.
ly_rcv_whpk_qty,Warehouse Packs Eaches Received - Last Year,APPROVED,5:BI Link,,dc_item_measures,"Warehouse quantity received, in eaches, last year."
ly_repl_instock_denominator,Replenishment Instock Denominator - Last Year,APPROVED,5:BI Link;13:Report Builder,store_sales_&amp,store_inventory,"This is the indicator for store/item combinations that are eligible for replenishment Instock reporting. repl_instock_denominator(repl_ind) = 1 is the indicator for store item combinations that are eligible to report in stock and the repl_instock_denominator (repl_ind) doesn’t mean the item is replenishable. Additional Information: A store item combination could be eligible for replenishment or restock, but still excluded from Instock reporting for multiple reasons, a few examples of these would include: the item is too new or the store item combination is about to expire. This metric makes sure that vendors don’t get blamed for out of stock issues that are out of their control."
ly_repl_instock_numerator,Replenishment Instock Numerator - Last Year,APPROVED,5:BI Link;13:Report Builder,store_sales_&amp,store_inventory,This is the aggregation of when this year’s replenishable indicator = 1.
ly_repl_store_item_cnt,Valid Store Item Count - Last Year,APPROVED,5:BI Link,,store_inventory,Last Year Valid count of Store/Items combinations that are Replenishable items.
ly_rtl_price_event_cd,Retail Price Event Code - Last Year,APPROVED,5:BI Link,,store_inventory,The event associated with Retail Price Amount.
ly_ship_whpk_qty,Warehouse Packs Shipped to Store - Last Year,APPROVED,5:BI Link,,dc_item_measures,Current total of warehouse packs shipped by the DC (distribution center) to stores. DC also considers this as sales last year.
ly_shpd_based_gmv_amt,Shipped Based GMV Amount - Last Year,APPROVED,5:BI Link;9:API Glossary;13:Report Builder,omni_sales,omni_sales,"GMV (Gross Merchandise Value) is the actual amount collected from the customers. The revenue collected from the customer for transactions. It's the price of items after deducting savings/discounts, and adding shipping revenue.Authorized GMV is Placed GMV except GMV for items cancelled because they didn't pass fraud check. This is the GMV amount based on auth based date. Shipped GMV is Authorized GMV excluding GMV for items cancelled by the seller or by the customer. This is the GMV amount based on the shipped based date. This amount is in shown in dollars.Note: For store channels (Delivery, Pickup, SFS, BIS), AUTH Based GMV, AUTH Based Net Sales, Shipped Based GMV, and Shipped Based Net Sales will all have the same value (i.e., the Net Sales amount). Example:For Ecomm Channels (S2H , S2S)wm\_item\_nbr ty\_auth\_based\_gmv\_amt 123456789 30 ty\_shpd\_based\_gmv\_amt 24 ty\_auth\_based\_qty ty\_shpd\_based\_qty ty\_aur 5 4 6"
ly_shpd_based_net_sales_amt,Shipped Based Net Sales Amount - Last Year,APPROVED,5:BI Link;7:Channel Performance Insights;9:API Glossary;13:Report Builder,omni_sales,omni_sales,"The net sales amount for all orders of an item shipped. Shipped Based Net Sales Amount is AUTH Based Net Sales Amount excluding Net Sales amount for items cancelled by the seller or by the customer. For warranties and in-house services, the Net Sales is Shipped Based GMV except for Product Cost, which essentially is the commission. This amount is shown in dollars.Note:For store channels (Delivery, Pickup, SFS, BIS), Authorized Based GMV, Authrorized Based Net Sales, Shipped Based GMV, and Shipped Based Net Sales will all have the same value (i.e., the Net Sales Amount).Example:For Ecomm Channels (S2H , S2S)wm\_item\_nbr ty\_auth\_based\_gmv\_amt 123456789 30 ty\_shpd\_based\_gmv\_amt 24 ty\_auth\_based\_qty ty\_shpd\_based\_qty ty\_aur 5 4 6"
ly_shpd_based_qty,Shipped Based Quantity - Last Year,APPROVED,5:BI Link;9:API Glossary;13:Report Builder,omni_sales,omni_sales,The number of units shipped. It excludes the number of units sold that were cancelled and/or returned. This quantity is shown in eaches.Example:wm\_item\_nbr ty\_shpd\_based\_qty 123456789 4
ly_ss_order_whpk_qty,Warehouse Packs Staple Stock on Order - Last Year,APPROVED,5:BI Link,,dc_item_measures,"The total amount of staple stock on order, in warehouse packs last year."
ly_store_mkdn_amt,Store Markdown Amount - Last Year,APPROVED,5:BI Link,,store_inventory,"Store initiated markdown amount. E.g., Damage, Local Price Matching.This amount is shown in dollars."
ly_store_mkdn_qty,Store Markdown Quantity - Last Year,APPROVED,5:BI Link,,store_inventory,Number of units to which the markdown was initiated by the store. This quantity is shown in eaches.
ly_store_specific_cost_amt,Store Specific Cost Amount - Last Year,APPROVED,5:BI Link,,store_inventory,The unit cost for an item in the store. This amount is shown in dollars. Examples: Store\_Nbr 1 2Item store\_specific\_cost\_amt store\_specific\_rtl\_amt . 100 600 620 100 650 670
ly_store_specific_rtl_amt,Store Specific Retail Amount - Last Year,APPROVED,5:BI Link,,store_inventory,The sell price of the item in the store as found on the Store Item Inquiry screen. This amount is shown in dollars.Store\_Nbr 1 2Item store\_specific\_cost\_amt store\_specific\_rtl\_amt . 100 600 620 100 650 670
ly_tab_rcv_qty,Tab Receiving Quantity - Last Year,APPROVED,5:BI Link,,store_inventory,"The number of tab item eaches that has been received at the store on a tab invoice since the last tab date. It is also called the Tab.Additional information: Tab is a type of promotion where Walmart puts a multi-page flyer in the newspaper/digital version (top of specific store’s page in [walmart.com/app](http://walmart.com/app)) that features products to customers. It runs for certain duration. When an item is “put on Tab” there is an increase in demand at the store for that item. To accommodate for that temporary increase in demand, suppliers are often asked to ship in a special shipment of merchandise into the stores (via the distribution centers (DC)) that the store holds in the backroom and can replenish the shelves with as the item sells more quickly. To separate the normal flow of inventory into the store from the inventory marked for the Tab promotion, this field is used."
ly_traited_cnt,Traited Store/Item Count - Last Year,APPROVED,5:BI Link;13:Report Builder,store_sales_&amp,store_inventory,"Store count of all the items with the replenishment status as Active, Inactive and New.Values: 1 - Traited0 – Not Traited Note : The Traited Store/Item Count is aggregated at the item level to get the distinct store count at each item level."
ly_trgt_shelf_qty,Target Shelf Quantity - Last Year,APPROVED,5:BI Link,,store_inventory,This is the targeted number of eaches that should be stocked on the shelf. A shelf should be stocked based upon the sales volume.
ly_whpk_each_qty,Warehouse Pack Each Quantity - Last Year,APPROVED,5:BI Link,,dc_item_measures,The number of unit in a warehouse pack shipping unit last year. This quantity is shown in eaches.
mabd_chng_init_cd,MABD Change Indicator Code,APPROVED,3:Cloud Feeds;5:BI Link;9:API Glossary;13:Report Builder,purchase_order,oms_po_details;purchase_order,This column is an indicator articulating the source of changes to the Must Arrive by Date (MABD).P = POP (Purchase Order Prioritization)S = SchedulerB = POP and Scheduler
mabd_ts,Must Arrive By Date Time Stamp,APPROVED,3:Cloud Feeds;9:API Glossary,,purchase_order_line,This is the time merchandise is expected at the distribution center (DC). Related to must arrive by date (MABD).
manl_create_ind,Manual Create Indicator,APPROVED,3:Cloud Feeds;5:BI Link;9:API Glossary;13:Report Builder,purchase_order,oms_po_details;purchase_order;purchase_order_alloc_order;purchase_order_line;purchase_order_line_destination;purchase_order_stock_transfer,The indicator which denotes if the order is manually created.
manl_repl_order_ind,Manual Replenishment Order Indicator,APPROVED,3:Cloud Feeds;5:BI Link;9:API Glossary;13:Report Builder,purchase_order,oms_po_details;purchase_order,This indicates if the order was a manual order created by the replenishment system.
manual_po_45_vnpk_qty,Manual PO < 45 Days Cases,APPROVED,5:BI Link;9:API Glossary;13:Report Builder,omni_otif,omni_otif;otif_(decommissioned),Number of vendor pack in Manual PO < 45 days accountability bucket
manual_po_45_vnpk_qty,Manual PO Vendor Pack Quantity,APPROVED,13:Report Builder,,,Number of vendor packs that are in the Manual PO less than 45 days accountability bucket.
market_nbr,Market Number,APPROVED,3:Cloud Feeds;5:BI Link;9:API Glossary;13:Report Builder,custom_datasets;future_valid_item_store;modular_plan_metrics;order_forecast;purchase_order;store_demand_forecast;store_markup_and_markdowns;store_sales_&amp;tender_analysis,store_dimensions,This is the lowest level of the operational alignment. It is a geographical grouping of clubs used by operations to manage
market_nm,Market Name,APPROVED,3:Cloud Feeds;5:BI Link;9:API Glossary;13:Report Builder,custom_datasets;modular_plan_metrics;order_forecast;purchase_order;store_demand_forecast;store_markup_and_markdowns;store_sales_&amp;tender_analysis,store_dimensions,A market is a grouping of business units in a region for operational or administrative management and oversight. This is the lowest level of alignment
mart_org_cd,Mart Organization Code,APPROVED,9:API Glossary,,ecomm_subscriptions,A unique identifier for the organization that places the order.Example: For Walmart App the Mart Organization Code is 0
mart_org_nm,Mart Organization Name,APPROVED,9:API Glossary,,ecomm_subscriptions,"The name of the organization that takes the order, such as Jet.com, Walmart.com, Hayneedle.com. This is the website that the customer was on which took the credit card payment."
master_carton_ind,Master Carton Indicator,APPROVED,3:Cloud Feeds;5:BI Link;9:API Glossary,,item_attributes;item_dimensions,"A master carton indicator shows when the Vendor ships a carton that contains multiple Vendor Packs. Example: If an item has a vendor pack and warehouse pack of 12, Then the shipping carton contains 12 vendor packs i.e., 144 items. This is not used in MIM."
max_depth_squeeze_pct,Maximum Depth Squeeze Percentage,APPROVED,5:BI Link;9:API Glossary,,modular_upc_location,The maximum percentage by which the product can be squeezed depth-wise.
max_hrznl_squeeze_pct,Maximum Horizontal Squeeze Percentage,APPROVED,5:BI Link;9:API Glossary,,modular_upc_location,The maximum percentage by which the product can be squeezed horizontally.
max_shelf_qty,Max Shelf Quantity,APPROVED,3:Cloud Feeds;9:API Glossary;13:Report Builder,custom_datasets;store_sales_&amp,store_item_measures;store_item_measures_(inventory),The maximum number of eaches that can be held in the shelf on the sales floor.
max_shelf_qty,Max Shelf Quantity EOP,APPROVED,13:Report Builder,store_sales_&amp,,It is the maximum number of eaches that can be held in the shelf on the sales floor.Note: This metric is the 'End of Period' value for the selected time period: For Example: ‘Friday’ for WMT weeks.
max_vertical_squeeze_pct,Maximum Vertical Squeeze Percentage,APPROVED,5:BI Link;9:API Glossary,,modular_upc_location,The maximum percentage by which the product can be squeezed vertically.
mds_fam_id,Merchandising Family ID,APPROVED,9:API Glossary,,purchase_order_alloc_order,The unique numeric identifier for the item number (supply nbr).
mds_fam_id,Store Item ID,APPROVED,3:Cloud Feeds;5:BI Link;9:API Glossary;13:Report Builder,custom_datasets;dc_metrics;ecomm_sales;modular_plan_metrics;omni_sales;order_forecast;purchase_order;store_demand_forecast;store_markup_and_markdowns;store_sales_&amp,item_attributes;item_dimensions;oms_po_details;otif_(decommissioned);store_inventory;store_item_measures;store_item_measures_(inventory);store_sales;store_sales_new,"The 6-, 7-, or 9-character number assigned to an item of merchandise that Walmart buys from a supplier, to sell in the stores. Items that are 9 digits are REACT numbers and are considered Softlines.The first two digits of a 9-digit softline (REACT) item number is the order department, positions 3-4 are the subclass. Items that are 6-7 digits are hardline items. For items that are 6 digits, the first digit is the order department number. For items that are 7 digits, the first two digits are the department number."
mdse_catg_nbr,Merchandise Category Number,APPROVED,5:BI Link;9:API Glossary;13:Report Builder,omni_otif,omni_otif;otif_(decommissioned),"This uniquely identifies a grouping of like items for the purpose of reporting sales or other business transactions by the category.Examples: Software, Music, Health Care"
mdse_div_nbr,Merchandising Division Number,APPROVED,3:Cloud Feeds;5:BI Link;9:API Glossary;13:Report Builder,purchase_order,oms_po_details;purchase_order_alloc_order;purchase_order_line_destination,The destination BU's division number based on the order department of the supplier item. This is also the division that the DC will invoice to and will come from the Store Dept table. This is the merchandising division within the store.
mdse_maj_zone_nbr,Merchandise Major Zone Number,APPROVED,3:Cloud Feeds;5:BI Link;9:API Glossary;13:Report Builder,custom_datasets;dc_metrics;future_valid_item_store;modular_plan_metrics;order_forecast;purchase_order;store_demand_forecast;store_markup_and_markdowns;store_sales_&amp;tender_analysis,store_dimensions,Merchandise zones that horizontally divide the country. Major zones are numbered in multiples of 10.
mdse_pgm_id,Merchandise Program ID,APPROVED,3:Cloud Feeds;5:BI Link;9:API Glossary,,item_attributes;item_dimensions,A program where merchandise is grouped and displayed in a particular way. This grouping will allow merchandisers to track and measure sales performance.
mdse_styl_case_unit_qty,Merchandise Style Case Unit Quantity,APPROVED,5:BI Link;9:API Glossary,,modular_upc_location,"The number of units in a ""case"" merchandising style."
mdse_styl_cd,Merchandise Style Code,APPROVED,5:BI Link;9:API Glossary,,modular_upc_location,A code to represent the merchandise style. This needs to be generated from unique values in the Merchandise Style Description.
mdse_styl_depth_qty,Merchandise Style Depth Quantity,APPROVED,5:BI Link;9:API Glossary,,modular_upc_location,The Depth of the Merchandise Style presentation.
mdse_styl_desc,Merchandise Style Description,APPROVED,5:BI Link;9:API Glossary,,modular_upc_location,"The Merchandise Style is how the product is presented to the customer. Examples include tray, case, units."
mdse_styl_ht_qty,Merchandise Style Height Quantity,APPROVED,5:BI Link;9:API Glossary,,modular_upc_location,"The Height of the Merchandise Style presentation. In the case of a tray, this would be the total height of the tray and the products within the tray."
mdse_styl_tray_unit_qty,Merchandise Style Tray Unit Quantity,APPROVED,5:BI Link;9:API Glossary,,modular_upc_location,"The number of units in a ""tray"" merchandising style."
mdse_styl_wdth_qty,Merchandise Style Width Quantity,APPROVED,5:BI Link;9:API Glossary,,modular_upc_location,"The Width of the Merchandise Style presentation. In the case of trays, this would be the width of the tray and the merchandise within it."
mdse_sub_zone_nbr,Merchandise Sub Zone Number,APPROVED,3:Cloud Feeds;5:BI Link;9:API Glossary;13:Report Builder,custom_datasets;future_valid_item_store;modular_plan_metrics;order_forecast;purchase_order;store_demand_forecast;store_markup_and_markdowns;store_sales_&amp;tender_analysis,store_dimensions,"A finer, narrower breakdown of the major zones (i.e., 71 and 72 are sub zones of Major Zone 70)."
mdse_subgroup_desc,Merchandise Subgroup Description,APPROVED,3:Cloud Feeds,,item_dimensions,Description for the merchandise subgroup. Examples: Mens WearLadies WearPerishables
mdse_subgroup_nbr,Merchandise Subgroup Number,APPROVED,13:Report Builder,,item_dimensions,Unique identifier for the higher level grouping of merchandise within a merchandise segment. Examples: Mens WearLadies WearPerishables
med_lvl_oos_rsn_desc,Medium Level Out of Stock Reason Description,APPROVED,9:API Glossary,,out_of_stock_root_cause,"The middle level grouping of the Out of Stock reasons. Mid-level Examples:Forecast: Item forecast is not keeping up with customer demandSystem: A store was originally on a PO line distribution, but removed after dynamic distribution ran (i.e. something happened to cause another store to need the product more)Collect On-Time: The MABD for a collect order has been extended beyond the store's ability to meet customer demand with existing onhand OR A Collect order was delivered by Walmart's supply chain to the DC after the MABD (see related low-level cause definitions)DC Ops: Out of stock due to Inventory sat at the DC for longer than planned OR Inventory was marked down (damage, throwaway, charitable giving, etc) at the DC level (see related low-level cause definitions)Import Collect OnTime: The MABD for a collect order has been extended beyond the store's ability to meet customer demand with existing onhand OR A Collect order was delivered by Walmart's supply chain to the DC after the MABDEnd of Life: The item is being removed from the modular. As items draw closer to their removal date, replenishment of the item will be shut off and stores will sell through their remaining inventory. Some stores may sell out before the target removal date.Recent Mod: The item has recently been added to the modular. Validity: Out of stock due to a validity related cause (see related low-level cause definitions)DC OutOther: Other out of stocks for which no apparent root cause can be identifiedManual Orders: Stores created manual orders that exceeded the DC's ability to fulfill on timeOH Adjustment: Store made a manual adjustment downward to the onhand quantity OR Store manual adjustments reduced onhand quantity to zero (see related low-level cause definitions)Store MD's: Store-level markdowns generated unexpected demandAssembly No Order: Item is setup as assembly but has not received any ordersConstraints: Out of stock due to constraints (see related low-level cause definitions)In Full: Out of stock due to in full conditions (see related low-level cause definitions)On-Time: Out of stock due to on time conditions (see related low-level cause definitions)Recall: The item has been recalledReturn to DC: A delivery was returned from the store to the DC"
meijer_og_ind,Meijer Online Grocery,APPROVED,2:Customer Perception,,,Indicates if Panelist used Meijer Online Grocery
mercury_ind,Mercury Indicator,APPROVED,3:Cloud Feeds;5:BI Link;9:API Glossary;13:Report Builder,ecomm_inventory;ecomm_sales;omni_sales,product_dimensions,"Mercury Indicator indicated with a value = ""Y""(yes) or ""N""(no) identifying if the item contains mercury."
mfg_cmpny_id,Manufacturer Company ID,APPROVED,3:Cloud Feeds;5:BI Link;9:API Glossary;13:Report Builder,purchase_order,item_attributes;item_dimensions;oms_po_details;purchase_order,"A unique identifier for a company that manufactures merchandise that is sold in a Store or Club. While a purchase order can be manufactured in several factories, this identifies the primary factory for the orders merchandise."
mfgr_pre_price_amt,Manufacturer Pre-Price Amount,APPROVED,3:Cloud Feeds;5:BI Link;9:API Glossary,,item_attributes;item_dimensions,The selling price printed on the sellable product by the manufacturer.
mfgr_sugd_rtl_amt,Manufacturer Suggested Retail Amount,APPROVED,3:Cloud Feeds;5:BI Link;9:API Glossary,,item_attributes;item_dimensions,The selling price suggested by the Manufacturer for the product.
mgeg_buyer_userid,Managing Buyer Userid,APPROVED,13:Report Builder,purchase_order,,The system user ID of the managing buyer for the import purchase order.
mgr_name,Manager Name,APPROVED,3:Cloud Feeds;5:BI Link;9:API Glossary;13:Report Builder,custom_datasets;modular_plan_metrics;order_forecast;purchase_order;store_demand_forecast;store_markup_and_markdowns;store_sales_&amp,store_dimensions,The first and last name of the store manager.
min_depth_squeeze_pct,Minimum Depth Squeeze Percentage,APPROVED,5:BI Link;9:API Glossary,,modular_upc_location,The minimum percentage by which the product can be squeezed depth-wise.
min_hrznl_squeeze_pct,Minimum Horizontal Squeeze Percentage,APPROVED,5:BI Link;9:API Glossary,,modular_upc_location,The minimum percentage by which the product can be squeezed horizontally.
min_price_ind,Minimum Price Indicator,APPROVED,3:Cloud Feeds;5:BI Link;9:API Glossary,,item_attributes;item_dimensions,Identifies if an item holds a minimum retail price.
min_rcvng_days_qty,Minimum Receiving Days,APPROVED,3:Cloud Feeds;5:BI Link;9:API Glossary,,item_attributes;item_dimensions,This is the minimum allowable days between the DC receiving date and the Sell By Date. This is used for perishable grocery merchandise. An agreement has been made with the Supplier and the merchandise may be rejected by the DC if there are less than the guaranteed number of days remaining in the life of the product. This is known as Variance Days.
min_vertical_squeeze_pct,Minimum Vertical Squeeze Percentage,APPROVED,5:BI Link;9:API Glossary,,modular_upc_location,The minimum percentage by which the product can be squeezed vertically.
min_whse_life_qty,Minimum Wholesale Life Quantity,APPROVED,3:Cloud Feeds;5:BI Link;9:API Glossary,,item_attributes;item_dimensions,Also known as WAREHOUSE LIFE. The expected life (in days) of the product once it is received at the warehouse. Difference between Warehouse Life and Shelf Life indicates the number of days that the warehouse has to get the merchandise to the store. This is input in the MIM system but it is not used anywhere. This is the number of days that the merchandise is allowed to sit in the warehouse.
missing_aisle_not_elig_ind,Missing Aisle Not Eligible Indicator,APPROVED,5:BI Link;9:API Glossary,,digital_transactability,Indicates that the item is not eligible due to missing aisle location. Values are 0 and 1.
missing_dim_not_pub_ind,Missing Dimension Not Published Indicator,APPROVED,5:BI Link;9:API Glossary,,digital_transactability,Indicates that the Item is not published due to Offer Missing Dimension.
missing_image_not_pub_ind,Missing Image Not Published Indicator,APPROVED,5:BI Link;9:API Glossary,,digital_transactability,"Indicates that the item not published due to missing information, like an item image."
mkdn_amt,SI Total MUMD $,APPROVED,3:Cloud Feeds;5:BI Link;9:API Glossary;13:Report Builder,custom_datasets;store_sales_&amp,store_inventory;store_item_measures;store_item_measures_(inventory),"Total expense (in dollars) of markdowns for an item, for the time specified."
mkdn_amt,SI Total MUMD $ YoY Change%,APPROVED,13:Report Builder,custom_datasets;store_sales_&amp,,"Total expense (in dollars) of markdowns for an item, for the time specified.Year over year difference for SI MUMD Qty = ly\_mkdn\_qty - ty\_mkdn\_qty"
mkdn_amt,SI Total MUMD $ YoY Difference,APPROVED,13:Report Builder,custom_datasets;store_sales_&amp,,"Total expense (in dollars) of markdowns for an item, for the time specified.Year over year difference for SI Total MUMD $ = ly\_mkdn\_amt - ty\_mkdn\_amt"
mkdn_qty,SI MUMD Qty YoY Change%,APPROVED,13:Report Builder,custom_datasets;store_sales_&amp,,Scannable Item Markup/Markdown Quantity in eachesYear over year change percentage for SI MUMD Qty = (ly\_mkdn\_qty - ty\_mkdn\_qty) / ly\_mkdn\_qty
mkdn_qty,SI MUMD Qty YoY Difference,APPROVED,13:Report Builder,custom_datasets;store_sales_&amp,,Scannable Item Markup/Markdown Quantity in eachesYear over year difference for SI MUMD Qty = ly\_mkdn\_qty - ty\_mkdn\_qty
modlr_base_mdse_cd,Modular Based Merchandising Code,APPROVED,3:Cloud Feeds;5:BI Link;9:API Glossary;13:Report Builder,custom_datasets;dc_metrics;ecomm_sales;future_valid_item_store;modular_plan_metrics;omni_otif;omni_sales;order_forecast;purchase_order;store_demand_forecast;store_markup_and_markdowns;store_sales_&amp,item_attributes;item_dimensions,"Holds the Modular Based Merchandising Code:-M (Modular) indicates that the item is modular driven, sent to stores based upon modular traits and item traits.- I (Item) indicates that the item is item driven, sent to stores based upon item traits and classes.- H (Hold) indicates that the item is on hold, not going to any stores until the item is traited or the UPC of the item is put on a modular.- P (Pend) indicates that the item is in pending status. The UPC of the item was Modular driven and then taken off the MBM modular. It will remain in pending status until the item is traited and updated to item driven, or the UPC of the item is put on another MBM modular."
modlr_base_mdse_desc,Modular Based Merchandising Description,APPROVED,3:Cloud Feeds;5:BI Link;9:API Glossary;13:Report Builder,custom_datasets;dc_metrics;ecomm_sales;modular_plan_metrics;omni_otif;omni_sales;order_forecast;purchase_order;store_demand_forecast;store_markup_and_markdowns;store_sales_&amp,item_attributes;item_dimensions,"Description for the Merchandising Code:M (Modular) indicates that the item is modular driven, sent to stores based upon modular traits and item traits.I (Item) indicates that the item is item driven, sent to stores based upon item traits and classes.H (Hold) indicates that the item is on hold, not going to any stores until the item is traited or the UPC of the item is put on a modular.P (Pend) indicates that the item is in pending status. The UPC of the item was Modular driven and then taken off the MBM modular. It will remain in pending status until the item is traited and updated to item driven, or the UPC of the item is put on another MBM modular."
modlr_catg_desc,Modular Category Description,APPROVED,3:Cloud Feeds;5:BI Link;9:API Glossary;13:Report Builder,custom_datasets;modular_plan_metrics,modular_plan;modular_plan_upc,This is the description for a modular category.
modlr_catg_nbr,Modular Category Number,APPROVED,3:Cloud Feeds;5:BI Link;9:API Glossary;13:Report Builder,custom_datasets;modular_plan_metrics,modular_plan;modular_plan_upc,"These are modular categories that are used to manage merchandise that will be placed on the modular.Examples:modular_dept_nbr modular_catg_nbr modular_catg_desc 1 0 Reserved 1 1 Floorplans 1 15 Theater Box Candy Dump Bin 1 90 Premium Chocolate and Gift Endcap 1 92 D1 Permanent Endcaps 1 95 4 Way Candy Rack - Hershey 1 100 Seasonal Candy 1 102 Valentine Candy Mtrak 1 104 D01 Candy Saddlebag 1 120 Basic Candy 1 1,001 PR Floorplans 1 1,120 PR Basic Candy 1 5,010 AK Candy 1 6,032 HI Seasonal Christmas 1 6,090 HI Specialty Candy 1 6,101 HI Mac Nut Lei Sidekick 1 6,110 HI Assorted Candy Lei Sidekick"
modlr_dept_desc,Modular Department Description,APPROVED,3:Cloud Feeds;5:BI Link;9:API Glossary;13:Report Builder,custom_datasets;modular_plan_metrics,modular_plan;modular_plan_upc,This is the description for the modular department.
modlr_dept_nbr,Modular Department Number,APPROVED,3:Cloud Feeds;5:BI Link;9:API Glossary;13:Report Builder,custom_datasets;modular_plan_metrics,modular_plan;modular_plan_upc,These are the modular departments used to group merchandise that will be placed on the modular. They may not align to the merchandise departments.Examples:1 Candy & Tobacco 2 Personal Care & Beauty Aids 3 Stationery 4 Household Paper Goods 5 Media & Gaming 6 Camera & Supplies 7 Toys 8 Pets & Supplies 9 Sporting Goods 10 Auto Care 11 Hardware 12 Paint & Accessories 13 Household Chemicals 14 Kitchen & Dining 15 Electrical Appliance 16 Lawn & Garden 17 Home Decor
modlr_loc_id,Modular Location Identifier,APPROVED,5:BI Link;9:API Glossary,,modular_upc_location,"Modular Location ID is the number to order the products, starting from the top left working to bottom right. The numbers start over on each section (segment)."
modlr_plan_id,Modular Plan Identifier,APPROVED,3:Cloud Feeds;5:BI Link;9:API Glossary;13:Report Builder,custom_datasets;modular_plan_metrics,all_traits;modular_plan;modular_plan_upc;modular_traits;modular_upc_location;store_modular,A number which uniquely identifies a modular drawing. It is used to link data from other tables relating to the specific modular drawing.
modlr_plan_status_cd,Modular Plan Status Code,APPROVED,5:BI Link;9:API Glossary,,store_modular,Indicates Modular Planogram drawing stage. There are various stages a drawing goes through before it is finalized and sent to the stores. Status code 1 is finalized. This status indicates the last stage completed.
modlr_plan_status_cd,Modular Planogram Status Code,APPROVED,5:BI Link;9:API Glossary;13:Report Builder,custom_datasets;modular_plan_metrics,all_traits;modular_traits;modular_upc_location,This indicates Modular Planogram drawing stage. Status code 1 is finalized.
modlr_plan_title_desc,Modular Plan Title Description,APPROVED,3:Cloud Feeds;5:BI Link;9:API Glossary;13:Report Builder,custom_datasets;modular_plan_metrics,modular_plan;modular_plan_upc,Title on the modular planogram that is printed.
modlr_sect_nbr,Modular Section Number,APPROVED,3:Cloud Feeds;5:BI Link;9:API Glossary;13:Report Builder,custom_datasets;modular_plan_metrics,modular_plan_upc,"Modular section number represents a 4"" section of a counter that holds merchandise in a store."
modlr_wdth_qty,Modular Width Quantity,APPROVED,3:Cloud Feeds;5:BI Link;9:API Glossary;13:Report Builder,custom_datasets;modular_plan_metrics,modular_plan;modular_plan_upc,The number of inches for the width of the base of the sections for this planogram.
mrtl_status,Marital Status,APPROVED,2:Customer Perception,,,Panelist marital status
mumd_amt,MUMD Amount,APPROVED,3:Cloud Feeds;9:API Glossary;13:Report Builder,store_markup_and_markdowns,mumd,"This is the net amount of the current year markdown/up action, where a Markdown is positive and Markup is negative. This amount is in Dollars."
mumd_amt,MUMD Amount - Last Year,APPROVED,5:BI Link,,mumd,"This is the net amount of last year's markdown/up action, where a Markdown is positive and Markup is negative. This amount is in Dollars."
mumd_amt,MUMD Amount - This Year,APPROVED,5:BI Link,,mumd,"This is the net amount of the current year markdown/up action, where a Markdown is positive and Markup is negative. This amount is in Dollars."
mumd_amt,MUMD Dollars,APPROVED,13:Report Builder,vendor_scorecard,,"This is the net amount of the current year markdown/up action, where a Markdown is positive and Markup is negative."
mumd_dt,MUMD Date,APPROVED,3:Cloud Feeds;5:BI Link;9:API Glossary,,mumd,This is the date the markup or markdown was applied at the store.
mumd_event_cd,MUMD Event Code,APPROVED,3:Cloud Feeds;5:BI Link;9:API Glossary;13:Report Builder,store_markup_and_markdowns,mumd,Number assigned to a specific markdown or markup event. Values: 1001 - HO BASE PRICE CHG 1002 - HO COMP PRICING 1003 - HO INIT CLEARANCE 1004 - SAVE EVEN MORE-SC 1100 - HO FOLLOW-UP CLR. 1101 - HO/STORE CLEANUP 1102 - HO INIT CL SEAS 1103 - HO INIT CL MOD 1104 - HO FOL-UP CL SEAS 1105 - HO FOL-UP CL MOD 1106 - ST FOL-UP CL SEAS 1107 - ST FOL-UP CL MOD 1201 - ST INIT CLEARANC 1202 - FOLLOW-UP CLEARNC 1300 - HOME OFFICE TAB Etc.
mumd_event_desc,MUMD Event Description,APPROVED,3:Cloud Feeds;5:BI Link;9:API Glossary;13:Report Builder,store_markup_and_markdowns,mumd,This is the multilingual description for the markup/markdown event. Examples: 1001 - HO BASE PRICE CHG 1002 - HO COMP PRICING 1003 - HO INIT CLEARANCE 1004 - SAVE EVEN MORE-SC 1100 - HO FOLLOW-UP CLR. 1101 - HO/STORE CLEANUP 1102 - HO INIT CL SEAS 1103 - HO INIT CL MOD 1104 - HO FOL-UP CL SEAS 1105 - HO FOL-UP CL MOD 1106 - ST FOL-UP CL SEAS 1107 - ST FOL-UP CL MOD 1201 - ST INIT CLEARANC 1202 - FOLLOW-UP CLEARNC 1300 - HOME OFFICE TAB Etc.
mumd_rtl_ind,MUMD Retail Indicator,APPROVED,3:Cloud Feeds;5:BI Link;9:API Glossary;13:Report Builder,store_markup_and_markdowns,mumd,"This indicates if it is a 'Retail' markdown. Retail MUMDs exclude cost departments (Fresh merchandise: 94 Produce, 93 Meat, 80 Deli, 98 Bakery) in Supercenters and Walmart neighborhood markets."
mumd_src_cd,MUMD Source Code,APPROVED,3:Cloud Feeds;5:BI Link;9:API Glossary;13:Report Builder,store_markup_and_markdowns,mumd,This indicates if the markup/markdown event was initiated from the Store or Home Office. An MUMD Event Source should be able identify Home Office or Store with the values H or S.
mumd_src_desc,MUMD Source Description,APPROVED,3:Cloud Feeds;5:BI Link;9:API Glossary;13:Report Builder,store_markup_and_markdowns,mumd,This holds classification buckets that MUMD types are grouped into.
mumd_type_desc,MUMD Type Description,APPROVED,3:Cloud Feeds;5:BI Link;9:API Glossary;13:Report Builder,store_markup_and_markdowns,mumd,"This holds a description of the Markup/Markdown types. Examples: Clearance, Pricing, Competition, Damages/Donations, Optical, etc."
must_arrive_dt,Must Arrive By Date,APPROVED,3:Cloud Feeds;5:BI Link;9:API Glossary;13:Report Builder,omni_otif;purchase_order,omni_otif;oms_po_details;otif_(decommissioned);purchase_order;purchase_order_line,"Must Arrive by Date (MABD) is a date included on every purchase order (PO). It is the date on which the order is expected to arrive at the Walmart Distribution Center (DC) or Fulfillment Center (FC). For (Direct Store Delivery) DSD suppliers, this is the date on which the order is expected to arrive at the Walmart store.Must Arrive by Date (MABD) is determined by the Walmart system and is driven by when the product is needed in the store. Based on when the product is needed in the store, the system calculates when the product needs to ship from the DC and therefore the date it must be received at the DC. Using this Must Arrive by Date (MABD), the system determines when the order needs to be placed at the supplier based on the lead time setting that is in the system to ship from the supplier’s ship point to the Walmart DC placing the order.Note:The header MABD Date will usually match the line MABD. However, in very small occurrences, the two can be different. This can occur when a PO (Purchase Order) has a large number of items spread across multiple truck loads. In these instances, the header MABD Date will always display the last chronological (or max) value.For example, if a PO has 2 lines one with 7/1/2022 as an MABD and 8/6/2022 as the other MABD, the header will list 8/6/2022 as the MABD."
must_arrive_dt_to_use,MABD,APPROVED,9:API Glossary,,otif_(decommissioned),"Must Arrive by Date (MABD) is a date included on every purchase order (PO). It is the date on which the order is expected to arrive at the Walmart Distribution Center (DC) or Fulfillment Center (FC). For (Direct Store Delivery) DSD suppliers, this is the date on which the order is expected to arrive at the Walmart store.Must Arrive by Date (MABD) is determined by the Walmart system and is driven by when the product is needed in the store. Based on when the product is needed in the store, the system calculates when the product needs to ship from the DC and therefore the date it must be received at the DC. Using this Must Arrive by Date (MABD), the system determines when the order needs to be placed at the supplier based on the lead time setting that is in the system to ship from the supplier’s ship point to the Walmart DC placing the order.Note:The header MABD Date will usually match the line MABD. However, in very small occurrences, the two can be different. This can occur when a PO (Purchase Order) has a large number of items spread across multiple truck loads. In these instances, the header MABD Date will always display the last chronological (or max) value.For example, if a PO has 2 lines one with 7/1/2022 as an MABD and 8/6/2022 as the other MABD, the header will list 8/6/2022 as the MABD."
must_arrive_dt_to_use,Must Arrive Date To Use,APPROVED,5:BI Link;9:API Glossary;13:Report Builder,omni_otif,omni_otif,Must Arrive by Date (MABD) used to determine OTIF compliance
must_arrive_port_dt,Must Arrive Port Date,APPROVED,3:Cloud Feeds;5:BI Link;9:API Glossary;13:Report Builder,purchase_order,oms_po_details;purchase_order,This is the date that the merchandise must arrive at the discharge (destination) port by.
must_arrive_ts,Must Arrive Timestamp,APPROVED,3:Cloud Feeds;5:BI Link;9:API Glossary;13:Report Builder,purchase_order,oms_po_details;purchase_order,The timestamp of when the merchandise is expected at the DC (related to Must Arrive by Date).
name,Project Name,APPROVED,2:Customer Perception,,,Unique name you assign to a project to distinguish it from other projects created by you and members in your organization.
need_arvl_dt,Need Arrival Date,APPROVED,5:BI Link;9:API Glossary;13:Report Builder,order_forecast,order_demand_forecast,The date an item is needed to arrive at the store.
need_ship_dt,Need Ship Date,APPROVED,5:BI Link;9:API Glossary;13:Report Builder,order_forecast,order_demand_forecast,This is the date that the merchandise needs to be shipped by in order for it to arrive at the Walmart facility on time.
net_cncl_qty,Net Cancelled Quantity,APPROVED,9:API Glossary,,ecomm_subscriptions,"The number of units sold, net of cancellations (not net of returns)."
net_first_cost_amt,Net First Cost Amount,APPROVED,3:Cloud Feeds;5:BI Link;9:API Glossary;13:Report Builder,purchase_order,oms_po_details;purchase_order_line,This is the calculated net cost of the vendor pack. This is the cost amount and is measured in dollars.
net_qty,Net Quantity,APPROVED,9:API Glossary,,ecomm_subscriptions,"Net units of cancellations and returns. Subtracts fully refunded ""keep it refunds"", where the customer was refunded but not required to actually return, such as with a lost delivery or a damaged low-price item."
net_rcpt_cost_amt,Net Receipt Cost Amount,APPROVED,13:Report Builder,custom_datasets;store_sales_&amp,store_item_measures_(inventory),Cost amount of the receipt. Calculated as Gross Receipts Cost - Store Return Cost.
net_rcpt_cost_amt,Net Receipt Cost Amount YoY Change%,APPROVED,13:Report Builder,custom_datasets;store_sales_&amp,,Cost amount of the receipt. Calculated as Gross Receipts Cost - Store Return Cost. Year over year change percentage for Net Receipt Cost Amount = (ly\_net\_rcpt\_cost\_amt - ty\_net\_rcpt\_cost\_amt) / ly\_net\_rcpt\_cost\_amt
net_rcpt_qty,Net Receipt Quantity,APPROVED,13:Report Builder,custom_datasets,store_item_measures_(inventory),Difference between Ships and Store Returns. Calculated as Gross Receipts # - Store Return #.
net_rcpt_qty,Net Receipt Quantity YoY Change%,APPROVED,13:Report Builder,custom_datasets;store_sales_&amp,,Difference between Ships and Store Returns. Calculated as Gross Receipts # - Store Return #. Year over year change percentage for Net Receipt Quantity = (ly\_net\_rcpt\_qty - ty\_net\_rcpt\_qty) / ly\_net\_rcpt\_qty
net_rcpt_qty,Net Receipt Quantity YoY Difference,APPROVED,13:Report Builder,custom_datasets;store_sales_&amp,,Difference between Ships and Store Returns. Calculated as Gross Receipts # - Store Return #. Year over year difference for Net Receipt Quantity = ly\_net\_rcpt\_qty - ty\_net\_rcpt\_qty
net_rcpt_rtl_amt,Net Receipt Retail Amount,APPROVED,13:Report Builder,custom_datasets,store_item_measures_(inventory),Retail value of the receipt. Gross Receipts $ - Store Return $
net_sales_cncl_amt,Net Sales Cancelled Amount,APPROVED,9:API Glossary,,ecomm_subscriptions,"The cancelled net sales. Net sales is revenue collected from the customer for owned, DSV, and store sales (same as GMV). For Walmart Marketplace (MP) sales, it's generally commission but if Walmart price is below MP seller price, that discount (aka subsidy) is also in net sales. For Warranties and In-Home Services, the net sales is GMV minus product cost, which essentially is a commission."
net_sales_order_amt,Net Sales Order Amount,APPROVED,9:API Glossary,,ecomm_subscriptions,"The net sales, net of cancellations and refunds. Net sales is revenue collected from the customer for owned, DSV, and store sales (same as GMV). For Walmart Marketplace (MP) sales, it's generally commission but if the Walmart price is below the MP seller price, that discount (aka subsidy) is also in net sales. For Warranties and In-Home Services, the net sales is GMV minus product cost, which essentially is a commission. 'ORDER' in the column name refers to the fact that this is order-based rather than event-based."
net_sales_plcd_amt,Net Sales Placed Amount,APPROVED,9:API Glossary,,ecomm_subscriptions,"The net sales for Placed orders. Net sales is revenue collected from the customer for owned, DSV, and store sales (same as GMV). For Walmart Marketplace (MP) sales, it's generally commission but if the Walmart price is below the MP seller price, that discount (aka subsidy) is also in net sales. For Warranties and In-Home Services, the net sales is GMV minus product cost, which essentially is a commission."
net_sales_rfnd_amt,Net Sales Refund Amount,APPROVED,9:API Glossary,,ecomm_subscriptions,"The refunded net sales. Includes customer refunds, refunded commissions, and contra Marketplace (MP) price. Net sales is revenue collected from the customer for owned, DSV, and store sales (same as GMV). For Walmart Marketplace (MP) sales, it's generally commission but if Walmart price is below MP seller price, that discount (aka subsidy) is also in net sales. For Warranties and In-Home Services, the net sales is GMV minus product cost, which essentially is a commission."
never_out_ind,Never Out Indicator,APPROVED,3:Cloud Feeds;5:BI Link;9:API Glossary;13:Report Builder,custom_datasets;dc_metrics;ecomm_sales;modular_plan_metrics;omni_otif;omni_sales;order_forecast;purchase_order;store_demand_forecast;store_markup_and_markdowns;store_sales_&amp,item_attributes;item_dimensions,Indicates if an item is designated for the stores to never be out–of-stock.
new_store_disc_ind,New Store Discount Indicator,APPROVED,3:Cloud Feeds;5:BI Link;9:API Glossary;13:Report Builder,purchase_order,oms_po_details;purchase_order_alloc_order;purchase_order_line_destination,This indicates that the store will receive a new store discount. Values: 1 - indicates that the store will receive a new store discount 0 - indicates that the store will not receive a new store discount
nil_pick_dnmntr,Nil Pick Denominator,APPROVED,9:API Glossary,,,The quantity of actual items ordered excluding cancelled items prior to dispense.
nil_pick_nmrtr,Nil Pick Numerator,APPROVED,9:API Glossary,,,"Is the percentage of ordered items that could not be fulfilled, even after attempting substitutions. It represents the portion of customer demand that remanined unfulfilled."
nil_pick_qty,NIL Picks,APPROVED,3:Cloud Feeds;5:BI Link;7:Channel Performance Insights;9:API Glossary;13:Report Builder,store_sales_&amp,store_fulfillment,"A measure of the not picked or substituted by a store. In general, Nil Pick is an event of not being able to pick an ordered item, substitute an item, or provide a manager override since it is not available on the current shelf.Example:wm_item_nbr store_nbr nil_pick_qty 123456789 10 3"
nil_pick_qty,Nil Picks Quantity,APPROVED,13:Report Builder,custom_datasets,,"A measure of the units not picked or substituted by a store. In general, Nil Pick is an event of not being able to pick an ordered item, substitute an item, or provide a manager override since it is not available on the current shelf.Example:wm\_item\_nbr store\_nbr nil\_pick\_qty 123456789 10 3"
nil_pick_unavlbl_score_val,Nil Pick Unavailable Score Value,APPROVED,5:BI Link;9:API Glossary,,digital_transactability,Indicates that the item is not available because it is blocked due to Nil picks.
no_actv_distr_not_pub_ind,No Active Distributor Not Published Indicator,APPROVED,5:BI Link;9:API Glossary,,digital_transactability,Indicates that the Item is not published as it has no active distributor listed.
non_mbr_upchrg_ind,Non Member Upcharge Indicator,APPROVED,3:Cloud Feeds;5:BI Link;9:API Glossary,,item_attributes;item_dimensions,Indicates if this item will have an upcharge applied when sold to a Non-Member using a one day promotion pass
none_og_ind,No Online Grocery,APPROVED,2:Customer Perception,,,Indicates Panelist does not use online grocery
not_infull_vnpk_qty,Not In Full Vendor Pack Quantity,APPROVED,5:BI Link;9:API Glossary;13:Report Builder,omni_otif,omni_otif,Total number of unfilled vendor packs (includes cancelled system PO's unfilled vendor packs).
nxt_bill_dt,Next Bill Date,APPROVED,9:API Glossary,,coops,Calculated date for the next monthly billing of COOPs or Deals. For COOPs it would be the next month's bill date.Format: YYYY-MM-DD
objective_description,Objective,APPROVED,2:Customer Perception,,,Purpose of the project
obsolete_dt,Item End Date,APPROVED,3:Cloud Feeds;5:BI Link;9:API Glossary;13:Report Builder,custom_datasets;dc_metrics;ecomm_sales;modular_plan_metrics;omni_otif;omni_sales;order_forecast;purchase_order;store_demand_forecast;store_markup_and_markdowns;store_sales_&amp,item_attributes;item_dimensions,"Date an item no longer scans at store level. ""O"" in the item flag column indicates the item is obsolete. Obsolete means it does not scan in any store and Home Office associates cannot access it on HOST system."
offr_end_dt,Offer End Date,APPROVED,3:Cloud Feeds;5:BI Link;9:API Glossary;13:Report Builder,ecomm_inventory;ecomm_sales;omni_sales,product_dimensions,The date by when Walmart must sell the existing On Hand or has to liquidate/return.
offr_start_dt,Offer Start Date,APPROVED,3:Cloud Feeds;5:BI Link;9:API Glossary;13:Report Builder,ecomm_inventory;ecomm_sales;omni_sales,product_dimensions,The date from when the item is recorded as a sellable offering for eCommerce. The gap between the offer start date and first sales registering for the item gives an estimate of how long it took the item to register sale and if it can be improved. There are no restrictions on the start date; it could be before or after the offer create timestamp.
omittraits,Omit Trait,APPROVED,13:Report Builder,store_sales_&amp,,This represents what stores the traited item should not be sent to or should not be valid for. It is represented as (“Trait\_nbr” ++ “Trait\_connect\_cd” ++ “Trait\_nbr”) as per the order of sequence provided in “Trait\_Seq\_Nbr” where “Send\_Omit\_Cd” = ‘O’.
omni_catg_desc,Omni Category Description,APPROVED,3:Cloud Feeds;5:BI Link;6:Digital Landscapes;7:Channel Performance Insights;9:API Glossary;13:Report Builder,custom_datasets;dc_metrics;ecomm_inventory;ecomm_sales;future_valid_item_store;modular_plan_metrics;omni_otif;omni_sales;order_forecast;purchase_order;store_demand_forecast;store_markup_and_markdowns;store_sales_&amp;tender_analysis,item_attributes;item_dimensions;product_dimensions;upc_attribution,Name of the L30 level within the Walmart Merchandising Hierarchy. This is below Category Group and above Subcategory.
omni_catg_grp_desc,Omni Category Group Description,APPROVED,3:Cloud Feeds;5:BI Link;6:Digital Landscapes;9:API Glossary;13:Report Builder,custom_datasets;dc_metrics;ecomm_inventory;ecomm_sales;future_valid_item_store;modular_plan_metrics;omni_otif;omni_sales;order_forecast;purchase_order;store_demand_forecast;store_markup_and_markdowns;store_sales_&amp;tender_analysis,item_attributes;item_dimensions;product_dimensions;upc_attribution,The department category group description.The name of the L20 level within the Walmart Merchandising Hierarchy. This level is positioned above the Omni Category (L30) and below the Division level.It groups together related categories for higher-level merchandising organization.
omni_catg_grp_nbr,Omni Category Group Number,APPROVED,3:Cloud Feeds;5:BI Link;6:Digital Landscapes;9:API Glossary;13:Report Builder,custom_datasets;dc_metrics;ecomm_inventory;ecomm_sales;future_valid_item_store;modular_plan_metrics;omni_otif;omni_sales;order_forecast;purchase_order;store_demand_forecast;store_markup_and_markdowns;store_sales_&amp;tender_analysis,item_attributes;item_dimensions;product_dimensions;upc_attribution,"The department category group number.The unique numeric identifier assigned to each Omni Category Group (L20) within the Walmart Merchandising Hierarchy.Used for reporting, tracking, and organizing merchandise at the group level."
omni_catg_nbr,Omni Category Number,APPROVED,3:Cloud Feeds;5:BI Link;6:Digital Landscapes;7:Channel Performance Insights;9:API Glossary;13:Report Builder,custom_datasets;dc_metrics;ecomm_inventory;ecomm_sales;future_valid_item_store;modular_plan_metrics;omni_otif;omni_sales;order_forecast;purchase_order;store_demand_forecast;store_markup_and_markdowns;store_sales_&amp;tender_analysis,item_attributes;item_dimensions;product_dimensions;upc_attribution,The department category number for stores.The unique numeric identifier assigned to each Omni Category (L30) within the Walmart Merchandising Hierarchy. This is below Category Group and above Subcategory.
omni_dept_desc,Omni Department Description,APPROVED,3:Cloud Feeds;5:BI Link;6:Digital Landscapes;9:API Glossary;13:Report Builder,custom_datasets;dc_metrics;ecomm_inventory;ecomm_sales;future_valid_item_store;modular_plan_metrics;omni_otif;omni_sales;order_forecast;purchase_order;store_demand_forecast;store_markup_and_markdowns;store_sales_&amp;tender_analysis,item_attributes;item_dimensions;product_dimensions;upc_attribution,Stores = department name and eComm = super department name.The name of the L10 level within the Walmart Merchandising Hierarchy. This level is positioned above the Omni Category Group (L20) and below the Omni Segment (L5). It represents a broad grouping of related merchandise categories.For Stores = department name For eComm = super department name.
omni_dept_nbr,Omni Department Number,APPROVED,3:Cloud Feeds;5:BI Link;6:Digital Landscapes;9:API Glossary;13:Report Builder,custom_datasets;dc_metrics;ecomm_inventory;ecomm_sales;future_valid_item_store;modular_plan_metrics;omni_otif;omni_sales;order_forecast;purchase_order;store_demand_forecast;store_markup_and_markdowns;store_sales_&amp;tender_analysis,item_attributes;item_dimensions;product_dimensions;upc_attribution,"Stores = department number and eComm = super department number.The unique numeric identifier assigned to each Omni Department (L10) within the Walmart Merchandising Hierarchy. Used for organizing, tracking, and reporting at the department level.For Stores = department number For eComm = super department number."
omni_seg_desc,Omni Segment Description,APPROVED,3:Cloud Feeds;5:BI Link;6:Digital Landscapes;9:API Glossary;13:Report Builder,custom_datasets;dc_metrics;ecomm_inventory;ecomm_sales;future_valid_item_store;modular_plan_metrics;omni_otif;omni_sales;order_forecast;purchase_order;store_demand_forecast;store_markup_and_markdowns;store_sales_&amp;tender_analysis,item_attributes;item_dimensions;product_dimensions;upc_attribution,Stores = financial segment name and eComm = division name.The name of the L5 level within the Walmart Merchandising Hierarchy. This is the highest level in the hierarchy and is positioned above the Omni Department (L10). It represents the broadest grouping of merchandise.For Stores = financial segment name For eComm = division name.
omni_seg_nbr,Omni Segment Number,APPROVED,3:Cloud Feeds;5:BI Link;6:Digital Landscapes;9:API Glossary;13:Report Builder,custom_datasets;dc_metrics;ecomm_inventory;ecomm_sales;future_valid_item_store;modular_plan_metrics;omni_otif;omni_sales;order_forecast;purchase_order;store_demand_forecast;store_markup_and_markdowns;store_sales_&amp;tender_analysis,item_attributes;item_dimensions;product_dimensions;upc_attribution,"Stores = financial segment number and eComm = division number.The unique numeric identifier assigned to each Omni Segment (L5) within the Walmart Merchandising Hierarchy. Used for organizing, tracking, and reporting at the segment level.For stores: the financial segment numberFor eCommerce (eComm): the division number"
omni_subcatg_desc,Omni Subcategory Description,APPROVED,3:Cloud Feeds;5:BI Link;6:Digital Landscapes;7:Channel Performance Insights;9:API Glossary;13:Report Builder,custom_datasets;dc_metrics;ecomm_inventory;ecomm_sales;future_valid_item_store;modular_plan_metrics;omni_otif;omni_sales;order_forecast;purchase_order;store_demand_forecast;store_markup_and_markdowns;store_sales_&amp;tender_analysis,item_attributes;item_dimensions;product_dimensions;upc_attribution,Name of the L40 level within the Walmart Merchandising Hierarchy. This is below Category and the lowest level of the Omni Hierarchy.
omni_subcatg_nbr,Omni Subcategory Number,APPROVED,3:Cloud Feeds;5:BI Link;6:Digital Landscapes;7:Channel Performance Insights;9:API Glossary;13:Report Builder,custom_datasets;dc_metrics;ecomm_inventory;ecomm_sales;future_valid_item_store;modular_plan_metrics;omni_otif;omni_sales;order_forecast;purchase_order;store_demand_forecast;store_markup_and_markdowns;store_sales_&amp;tender_analysis,item_attributes;item_dimensions;product_dimensions;upc_attribution,The department sub-category group number.An unique identifier of the L40 level within the Walmart Merchandising Hierarchy. This is below Category and the lowest level of the Omni Hierarchy.
omni_trnsctbl_ind,Omni Transactability Indicator,APPROVED,5:BI Link;9:API Glossary,,digital_transactability,"Indicates if customers can add the item to a cart for purchase through the Walmart App or Website. Omni-transactable items are in the sellable universe and are visible, transactable, eligible, and available. Values are 0 (unavailable) and 1 (available)."
omni_upc_nbr,Omni UPC Number,APPROVED,5:BI Link;6:Digital Landscapes;9:API Glossary,,upc_attribution;upc_sales,"For Stores: Universal Product Code (UPC) Identification Number is a 12-digit number that identifies a selling unit of merchandise. The UPC Number consists of a one-digit Prefix, a Company Number, a Product Reference Number, and a Check Digit. For EComm: UPCs are different. The eComm UPC has leading 0s and no check digit. Stores UPCs don't have leading 0s and have the check digit.For Stores: Universal Product Code (UPC) Identification Number is a 12-digit number that identifies a selling unit of merchandise. The UPC Number consists of a one-digit Prefix, a Company Number, a Product Reference Number, and a Check Digit.For EComm: UPCs are different. The eComm UPC has leading 0s and no check digit. Stores UPCs don't have leading 0s and have the check digit."
oms_create_ts,OMS Create Timestamp,APPROVED,5:BI Link;9:API Glossary;13:Report Builder,purchase_order,oms_po_details;stock_transfer_purchase_order_cross_reference,The date and time the record was created in the source Order Management System.
oms_last_chng_ts,OMS Last Changing Time Stamp,APPROVED,3:Cloud Feeds;9:API Glossary,,purchase_order_line,This is the timestamp of last update.
oms_po_line_nbr,OMS Purchase Order Line Number,APPROVED,3:Cloud Feeds;5:BI Link;9:API Glossary;13:Report Builder,omni_otif;purchase_order,omni_otif;oms_po_details;otif_(decommissioned);purchase_order_alloc_order;purchase_order_dc_receiver_line;purchase_order_line;purchase_order_line_destination,A unique number assigned to each Purchase Order line in the OMS system.
oms_po_nbr,OMS Purchase Order Number,APPROVED,3:Cloud Feeds;5:BI Link;9:API Glossary;13:Report Builder,omni_otif;purchase_order,omni_otif;oms_po_details;otif_(decommissioned);purchase_order;purchase_order_alloc_order;purchase_order_dc_receiver;purchase_order_dc_receiver_line;purchase_order_line;purchase_order_line_destination,The system assigned Purchase Order number from the OMS system. This is unique globally for all OMS purchase orders.
oms_po_nbr,OMS Purchase Order Number,APPROVED,3:Cloud Feeds,,,System assigned Purchase Order number from the OMS system. This is unique globally for all OMS purchase orders.
oms_qlty_hld_cd,OMS Quality Hold Code,APPROVED,3:Cloud Feeds;5:BI Link;9:API Glossary;13:Report Builder,purchase_order,oms_po_details;purchase_order_line,"This is a code that would put a hold on all purchase order (PO) lines which have issues such as:\- safety hazards\- production quality issues\- not what was ordered but is sellable.An example of a quality hold would be when a shirt has a zipper instead of buttons. This quality hold can be created during or after production time of what Walmart is inspecting.These hold codes are intended for post quality control, not quality assurance, which is pre-quality controlled. This quality hold code is also different than the item file that will be implemented with the new quality hold column. The item file column is intended to block all items from being ordered/replenished. An example would be if peanut butter, which is not inspected by Walmart, has a quality issue, item file would set the quality hold on that item which would block all replenishment/ordering for that item."
oms_row_chng_ts,OMS Row Changing Timestamp,APPROVED,3:Cloud Feeds;9:API Glossary,,purchase_order;purchase_order_dc_receiver;purchase_order_dc_receiver_line;purchase_order_line;purchase_order_line_destination,Timestamp of the last change made to this purchase order (PO) in the Order Management System (OMS).
oms_sub_line_nbr,OMS Sub Line Number,APPROVED,3:Cloud Feeds;5:BI Link;9:API Glossary;13:Report Builder,purchase_order,oms_po_details;purchase_order_dc_receiver_line,This is an individual line associated with an OMS SUB ORDER.
oms_sub_order_nbr,OMS Sub Order Number,APPROVED,3:Cloud Feeds;9:API Glossary;13:Report Builder,purchase_order,purchase_order_dc_receiver;purchase_order_dc_receiver_line,This identifies the legacy purchase order numbers for backfeeding and integration into P1A and DCS2000 grocery.
on_hand_cost_amt,On Hand Cost Amount,APPROVED,3:Cloud Feeds;9:API Glossary;13:Report Builder,ecomm_inventory,ecomm_inventory,This is the on hand cost amount that is available for an item at a Fulfillment Center (FC). This amount is in Dollars.
on_hand_cost_amt,On Hand Cost AmountEOP,APPROVED,13:Report Builder,ecomm_inventory,,This is the on hand cost amount that is available for an item at a Fulfillment Center (FC). This amount is in Dollars.Note: This metric is the 'End of Period' value for the selected time period: For Example: ‘Friday’ for WMT weeks.
on_hand_cost_amt,On Hand Cost AmountYoY Difference,APPROVED,13:Report Builder,store_sales_&amp,,This is the on hand cost amount that is available for an item at a Fulfillment Center (FC). This amount is in Dollars.Year over year difference for Store on hand cost amount = LY_ON_HAND_COST_AMT - TY_ON_HAND_COST_AMT
on_hand_cost_amt,Store On Hand Cost Amount,APPROVED,3:Cloud Feeds;9:API Glossary;13:Report Builder,custom_datasets;store_sales_&amp,store_item_measures;store_item_measures_(inventory),"This is the on hand cost amount that is available for an item at a Fulfillment Center (FC). This amount is in Dollars.Note: This metric is AVG(), and not SUM(), for selected time period if pulled at Walmart weekly level."
on_hand_cost_amt,Store On Hand Cost Amount EOP,APPROVED,13:Report Builder,store_sales_&amp,,This is the on hand cost amount that is available for an item at a Fulfillment Center (FC). This amount is in Dollars.Note: This metric is the 'End of Period' value for the selected time period: For Example: ‘Friday’ for WMT weeks.
on_hand_cost_amt,Store On Hand Cost Amount YoY Change%,APPROVED,13:Report Builder,custom_datasets,,This is the on hand cost amount that is available for an item at a Fulfillment Center (FC). This amount is in Dollars.Year over year change percentage for Store on hand cost amount = (LY\_ON\_HAND\_COST\_AMT - TY\_ON\_HAND\_COST\_AMT) / LY\_ON\_HAND\_COST\_AMT
on_hand_cost_amt,Store On Hand Cost Amount YoY Difference,APPROVED,13:Report Builder,custom_datasets,,This is the on hand cost amount that is available for an item at a Fulfillment Center (FC). This amount is in Dollars.Year over year difference for Store on hand cost amount = LY\_ON\_HAND\_COST\_AMT - TY\_ON\_HAND\_COST\_AMT
on_hand_qty,Current Clearance On Hand Quantity,APPROVED,13:Report Builder,store_sales_&amp,,The quantity of an item on clearance which is on hand at this store.
on_hand_qty,Current Clearance On Hand Quantity - EOP,APPROVED,13:Report Builder,store_sales_&amp,,The quantity of an item on clearance which is on hand at this store.
on_hand_qty,Current Clearance On Hand Quantity - Last Year,APPROVED,13:Report Builder,,,The quantity of an item on clearance which is on hand at this store.
on_hand_qty,Current Clearance On Hand Quantity - This Year,APPROVED,13:Report Builder,,,The quantity of an item on clearance which is on hand at this store.
on_hand_qty,Current Rollback On Hand Quantity,APPROVED,13:Report Builder,store_sales_&amp,,The quantity of an item on rollback which is on hand at this store.
on_hand_qty,Current Rollback On Hand Quantity - EOP,APPROVED,13:Report Builder,store_sales_&amp,,The quantity of an item on rollback which is on hand at this store.
on_hand_qty,Current Rollback On Hand Quantity - Last Year,APPROVED,13:Report Builder,,,The quantity of an item on rollback which is on hand at this store.
on_hand_qty,Current Rollback On Hand Quantity - This Year,APPROVED,13:Report Builder,,,The quantity of an item on rollback which is on hand at this store.
on_hand_qty,National Replen Instock Percentage,APPROVED,13:Report Builder,,,An items instock value measured across all nodes.This is calculated as On Hand Qty / Forecast Qty at the national level.
on_hand_qty,On Hand Quantity,APPROVED,9:API Glossary,,ecomm_instock_percentage;fc_ecomm_instock_percentage,The quantity of an item which is on hand at this store.
on_hand_qty,Store On Hand Quantity,APPROVED,13:Report Builder,custom_datasets;store_sales_&amp,store_item_measures_(inventory),"The current quantity of merchandise physically at a Walmart store. This value is updated regularly in Walmart’s inventory systems and is used for replenishment, inventory management, and sales forecasting. Store On Hand Quantity reflects the actual count of items present in the store, not including items in transit or at the distribution center. Note: This metric is AVG(), and not SUM(), for selected time period if pulled at Walmart weekly level."
on_hand_qty,Store On Hand Quantity EOP,APPROVED,13:Report Builder,store_sales_&amp,,The quantity of an item which is on hand at this store. Note: This metric is the 'End of Period' value for the selected time period: For Example: ‘Friday’ for WMT weeks.
on_hand_qty,Store Weeks of Supply / Weeks on Hand,APPROVED,13:Report Builder,vendor_scorecard,,"The measure of how many weeks the store on hand inventory quantity, for a particular item, will last given the current average store sales quantity."
on_hand_qty,eComm Node Instock,APPROVED,9:API Glossary,,,"\*\*Supplemental Calculation\*\* eComm Node Instock is a key indicator of stock availability at the node level. To calculate eComm Node Instock, divide the following for each fc\_id/catalog\_item\_idFractional SUM(ON\_HAND\_QTY)/Fractional SUM(FCST\_QTY)"
on_hand_rtl_amt,Current Clearance On Hand Amount - Last Year,APPROVED,13:Report Builder,,,This is the on hand retail amount that is available for a clearance item.This amount is in Dollars.
on_hand_rtl_amt,Current Clearance On Hand Amount - This Year,APPROVED,13:Report Builder,,,This is the on hand retail amount that is available for a clearance item.This amount is in Dollars.
on_hand_rtl_amt,Current Clearance On Hand Retail,APPROVED,13:Report Builder,store_sales_&amp,,This is the on hand retail amount that is available for a clearance item. This amount is in Dollars.
on_hand_rtl_amt,Current Clearance On Hand Retail - EOP,APPROVED,13:Report Builder,store_sales_&amp,,This is the on hand retail amount that is available for a clearance item. This amount is in Dollars.
on_hand_rtl_amt,Current Rollback On Hand Amount - Last Year,APPROVED,13:Report Builder,,,This is the on hand retail amount that is available for a rollback item.This amount is in Dollars.
on_hand_rtl_amt,Current Rollback On Hand Amount - This Year,APPROVED,13:Report Builder,,,This is the on hand retail amount that is available for a rollback item.This amount is in Dollars.
on_hand_rtl_amt,Current Rollback On Hand Retail - EOP,APPROVED,13:Report Builder,store_sales_&amp,,This is the on hand retail amount that is available for a rollback item. This amount is in Dollars.
on_hand_rtl_amt,On Hand Retail Amount,APPROVED,3:Cloud Feeds;9:API Glossary;13:Report Builder,ecomm_inventory,ecomm_inventory,This is the on hand retail amount that is available for an item at a Fulfillment Center (FC). This amount is in Dollars.
on_hand_rtl_amt,On Hand Retail AmountEOP,APPROVED,13:Report Builder,ecomm_inventory,,This is the on hand retail amount that is available for an item at a Fulfillment Center (FC). This amount is in Dollars.Note: This metric is the 'End of Period' value for the selected time period: For Example: ‘Friday’ for WMT weeks.
on_hand_rtl_amt,Store On Hand Retail,APPROVED,13:Report Builder,custom_datasets;store_sales_&amp,store_item_measures_(inventory),The total positive on-hand for that item in Retail Dollars $
on_hand_rtl_amt,Store On Hand Retail - EOP,APPROVED,13:Report Builder,store_sales_&amp,,The total positive on-hand for that item in Retail Dollars $
on_hand_rtl_amt,Store Retail Dollar Inventory,APPROVED,13:Report Builder,vendor_scorecard,,The sum of the retail amount of the inventory (on hand) that is available for an item in store. This amount is shown in dollars.
on_hand_rtl_amt,Store Retail Turns,APPROVED,13:Report Builder,vendor_scorecard,,It is a measure of how often we sell through our onhand inventory in terms of dollars in a year. This is measured in dollars.
on_hand_unavlbl_score_val,On Hand Unavailable Score Value,APPROVED,5:BI Link;9:API Glossary,,digital_transactability,Indicates that the item not available due to demand exceeding on hand quantity.
on_hand_unit_qty,On Hand Unit Quantity,APPROVED,3:Cloud Feeds;9:API Glossary;13:Report Builder,ecomm_inventory,ecomm_inventory,This is the number of units available for an item at a Fulfillment Center (FC).
on_hand_unit_qty,On Hand Unit QuantityEOP,APPROVED,13:Report Builder,ecomm_inventory,,This is the number of units available for an item at a Fulfillment Center (FC).Note: This metric is the 'End of Period' value for the selected time period: For Example: ‘Friday’ for WMT weeks.
on_hand_whpk_cost_amt,On Hand Warehouse Pack Cost Amount,APPROVED,3:Cloud Feeds;9:API Glossary;13:Report Builder,custom_datasets;dc_metrics,dc_item_measures,"The cost of the current year's inventory warehouse pack (on-hand) at this DC. This amount is shown in dollars ($)Note: This metric is AVG(), and not SUM(), for selected time period if pulled at Walmart weekly level."
on_hand_whpk_cost_amt,On Hand Warehouse Pack Cost Amount - Last Year,APPROVED,5:BI Link,,dc_item_measures,"The cost of the current year's inventory warehouse pack (on-hand) at this DC, last year. This amount is shown in dollars ($)"
on_hand_whpk_cost_amt,On Hand Warehouse Pack Cost Amount - This Year,APPROVED,5:BI Link,,dc_item_measures,"The cost of the current year's inventory warehouse pack (on-hand) at this DC, this year. This amount is shown in dollars ($)"
on_hand_whpk_rtl_amt,On Hand Warehouse Pack Sell Amount,APPROVED,3:Cloud Feeds;9:API Glossary;13:Report Builder,custom_datasets;dc_metrics,dc_item_measures,"The dollar amount of the current year inventory warehouse pack (on-hand) at this DC. Calculated as on_hand_whpk_qty * whpk_sell_amt. whpk_sell_amt is the dollar amount a store pays the DC to purchase a warehouse pack of this item for this year. This does not include inbound freight cost and any additional DC charges. It is the value of the warehouse inventory as it is related to how much is charged to the store by the warehouse.Note: This metric is AVG(), and not SUM(), for selected time period if pulled at Walmart weekly level."
on_hand_whpk_rtl_amt,On Hand Warehouse Pack Sell Amount - Last Year,APPROVED,5:BI Link,,dc_item_measures,"The dollar amount of the last year inventory warehouse pack (on-hand) at this DC. Calculated as on_hand_whpk_qty * whpk_sell_amt. whpk_sell_amt is the dollar amount a store pays the DC to purchase a warehouse pack of this item for this year. This does not include inbound freight cost and any additional DC charges. It is the value of the warehouse inventory as it is related to how much is charged to the store by the warehouse.Note: This metric is AVG(), and not SUM(), for selected time period if pulled at Walmart weekly level."
on_hand_whpk_rtl_amt,On Hand Warehouse Pack Sell Amount - This Year,APPROVED,5:BI Link,,dc_item_measures,"The dollar amount of the current year inventory warehouse pack (on-hand) at this DC. Calculated as on_hand_whpk_qty * whpk_sell_amt. whpk_sell_amt is the dollar amount a store pays the DC to purchase a warehouse pack of this item for this year. This does not include inbound freight cost and any additional DC charges. It is the value of the warehouse inventory as it is related to how much is charged to the store by the warehouse.Note: This metric is AVG(), and not SUM(), for selected time period if pulled at Walmart weekly level."
on_hand_whpk_rtl_amt,On Hand Warehouse Pack Sell Amount EOP,APPROVED,13:Report Builder,dc_metrics,,The dollar amount of the current year inventory warehouse pack (on-hand) at this DC. Calculated as on_hand_whpk_qty * whpk_sell_amt. whpk_sell_amt is the dollar amount a store pays the DC to purchase a warehouse pack of this item for this year. This does not include inbound freight cost and any additional DC charges. It is the value of the warehouse inventory as it is related to how much is charged to the store by the warehouse.Note: This metric is the 'End of Period' value for the selected time period: For Example: ‘Friday’ for WMT weeks.
on_order_cost_amt,Cost On Hand,APPROVED,13:Report Builder,vendor_scorecard,,The cost amount of units on a purchase order allocated specifically to the store. This amount is shown in dollars.
on_order_cost_amt,Cost On Order,APPROVED,13:Report Builder,vendor_scorecard,,The cost amount of units on a purchase order allocated specifically to the store. This amount is shown in dollars.
on_order_cost_amt,On Hand Cost Amount YoY Change%,APPROVED,13:Report Builder,store_sales_&amp,,This is the on hand cost amount that is available for an item at a Fulfillment Center (FC). This amount is in Dollars.Year over year change percentage for Store on hand cost amount = (LY_ON_HAND_COST_AMT - TY_ON_HAND_COST_AMT) / LY_ON_HAND_COST_AMT
on_order_cost_amt,On Hand Warehouse Pack Cost Amount EOP,APPROVED,13:Report Builder,dc_metrics,,The cost of the current year's inventory warehouse pack (on-hand) at this DC. This amount is shown in dollars ($)Note: This metric is the 'End of Period' value for the selected time period: For Example: ‘Friday’ for WMT weeks.
on_order_cost_amt,Store Cost Dollar Inventory,APPROVED,13:Report Builder,vendor_scorecard,,The cost amount of the items on hand in store. This amount is shown in dollars.
on_order_cost_amt,Store Cost On Order,APPROVED,13:Report Builder,vendor_scorecard,,The cost amount of units on a purchase order allocated specifically to the store. This amount is shown in dollars.
on_order_cost_amt,Store On Order Cost Amount,APPROVED,3:Cloud Feeds;9:API Glossary;13:Report Builder,custom_datasets;store_sales_&amp,store_item_measures;store_item_measures_(inventory),"The cost amount of units on a purchase order allocated specifically to the store. This amount is shown in dollars.Note: This metric is AVG(), and not SUM(), for selected time period if pulled at Walmart weekly level."
on_order_cost_amt,Store On Order Cost Amount EOP,APPROVED,13:Report Builder,store_sales_&amp,,The cost amount of units on a purchase order allocated specifically to the store. This amount is shown in dollars.Note: This metric is the 'End of Period' value for the selected time period: For Example: ‘Friday’ for WMT weeks.
on_order_cost_amt,Store On Order Cost Amount YoY Change%,APPROVED,13:Report Builder,custom_datasets;store_sales_&amp,,The cost amount of units on a purchase order allocated specifically to the store. This amount is shown in dollars.Year over year change percentage for Store on order cost amount = (LY\_ON\_ORDER\_COST\_AMT - TY\_ON\_ORDER\_COST\_AMT) / LY\_ON\_ORDER\_COST\_AMT
on_order_cost_amt,Store On Order Cost Amount YoY Difference,APPROVED,13:Report Builder,custom_datasets;store_sales_&amp,,The cost amount of units on a purchase order allocated specifically to the store. This amount is shown in dollars.Year over year difference for Store on order cost amount = LY\_ON\_ORDER\_COST\_AMT - TY\_ON\_ORDER\_COST\_AMT
on_order_cost_amt,Warehouse Packs on Order EOP,APPROVED,13:Report Builder,dc_metrics,,The current number of warehouse packs on order on PO (purchase orders) destined to this DC.Note: This metric is the 'End of Period' value for the selected time period: For Example: ‘Friday’ for WMT weeks.
on_order_qty,Store On Order Quantity,APPROVED,13:Report Builder,custom_datasets;store_sales_&amp,store_item_measures_(inventory),"The number of units on a purchase order allocated specifically to the store.Note: This metric is AVG(), and not SUM(), for selected time period if pulled at Walmart weekly level."
on_order_qty,Store On Order Quantity EOP,APPROVED,13:Report Builder,store_sales_&amp,,The number of units on a purchase order allocated specifically to the store.Note: This metric is the 'End of Period' value for the selected time period: For Example: ‘Friday’ for WMT weeks.
on_order_rtl_amt,On Order Retail Amount YoY Change%,APPROVED,13:Report Builder,store_sales_&amp,,The retail value of units on a purchase order allocated specifically to the store.Year over year change percentage for Store On Order Retail Amount = (ly\_on\_order\_rtl\_amt - ty\_on\_order\_rtl\_amt) / ly\_on\_order\_rtl\_amt
on_order_rtl_amt,On Order Retail Amount YoY Difference,APPROVED,13:Report Builder,custom_datasets;store_sales_&amp,,The retail value of units on a purchase order allocated specifically to the store.Year over year difference for Store On Order Retail Amount = ly\_on\_order\_rtl\_amt - ty\_on\_order\_rtl\_amt
on_order_rtl_amt,Store On Order Retail Amount,APPROVED,13:Report Builder,custom_datasets;store_sales_&amp,store_item_measures_(inventory),"The retail value of units on a purchase order allocated specifically to the store.Note: This metric is AVG(), and not SUM(), for selected time period if pulled at Walmart weekly level."
on_order_rtl_amt,Store On Order Retail Amount EOP,APPROVED,13:Report Builder,store_sales_&amp,,The retail value of units on a purchase order allocated specifically to the store.Note: This metric is the 'End of Period' value for the selected time period: For Example: ‘Friday’ for WMT weeks.
on_order_rtl_amt,Store On Order Retail Amount YoY Change%,APPROVED,13:Report Builder,custom_datasets,,The retail value of units on a purchase order allocated specifically to the store.Year over year change percentage for Store On Order Retail Amount = (ly\_on\_order\_rtl\_amt - ty\_on\_order\_rtl\_amt) / ly\_on\_order\_rtl\_amt
on_time_pct,On Time %,APPROVED,13:Report Builder,vendor_scorecard,,On time measures the percentage of cases that arrived within the expected delivery window.Sum (On Time Qty) / Sum (Received qty) \* 100
on_time_pct,On Time Percent,APPROVED,5:BI Link;9:API Glossary;13:Report Builder,omni_otif,omni_otif;otif_(decommissioned),On time measures the percentage of cases that arrived within the expected delivery window.Calculation: (ontime\_vnpk\_qty) /(rcv\_vnpk\_qty\_TO\_USE) \* 100
ontime_charges,On time Charges,APPROVED,5:BI Link;9:API Glossary;13:Report Builder,omni_otif,omni_otif,Amount of on time charges from the Supplier/PO level for admin/business reason.
ontime_non_compliant_qty,On Time Non compliant Quantity,APPROVED,5:BI Link;9:API Glossary;13:Report Builder,omni_otif,omni_otif,This is the number of non-compliant on time vendor packs received (excludes any non-compliant Walmart accountable vendor pack quantities).
ontime_rcv_vnpk_qty,Cases On Time,APPROVED,9:API Glossary,,otif_(decommissioned),The number of vendor packs that arrived on time based on the delivery window expectation. This is used to measure on-time calculations.
ontime_rcv_vnpk_qty,On time Receive Vendor Pack Quantity,APPROVED,5:BI Link;9:API Glossary;13:Report Builder,omni_otif,omni_otif,Number of total vendor pack quantity received for on-time calculation.
ontime_supplier_owned_cogs,Ontime Supplier Owned COGS,APPROVED,5:BI Link;9:API Glossary;13:Report Builder,omni_otif,omni_otif,Cost of goods for prepaid vendor pack quantities not received on time (excludes any non-compliant Walmart accountable vendor pack quantities).
ontime_vnpk_qty,On Time Quantity,APPROVED,9:API Glossary,,otif_(decommissioned),The number of vendor packs ordered from the vendor. This value is set only in one row per PO Line.
ontime_vnpk_qty,On Time Vendor Pack Quantity,APPROVED,5:BI Link;9:API Glossary;13:Report Builder,omni_otif,omni_otif,The number of vendor packs that arrived on time based on the delivery window expectation. This is used to measure on-time calculations.
op_close_dt,Operation Close Date,APPROVED,3:Cloud Feeds;5:BI Link;9:API Glossary,,store_dimensions,The Date the store closed for business.
op_cmpny_cd,Op Company Code,APPROVED,6:Digital Landscapes,,,"Operational Company Code (OP_CMPNY_CD)0: WMT-US (The operational company Walmart in the US geo-region)1: SAMS-US(The operational company SAMSClub in the US geo-region)2: WMT(The operational company Walmart in the WorldWide region)3: SAMS-MX(The operational company SAMSClub in the MX geo-region)4: WMT-K1(The operational company Walmart in the K1 (Central America) geo-region)Note: Although operational company is an atomic column, based on known use cases and for user convenience we chose to populate it as - Operational Company Code(HYPHEN), Geo Region."
op_cmpny_cd,Operational Company Code,APPROVED,3:Cloud Feeds;5:BI Link;9:API Glossary;13:Report Builder,custom_datasets;dc_metrics;ecomm_inventory;modular_plan_metrics;omni_sales;order_forecast;purchase_order;store_demand_forecast;store_markup_and_markdowns;store_sales_&amp,all_traits;coops;dc_alignment;dc_dimensions;dc_item_measures;digital_transactability;ecomm_instock_percentage;ecomm_inventory;ecomm_product_content_score;ecomm_returns;ecomm_subscriptions;fc_ecomm_instock_percentage;future_valid_item;inventory_adjustments;item_affinity;item_attributes;item_dimensions;long_range_store_demand_forecast;modular_plan;modular_plan_upc;modular_traits;modular_upc_location;mtr;mumd;omni_sales;omni_sales_new;oms_po_details;order_demand_forecast;out_of_stock_root_cause;product_dimensions;purchase_order;purchase_order_dc_receiver;purchase_order_dc_receiver_line;purchase_order_line;purchase_order_line_destination;purchase_order_stock_transfer;rfid_on_hand_adjustments;rfid_sku;sales_tender;stock_transfer_purchase_order_cross_reference;store_customer_returns;store_demand_forecast;store_dimensions;store_inventory;store_item_measures;store_item_measures_(inventory);store_modular;store_returns;store_sales;store_sales_new;store_trait;traits;upc_attribution;upc_sales,"Used to differentiate WMT\_US, Sam's, or WMT.com based on international or US.Examples:0 WMT-US The operational company Walmart in the US geo-region.1 SAMS-US The operational company Sam’s Club in the US geo-region.2 WMT The operational company Walmart in the worldwide region.3 SAMS-MX The operational company Sam’s Club in the Mexico geo-region.4 WMT-K1 The operational company Walmart in the Central America geo-region.Note: Although operational company is an atomic column, based on known use cases and for user convenience we chose to populate it as “Operational Company Code” (HYPHEN) “Geo Region”."
open_24_hr_ind,Open 24 HR Indicator,APPROVED,3:Cloud Feeds;5:BI Link;9:API Glossary,,store_dimensions,Indicates if the store is open 24 hours. The values should be 1 or 0.'Y' - Open 24 = 1'N' - Not Open 24 = 0
open_status_cd,Open Status Code,APPROVED,3:Cloud Feeds;5:BI Link;9:API Glossary,,dc_dimensions;store_dimensions,"It gives information for opening stores.Values:0 - scheduled to open1 - new, open less than 13 months2 - new, open 13 months or more3 - scheduled to re-grand open4 - old, less than 13 months since re-grand5 - old, more than 13 months since re-grand6 - scheduled to close7 - closed"
open_status_desc,Open Status Description,APPROVED,3:Cloud Feeds;5:BI Link;9:API Glossary,,dc_dimensions;store_dimensions,"This is the description of the Open Status Code.Values:0 - scheduled to open1 - new, open less than 13 months2 - new, open 13 months or more3 - scheduled to re-grand open4 - old, less than 13 months since re-grand5 - old, more than 13 months since re-grand6 - scheduled to close7 - closed"
open_sun_ind,Open Sunday Indicator,APPROVED,3:Cloud Feeds;5:BI Link;9:API Glossary;13:Report Builder,custom_datasets;modular_plan_metrics;order_forecast;purchase_order;store_demand_forecast;store_markup_and_markdowns;store_sales_&amp,store_dimensions,Identifies a Walmart store as being open for business on Sunday.
orc_auth_dt,Office Of Regulatory Compliance Authorize Date,APPROVED,3:Cloud Feeds;5:BI Link;9:API Glossary;13:Report Builder,purchase_order,oms_po_details;purchase_order,This is the date on which the Office of Regulatory Compliance (ORC) has approved the quote ship schedule data. (Used for Mexico Imports Only)
orc_rcv_dt,Office Of Regulatory Compliance Receive Date,APPROVED,3:Cloud Feeds;5:BI Link;9:API Glossary;13:Report Builder,purchase_order,oms_po_details;purchase_order,This is the date on which the Office of Regulatory Compliance (ORC) has received the quote ship schedule data. (Used for Mexico Imports Only)
order_bus_fmt_cd,Ordering Business Format Code,APPROVED,3:Cloud Feeds;5:BI Link;9:API Glossary;13:Report Builder,purchase_order,oms_po_details;purchase_order,"Identifies the store format for the merchandise according to the import system. These codes and descriptions are maintained in the import system of record.Examples:Walmart Supercenter, Walmart.com, Samsclub.com, Bodega, etc.1 - Sams5 - WALMART/SC8 - WALMART.COM10 - SAMS.COM21 - SAMS - CONSOL22 - SAMS.COM - CONSOL"
order_bus_fmt_desc,Ordering Business Format Description,APPROVED,3:Cloud Feeds;5:BI Link;9:API Glossary;13:Report Builder,purchase_order,oms_po_details;purchase_order,"Identifies the store format for the merchandise according to the import system. These codes and descriptions are maintained in the import system of record.Examples:Walmart Supercenter, Walmart.com, Samsclub.com, Bodega, etc.1 - Sams5 - WALMART/SC8 - WAL-MART.COM10 - SAMS.COM21 - SAMS - CONSOL22 - SAMS.COM - CONSOL"
order_chnl_nm,Order Channel Name,APPROVED,3:Cloud Feeds;5:BI Link;9:API Glossary;13:Report Builder,omni_sales,omni_sales;omni_sales_new,"The channel through which the order is placed, or sale is initiated. Examples: Store or eComm."
order_dept_nbr,Order Department Number,APPROVED,3:Cloud Feeds;5:BI Link;9:API Glossary;13:Report Builder,purchase_order,oms_po_details;purchase_order_line,Used to order and replenish items of merchandise. The order department may or may not be the same as the accounting department. Some departments have more than one order department per accounting department.
order_dt,Order Date,APPROVED,3:Cloud Feeds;5:BI Link;9:API Glossary;13:Report Builder,omni_otif;purchase_order,omni_otif;oms_po_details;otif_(decommissioned);purchase_order;purchase_order_line,Date when the PO was ordered and transmitted to the supplier via the EDI (Electronic Data Interchange) system.
order_each_qty,Order Each Quantity,APPROVED,3:Cloud Feeds;5:BI Link;9:API Glossary;13:Report Builder,order_forecast;purchase_order,oms_po_details;order_demand_forecast;purchase_order_line,"Units ordered, derived from vendor pack order quantity and vendor pack qty."
order_grp_id,Order Group ID,APPROVED,3:Cloud Feeds;5:BI Link;9:API Glossary;13:Report Builder,purchase_order,oms_po_details;purchase_order_alloc_order;purchase_order_line,It is an Identifier/Nbr which serves two purposes: \- In Order Well this is used for Crossdock DA Channel methods to connect the order well distribution allocation with the PO Line to serve the legacy connection\- In PO this is used to start grouping the Order Requests into PO Lines that can be on the same PO
order_line_nbr,Order Line Number,APPROVED,9:API Glossary,,ecomm_subscriptions,"A Walmart-only integer ID for a line within an order. For most-channels, each line is an individual unit within an order, meaning if a customer orders 2 units of one item, each unit will be a separate line. However, for OG, photo, and maybe some other channels, there will be multiple-unit lines (aka multi-quantity)."
order_nbr,Order Number,APPROVED,9:API Glossary,,ecomm_subscriptions,"A unique identifier for a customer order. For Walmart, this is the sales order group number (sales\_order\_grp\_nbr). For Walmart sales 2016 and prior, if an order contained items from multiple sellers, the sales order number was unique to a seller and one of the sales order numbers was the sales order group number. Since the change in 2016, the sales order number is the sales order group number."
order_ofc_id,Order Office Identifier,APPROVED,3:Cloud Feeds;5:BI Link;9:API Glossary;13:Report Builder,purchase_order,oms_po_details;purchase_order;purchase_order_stock_transfer;stock_transfer_purchase_order_cross_reference,This is the purchasing office which creates the Purchase Order.
order_place_dt,Order Place Date,APPROVED,9:API Glossary;13:Report Builder,order_forecast,order_demand_forecast,The date that the order should be placed with the vendor.
order_plcd_dt,Order Placed Date,APPROVED,5:BI Link;9:API Glossary,,ecomm_subscriptions;order_demand_forecast,The date that the order should be placed with the vendor.
order_sizng_fctr_qty,Order Sizing Factory Quantity,APPROVED,3:Cloud Feeds;5:BI Link;9:API Glossary;13:Report Builder,custom_datasets;dc_metrics;ecomm_sales;modular_plan_metrics;omni_otif;omni_sales;order_forecast;purchase_order;store_demand_forecast;store_markup_and_markdowns;store_sales_&amp,item_attributes;item_dimensions,"A trade item specification other than gross, net weight, or cubic feet for a line trade item or a transaction, used for order sizing and pricing purposes"
order_type_cd,Order Type Code,APPROVED,3:Cloud Feeds;5:BI Link;9:API Glossary;13:Report Builder,purchase_order,oms_po_details;purchase_order_alloc_order,The code which denotes the type of order. Example: 8
order_vnpk_qty,Order Vendor Pack Quantity,APPROVED,5:BI Link;9:API Glossary;13:Report Builder,omni_otif,omni_otif,"The number of vendor packs ordered from the vendor, used to evaluate OTIF (On Time In Full)compliance. This value is set only in one row per PO Line, see definition of First Row of PO Line"
order_vnpk_qty,Ordered Vendor Pack Qty,APPROVED,9:API Glossary,,otif_(decommissioned),Supplier Pack Order Quantity that was ordered and will be delivered to a specific Walmart Destination as specified for a specific PO Item Line. The number of vendor packs ordered from the vendor.
order_vnpk_qty,Ordered Vendor Pack Quantity,APPROVED,3:Cloud Feeds;9:API Glossary;13:Report Builder,purchase_order,purchase_order_line;purchase_order_line_destination,Supplier Pack Order Quantity that was ordered and will be delivered to a specific Walmart Destination as specified for a specific PO Item Line.
order_vnpk_qty_to_use,Adjusted Cases Ordered,APPROVED,9:API Glossary,,otif_(decommissioned),"The number of vendor packs ordered from the vendor, used to evaluate OTIF (On Time In Full) compliance. This value is set only in one row per PO Line (see definition of First Row of PO Line)."
order_vnpk_qty_to_use,Order Vendor Pack Quantity To Use,APPROVED,5:BI Link;9:API Glossary;13:Report Builder,omni_otif,omni_otif,"The number of vendor packs ordered from the vendor, used to evaluate OTIF (On Time In Full)compliance. This value is set only in one row per PO Line, see definition of First Row of PO Line"
order_whpk_qty,Ordered Warehouse Quantity,APPROVED,3:Cloud Feeds;9:API Glossary,,purchase_order_line;purchase_order_line_destination,The number of warehouse packs ordered.
order_whpk_qty,Warehouse Packs on Order,APPROVED,13:Report Builder,custom_datasets;dc_metrics;purchase_order,,The number of warehouse packs ordered.
org_nm,Organization Name,APPROVED,13:Report Builder,bottle_deposit,,Name of the organization.
orig_must_arrive_dt,Original MABD,APPROVED,9:API Glossary,,otif_(decommissioned),Represents the original MABD when the PO was created. It is not limited to GRS but could be a manual PO created in OMS and was changed again.
orig_must_arrive_dt,Original Must Arrive By Date,APPROVED,3:Cloud Feeds;5:BI Link;9:API Glossary;13:Report Builder,omni_otif;purchase_order,omni_otif;oms_po_details;purchase_order,Represents the original MABD when the PO was created. It is not limited to GRS but could be a manual PO created in OMS and was changed again.
orig_order_vnpk_qty,Original Cases Ordered,APPROVED,9:API Glossary,,otif_(decommissioned),"The number of vendor packs, originally ordered from the vendor. This value is set only in one row per PO Line (see definition of First Row of PO Line)."
orig_order_vnpk_qty,Original Vendor Pack Quantity,APPROVED,5:BI Link;9:API Glossary;13:Report Builder,omni_otif,omni_otif,The number of vendor packs received in excess of order quantity. This value is set only in one row per PO Line.
orig_upc_nbr,Original UPC Number,APPROVED,9:API Glossary,,ecomm_subscriptions,"The Universal Product Code (UPC) number for the item at the time of the transaction. Fresh produce items in particular have many UPCs from different suppliers - for these items, upc_orig will be the actual UPC ordered or fulfilled. If fulfilled UPC is different than the UPC on the original order, the original line is cancelled and a new line is recreated."
orig_whpk_sell_amt,Original Warehouse Pack Sell Amount,APPROVED,3:Cloud Feeds;5:BI Link;9:API Glossary;13:Report Builder,purchase_order,oms_po_details;purchase_order_alloc_order,The average cost for the item at the Distribution Center at the time of creation of the transfer which doesn't involve any shipment charges.
orign_cntry_cd,Original Country Code,APPROVED,3:Cloud Feeds;5:BI Link;9:API Glossary;13:Report Builder,purchase_order,oms_po_details;purchase_order,This represents the original MABD when the PO was created. It is not limited to GRS but could be a manual PO created in OMS and was changed again.
orign_cntry_cd_array,Origin Country Code,APPROVED,13:Report Builder,dc_metrics;modular_plan_metrics;omni_otif;order_forecast;store_demand_forecast;store_markup_and_markdowns;store_sales_&amp,,It is the code corresponding to the country where an item was manufactured.
osa_supplier_id,OSA Supplier ID,APPROVED,3:Cloud Feeds;5:BI Link;9:API Glossary,,item_attributes;item_dimensions,Unique number assigned to each Walmart Vendor.
other_og_ind,Other Online Grocery,APPROVED,2:Customer Perception,,,Indicates Panelist used other online grocery service
other_rsn_not_elig_ind,Other Reason Not Eligible Indicator,APPROVED,5:BI Link;9:API Glossary,,digital_transactability,Indicates that the item is not published due to other eligibility reasons. Values are 0 and 1.
other_rsn_not_pub_ind,Other Reason Not Publish Indicator,APPROVED,5:BI Link;9:API Glossary,,digital_transactability,Indicates that the item is not published due to other publishing reasons. Values are 0 and 1.
other_rsn_unavlbl_score_val,Other Reasons Unavailable Score Value,APPROVED,5:BI Link;9:API Glossary,,digital_transactability,The percent of the current day that the item was unavailable to sell due to undefined cases setting ATS (Available to Sale) equal to zero.
otif_mabd_dt,OTIF Mabd Date,APPROVED,3:Cloud Feeds;5:BI Link;9:API Glossary;13:Report Builder,purchase_order,oms_po_details;purchase_order,This is the date On Time In Full (OTIF) is to use for systemic generated purchase orders (PO).
otif_pct,OTIF %,APPROVED,13:Report Builder,vendor_scorecard,,Percentage of cases that arrived on MABD (or one day before MABD in case of certain SBUs).(On Time Qty / Adjusted Cases Ordered) * 100
otif_pct,OTIF Percent,APPROVED,5:BI Link;9:API Glossary;13:Report Builder,omni_otif,omni_otif;otif_(decommissioned),Percentage of cases that arrived on MABD (or one day before MABD in case of certain SBUs).Calculation: (ontime_vnpk_qty) / (order_vnpk_qty_to_use) * 100
outs_case_qty,Out of Stock Case Quantity - Last Year,APPROVED,5:BI Link,,dc_item_measures,"Outs case qty refers to out of stock case quantity - the case quantity which the DC was not able to ship to the store due to insufficient on-hand qty, last year."
outs_each_qty,Out of Stock Each Quantity,APPROVED,3:Cloud Feeds;9:API Glossary;13:Report Builder,custom_datasets;dc_metrics,dc_item_measures,"This year's out of stock quantity, which the DC was not able to ship to the store.Note: This metric is AVG(), and not SUM(), for selected time period if pulled at Walmart weekly level."
outs_each_qty,Out of Stock Each Quantity - Last Year,APPROVED,5:BI Link,,dc_item_measures,"Last year's out of stock quantity, which the DC was not able to ship to the store"
outs_each_qty,Out of Stock Each Quantity - This Year,APPROVED,5:BI Link,,dc_item_measures,"This year's out of stock quantity, which the DC was not able to ship to the store"
outs_each_qty,Out of Stock Each Quantity EOP,APPROVED,13:Report Builder,dc_metrics,,"This year's out of stock quantity, which the DC was not able to ship to the store.Note: This metric is the 'End of Period' value for the selected time period: For Example: ‘Friday’ for WMT weeks."
over_short_actn_cd,Over Short Action Code,APPROVED,3:Cloud Feeds;5:BI Link;9:API Glossary;13:Report Builder,purchase_order,oms_po_details;purchase_order_dc_receiver_line,The code that denotes the action to be taken for overages or shortages of merchandise that was included in the Distribution Center receiving.
over_whpk_qty,Over Warehouse Pack Quantity,APPROVED,3:Cloud Feeds;5:BI Link;9:API Glossary;13:Report Builder,purchase_order,oms_po_details;purchase_order_dc_receiver;purchase_order_dc_receiver_line,"The quantity of merchandise, shipped in warehouse packs, that exceed the quantity recorded on the bill of lading."
overfilled_vnpk_qty,Cases Overfilled,APPROVED,5:BI Link;9:API Glossary;13:Report Builder,omni_otif,omni_otif;otif_(decommissioned),This metric represents the number of vendor packs received in excess of the original order quantity for a specific purchase order (PO) line. This value is recorded only in one row per PO line.
overfilled_vnpk_qty,Overfilled Vendor Pack Quantity,APPROVED,13:Report Builder,,,The number of vendor packs received in excess of order quantity. This value is set only in one row per PO Line.
ovrl_score_nbr,Overall Score Number,APPROVED,9:API Glossary,,ecomm_product_content_score,The calculated metric to get an overall score. Calculated as = wt_qty * score_nbr
own,Ownership,APPROVED,5:BI Link;9:API Glossary;13:Report Builder,omni_otif,omni_otif,"Indicates the OTIF (On Time in Full) accountability ownership associated with non-compliant vendor pack quantities within the PO (Walmart, Supplier)."
own_repl_ind,Current Replenishment Flag,APPROVED,3:Cloud Feeds;5:BI Link;9:API Glossary;13:Report Builder,ecomm_inventory;ecomm_sales;omni_sales,product_dimensions,1/0 flag denoting whether the SKU is replenishable from owned vendor(s). Replen means the items could be ordered on a regular basis to keep it in-stock.
pallet_hi_qty,Pallet HI Quantity,APPROVED,3:Cloud Feeds;5:BI Link;9:API Glossary;13:Report Builder,custom_datasets;dc_metrics;ecomm_sales;modular_plan_metrics;omni_otif;omni_sales;order_forecast;purchase_order;store_sales_&amp,item_attributes;item_dimensions;oms_po_details;purchase_order_alloc_order;purchase_order_line,"The supplier pallet information, such as the number of layers on a pallet. TI and HI are used for traffic planning (shipping) and slotting merchandise in the warehouse. Note: In grocery, both the TI and HI can vary by Distribution Center (DC)."
pallet_hi_qty,Pallet Height Quantity,APPROVED,13:Report Builder,store_demand_forecast;store_markup_and_markdowns,,"The supplier pallet information, such as the number of layers on a pallet. TI and HI are used for traffic planning (shipping) and slotting merchandise in the warehouse. Note: In grocery, both the TI and HI can vary by Distribution Center (DC)."
pallet_kept_qty,Pallet Kept Quantity,APPROVED,3:Cloud Feeds;5:BI Link;9:API Glossary;13:Report Builder,purchase_order,oms_po_details;purchase_order_dc_receiver,The number of physical pallets that were kept at the DC and not returned to the carrier.
pallet_rnd_pct,Pallet Rounding Percent,APPROVED,3:Cloud Feeds;5:BI Link;9:API Glossary,,item_attributes;item_dimensions,"The Vendor Order Rounding Percent represents the percentage of a full warehouse pallet that will trigger a full pallet pull. Example: If Rounding % is 75% and the store order is 80%, the store will receive a full pallet of merchandise. If the store order is 60% then the store will receive only 60% of the pallet. The valid range is 1 to 100%. The Default for Grocery items in a Grocery DC is 100%"
pallet_size_cd,Pallet Size Code,APPROVED,3:Cloud Feeds;5:BI Link;9:API Glossary,,item_attributes;item_dimensions,"Indicates if vendor pallet is large or small. Valid values: L - Large, S - Small (size Large is 4' X 4' and Small is 3' X 3')"
pallet_ti_qty,Pallet TI Quantity,APPROVED,3:Cloud Feeds;5:BI Link;9:API Glossary;13:Report Builder,custom_datasets;dc_metrics;modular_plan_metrics;omni_otif;omni_sales;order_forecast;purchase_order;store_demand_forecast;store_markup_and_markdowns;store_sales_&amp,item_attributes;item_dimensions;oms_po_details;purchase_order_alloc_order;purchase_order_line,This is vendor pallet information. The number of vendor cases per layer on a pallet (tier on a pallet). Ti and Hi are used for traffic planning (shipping) and slotting merchandise in the warehouse. This tells the unloader how to stack each item on a pallet.
pallet_upc_fmt_cd,Pallet UPC Format Code,APPROVED,3:Cloud Feeds;5:BI Link;9:API Glossary,,item_attributes;item_dimensions,Identifies which type of UPC format is used for the pallet UPC.Examples:1 - EAN-8 2 - UPC-12 3 - EAN-13 4 - UPC-13 5 - EAN-14
pallet_upc_fmt_desc,Pallet UPC Format Description,APPROVED,3:Cloud Feeds;5:BI Link;9:API Glossary,,item_attributes;item_dimensions,Textual description of the UPC format.
pallet_upc_nbr,Pallet UPC Number,APPROVED,3:Cloud Feeds;5:BI Link;9:API Glossary;13:Report Builder,custom_datasets;dc_metrics;ecomm_sales;modular_plan_metrics;omni_otif;omni_sales;order_forecast;purchase_order;store_demand_forecast;store_markup_and_markdowns;store_sales_&amp,item_attributes;item_dimensions,The standardized shipping container code for pallets.
panelist_chld_under_18,Children in Household,APPROVED,2:Customer Perception,,,Indicates if there are children living in your household
panelist_chld_under_18_cnt,Number of Children in Household,APPROVED,2:Customer Perception,,,Indicates children counts under age 18 in Panelist's household
panelist_cnfd_agmnt,Panelist Confidentiality Agreement,APPROVED,2:Customer Perception,,,Indicates Panelist's acceptance to confidentiality agreement
panelist_hh_cnt,Dollar General Employee,APPROVED,2:Customer Perception,,,Panelist is associated with Dollar General
panelist_id,Panelist ID,APPROVED,2:Customer Perception,,,Unique panelist ID generated for Spark Application
panelist_income2,Panelist Income Range,APPROVED,2:Customer Perception,,,Panelist income range
panelist_prod_prch_rspbl,Panelist Purchase Responsibility,APPROVED,2:Customer Perception,,,Describes Panelist responsibility in making decisions about the products to purchase for your household
panelist_region,Panelist Region,APPROVED,2:Customer Perception,,,Panelist Region
panelist_tot_hh_income,Panelist Total HH Income,APPROVED,2:Customer Perception,,,Panelist's total household income last year before taxes
paper_wood_ind,Paper Wood Indicator,APPROVED,3:Cloud Feeds;5:BI Link;9:API Glossary;13:Report Builder,ecomm_inventory;ecomm_sales;omni_sales,product_dimensions,"Paper/Wood Indicator displays a value = ""Y""(yes) or ""N""(no) identifying if the item or its packaging is made from wood or paper."
parent_cmpny_nm,Parent Company Name,APPROVED,6:Digital Landscapes;13:Report Builder,store_sales_&amp,,Parent Company NameThe name of the company that holds the majority ownership in a sub-unit or subsidiary.
pay_from_scan_ind,Pay From Scan Indicator,APPROVED,3:Cloud Feeds;5:BI Link;9:API Glossary;13:Report Builder,purchase_order,oms_po_details;purchase_order_line,This indicates if a Supplier Agreement is a pay_from_scan. This is mainly for vendor managed items.
peapod_og_ind,Peapod Online Grocery,APPROVED,2:Customer Perception,,,Indicates if panelist uses Peapod Online Grocery
perfm_ratg_cd,Performance Rating Code,APPROVED,3:Cloud Feeds;5:BI Link;9:API Glossary;13:Report Builder,custom_datasets;dc_metrics;ecomm_sales;modular_plan_metrics;omni_otif;omni_sales;order_forecast;purchase_order;store_demand_forecast;store_markup_and_markdowns;store_sales_&amp,item_attributes;item_dimensions,"The Performance Rating, also known as Order Book Stars, assigns a ""star"" ranking from 1 to 3 on replenishable merchandise that reflects the desired service level for an item. A higher ranking will bring focus to critical image items. If an item has a performance level of 3, the system will not allow the store to drop it from a modular. A performance level of 0 indicates no rating."
perfm_ratg_desc,Performance Rating Description,APPROVED,3:Cloud Feeds;5:BI Link;9:API Glossary;13:Report Builder,custom_datasets;dc_metrics;ecomm_sales;modular_plan_metrics;omni_otif;omni_sales;order_forecast;purchase_order;store_demand_forecast;store_markup_and_markdowns;store_sales_&amp,item_attributes;item_dimensions,Textual description of the Performance Rating.
pesticide_ind,Pesticide Indicator,APPROVED,3:Cloud Feeds;5:BI Link;9:API Glossary;13:Report Builder,ecomm_inventory;ecomm_sales;omni_sales,product_dimensions,"Pesticide Indicator displays a value = ""Y""(yes) or ""N""(no) identifying if the item does contain advertising or labeling that the item will kill, repel, or prevent the growth of any living organism. Used to determine if an Item is a Hazardous Waste if disposed."
pet_cat,Cat Ownership,APPROVED,2:Customer Perception,,,Indicates is Panelist owns a cat
pet_dog,Dog Ownership,APPROVED,2:Customer Perception,,,Indicates if Panelist owns a dog
pet_fish,Fish Ownership,APPROVED,2:Customer Perception,,,Indicates is Panelist owns fish
pet_none,No Pets,APPROVED,2:Customer Perception,,,Indicates Panelist does not have any pets
pet_other,Other Pet Ownership,APPROVED,2:Customer Perception,,,Indicates Panelist has other pet types
pet_reptile,Reptile Ownership,APPROVED,2:Customer Perception,,,Indicates if Panelist owns a reptile
pet_rodent,Rodent Ownership,APPROVED,2:Customer Perception,,,Indicates is panelist owns a rodent
ph_nbr,Phone Number,APPROVED,3:Cloud Feeds;5:BI Link;9:API Glossary;13:Report Builder,custom_datasets;modular_plan_metrics;order_forecast;purchase_order;store_demand_forecast;store_markup_and_markdowns;store_sales_&amp,store_dimensions,The main contact phone number for the store.
pick_po_ind,Pick Purchase Order Indicator,APPROVED,3:Cloud Feeds;5:BI Link;9:API Glossary;13:Report Builder,purchase_order,oms_po_details;purchase_order,This is to differentiate the Sam’s Pick purchase order (PO) from a regular supplier Sam’s PO for Grocery. Sam’s Pick PO is a dummy PO for sending to distribution center (DC) to let them know which clubs to send the product to from DC.
pick_send_note_ind,Pick Send Note Indicator,APPROVED,3:Cloud Feeds;5:BI Link;9:API Glossary;13:Report Builder,purchase_order,oms_po_details;purchase_order_stock_transfer,"The indicator which denotes the pick was Send To ""From-DC"", to eliminate duplication from outbound in case the end-of-batch is run multiple times for a batch, etc. Examples: Y or N"
pid,PID,APPROVED,2:Customer Perception,,,Panel id for a user like 'US' or 'Canada' . **Currently we only support US.
pipeline_qty,Store Pipeline Quantity,APPROVED,13:Report Builder,custom_datasets;store_sales_&amp,store_item_measures_(inventory),"This is a calculation: sum of (On hand Qty + On Order Qty + In Transit Qty + In Warehouse Qty).Note: This metric is AVG(), and not SUM(), for selected time period if pulled at Walmart weekly level."
pipeline_qty,Store Pipeline Quantity EOP,APPROVED,13:Report Builder,store_sales_&amp,,This is a calculation: sum of (On hand Qty + On Order Qty + In Transit Qty + In Warehouse Qty).Note: This metric is the 'End of Period' value for the selected time period: For Example: ‘Friday’ for WMT weeks.
place_of_possession_cd,Place Of Possession Code,APPROVED,3:Cloud Feeds;5:BI Link;9:API Glossary;13:Report Builder,purchase_order,oms_po_details;purchase_order,Identifies the place where the possession of the merchandise will transfer to the import company. These codes and descriptions are maintained in the import system of record.Examples:-Port of Destination (Port of Discharge)-Port of Shipment (Port of Loading)-Walmart Distribution Center-OTHER (Will be user-entered free form text in the place of possession description in this case)
place_of_possession_desc,Place Of Possession Description,APPROVED,3:Cloud Feeds;5:BI Link;9:API Glossary;13:Report Builder,purchase_order,oms_po_details;purchase_order,This describes the place where the possession of the merchandise will transfer to the import company. This can be from a selection or free form text entered by the users.
planogram_key_id,Planogram Key Identifier,APPROVED,3:Cloud Feeds;5:BI Link;9:API Glossary;13:Report Builder,custom_datasets;modular_plan_metrics,modular_plan_upc,This is the Category Knowledge Base identifier of the mini floorplan planogram.
platform_id,Platform Id,APPROVED,6:Digital Landscapes,,,Platform ID
plcd_orig_qty,Placed Original Quantity,APPROVED,9:API Glossary,,ecomm_subscriptions,"The original ordered quantity from the customer. If a customer amends their order, plcd_qty will change but the original quantity that they ordered will remain here."
plcd_qty,Placed Quantity,APPROVED,9:API Glossary,,ecomm_subscriptions,"The quantity of items placed in an order. For most Walmart channels, each unit gets its own line so Placed Quantity will be 1 and there will be multiple lines if a customer purchases multiple units. However OG, photo, etc. have 'multi-quantity' data and units will be aggregated into one line."
plnr_rpt_postn_id,Planner Reporting Position ID,APPROVED,3:Cloud Feeds;5:BI Link;9:API Glossary,,item_attributes;item_dimensions,Represents a planner reporting job position.
plu_nbr,Price Look Up Number,APPROVED,3:Cloud Feeds;5:BI Link;9:API Glossary;13:Report Builder,custom_datasets;dc_metrics;ecomm_sales;modular_plan_metrics;omni_otif;omni_sales;order_forecast;purchase_order;store_demand_forecast;store_markup_and_markdowns;store_sales_&amp,item_attributes;item_dimensions,This is utilized through the weighing system either through the scales at the back or at the front registers. The price is set by the weight of the item.
po_alloc_rsrv_nbr,Purchase Order Allocation Reserve Number,APPROVED,3:Cloud Feeds;5:BI Link;9:API Glossary;13:Report Builder,purchase_order,oms_po_details;purchase_order,The number of Purchase Orders reserved for DC (distribution center) processes.
po_chng_rsn_cd,Purchase Order Change Reason Code,APPROVED,3:Cloud Feeds;5:BI Link;9:API Glossary;13:Report Builder,purchase_order,oms_po_details;purchase_order_alloc_order,"The code which identifies the reasons for the creation or change to the Purchase Orders. Examples: 1, 2, 3, 4, 5"
po_close_dt,Purchase Order Close Date,APPROVED,3:Cloud Feeds;5:BI Link;9:API Glossary;13:Report Builder,purchase_order,oms_po_details;purchase_order,The date and time which the PO was closed.
po_create_ts,Purchase Order Created Timestamp,APPROVED,3:Cloud Feeds;5:BI Link;9:API Glossary;13:Report Builder,purchase_order,oms_po_details;purchase_order,The date and time the PO is created as draft or active.
po_dest_create_dt,Purchase Order Destination Create Date,APPROVED,3:Cloud Feeds;5:BI Link;9:API Glossary;13:Report Builder,purchase_order,oms_po_details;purchase_order_line_destination,Date that row is created as active.Format: YYYY-MM-DD
po_dest_create_ts,Purchase Order Destination Create Timestamp,APPROVED,3:Cloud Feeds;5:BI Link;9:API Glossary;13:Report Builder,purchase_order,oms_po_details;purchase_order_line_destination,Date and time that row is created as active.Example: 2021-02-21 11:36:29.060
po_dest_status_cd,Purchase Order Destination Status Code,APPROVED,3:Cloud Feeds;5:BI Link;9:API Glossary;13:Report Builder,purchase_order,oms_po_details;purchase_order_line_destination,The current status code of the PO Item Line Destination.Examples:800 - Active200 - Draft
po_dest_status_desc,Purchase Order Destination Status Description,APPROVED,5:BI Link;9:API Glossary;13:Report Builder,purchase_order,oms_po_details;purchase_order_line_destination,The current status code descriptions of the PO Item Line Destinations. Examples:800 - Active200 - Draft
po_dest_status_desc,Purchase Order Destination Status Destination,APPROVED,3:Cloud Feeds,,,The current status code descriptions of the PO Item Line Destinations. E.g.:800 - Active200 - Draft
po_edit_status,PO Edit Status,APPROVED,5:BI Link;9:API Glossary;13:Report Builder,omni_otif,omni_otif,Gives historical edit status of that PO in terms of Cancellation and MABD (Must Arrive by Date).
po_event_abbr,Purchase Order Event Code,APPROVED,5:BI Link;9:API Glossary;13:Report Builder,omni_otif,omni_otif;otif_(decommissioned),Event description associated with PO.
po_event_abbr,Purchase Order Event Number,APPROVED,3:Cloud Feeds;5:BI Link;9:API Glossary;13:Report Builder,purchase_order,oms_po_details;purchase_order_line,Event description associated with PO.
po_line_create_ts,Purchase Order Line Create Time Stamp,APPROVED,3:Cloud Feeds;5:BI Link;9:API Glossary;13:Report Builder,purchase_order,oms_po_details;purchase_order_line,This is the date and time that the row is created as active.
po_line_edit_cd_desc,PO Line Edit Code Description,APPROVED,5:BI Link;9:API Glossary;13:Report Builder,omni_otif,omni_otif,Gives historical edit code description of that PO Line in terms of Cancellation and Order Quantity.
po_line_edit_status,PO Line Edit Status,APPROVED,5:BI Link;9:API Glossary;13:Report Builder,omni_otif,omni_otif,Gives historical edit status of that PO Line in terms of Cancellation and Order Quantity.
po_line_status_cd,Purchase Order Line Status Code,APPROVED,3:Cloud Feeds;9:API Glossary;13:Report Builder,purchase_order,purchase_order_line,Coded value that uniquely identifies the lifecycle states of a purchase order line.
po_line_status_desc,Purchase Order Line Status Description,APPROVED,3:Cloud Feeds;5:BI Link;9:API Glossary;13:Report Builder,purchase_order,oms_po_details;purchase_order_line,The current status of the PO Item Line.
po_lock_type_cd,Purchase Order Lock Type Code,APPROVED,3:Cloud Feeds;5:BI Link;9:API Glossary;13:Report Builder,purchase_order,oms_po_details;purchase_order,"This indicates if the purchase order (PO) maintenance screens are locked out of updating POs. For example, import POs will set this to Y to force buyers to update the PO correctly.0 - Unlock1 - Confirmed2 - Lock3 - Lock Cost4 - Pre-Reserve"
po_lock_type_desc,Purchase Order Lock Type Description,APPROVED,3:Cloud Feeds;5:BI Link;9:API Glossary;13:Report Builder,purchase_order,oms_po_details;purchase_order,"This indicates if the purchase order (PO) maintenance screens are locked out of updating POs. For example, import POs will set this to Y to force buyers to update the PO correctly.0 - Unlock1 - Confirmed2 - Lock3 - Lock Cost4 - Pre-Reserve"
po_manl_create_ind,Manual PO Flag,APPROVED,9:API Glossary,,otif_(decommissioned),The indicator which denotes if the order is manually created.
po_manl_create_ind,PO Manual Create Indicator,APPROVED,5:BI Link;9:API Glossary;13:Report Builder,omni_otif,omni_otif,The indicator which denotes if the order is manually created.
po_nbr,Purchase Order Number,APPROVED,3:Cloud Feeds;9:API Glossary;13:Report Builder,purchase_order,purchase_order,The Walmart defined purchase order number.
po_status_cd,Purchase Status Code,APPROVED,3:Cloud Feeds;5:BI Link;9:API Glossary;13:Report Builder,purchase_order,oms_po_details;purchase_order,"The Purchase Order status:\- Draft: A PO has been saved, but not submitted. For VMI PO Numbers that are assigned to a vendor but have not been utilized or archived.\- Active: If a PO has been submitted, and any PO line is in ""Quality Hold"", ""Waiting for Approval"", ""Approved"", ""Partial Received"", or ""Received"" status.\- Closed: If all PO lines are in ""Received"" and/or a ""Cancelled"" status.\- Cancelled: The purchase order is cancelled. No quantity has been received for a PO line; the PO line can be cancelled. If all PO lines are in ""Cancelled"" Status, then the PO can be cancelled.\- Settled: If all PO lines are in ""Settled"" or a combination of ""Settled"" and ""Cancelled"" status."
po_status_desc,Purchase Status Description,APPROVED,3:Cloud Feeds;5:BI Link;9:API Glossary;13:Report Builder,purchase_order,oms_po_details;purchase_order,"Description of the Purchase status:\- Draft: A PO has been saved, but not submitted. For VMI PO Numbers that are assigned to a vendor but have not been utilized or archived.\- Active: If a PO has been submitted, and any PO line is in ""Quality Hold"", ""Waiting for Approval"", ""Approved"", ""Partial Received"", or ""Received"" status.\- Closed: If all PO lines are in ""Received"" and/or a ""Cancelled"" status.\- Cancelled: The purchase order is cancelled. No quantity has been received for a PO line; the PO line can be cancelled. If all PO lines are in ""Cancelled"" Status, then the PO can be cancelled.\- Settled: If all PO lines are in ""Settled"" or a combination of ""Settled"" and ""Cancelled"" status."
po_type_cd,PO Type Code,APPROVED,5:BI Link;9:API Glossary;13:Report Builder,omni_otif;purchase_order,omni_otif;stock_transfer_purchase_order_cross_reference,Unique number for a type of Purchase Order (PO).Examples:3 - GENERAL DISTRIBUTION 5 - GENERAL CONSOLIDATOR 7 - GENERAL SHIP BILL 10 - WPM REGULAR 12 - WPM SEASONAL/STORAGE 14 - WPM IMPORT REGULAR 16 - WPM IMPORT SEASONAL 18 - WPM WHSE TO WHSE
po_type_cd,Purchase Order Type Code,APPROVED,3:Cloud Feeds;5:BI Link;9:API Glossary,,oms_po_details;otif_(decommissioned);purchase_order,Unique number for a type of Purchase Order (PO).Examples:3 - GENERAL DISTRIBUTION 5 - GENERAL CONSOLIDATOR 7 - GENERAL SHIP BILL 10 - WPM REGULAR 12 - WPM SEASONAL/STORAGE 14 - WPM IMPORT REGULAR 16 - WPM IMPORT SEASONAL 18 - WPM WHSE TO WHSE
po_type_desc,Purchase Order Type Description,APPROVED,3:Cloud Feeds;5:BI Link;9:API Glossary;13:Report Builder,purchase_order,oms_po_details;purchase_order,Unique description for each type of Purchase Order (PO).Examples:3 - GENERAL DISTRIBUTION 5 - GENERAL CONSOLIDATOR 7 - GENERAL SHIP BILL 10 - WPM REGULAR 12 - WPM SEASONAL/STORAGE 14 - WPM IMPORT REGULAR 16 - WPM IMPORT SEASONAL 18 - WPM WHSE TO WHSE
points,Points,APPROVED,2:Customer Perception,,,Default allocated points for this survey project
pop_priority_nbr,Purchase Order Priority Number,APPROVED,3:Cloud Feeds;5:BI Link;9:API Glossary;13:Report Builder,purchase_order,oms_po_details;purchase_order_line,This is a number that is used for purchase order (PO) prioritization (POP) ranking.Currently used in Grocery DC's and RDC's to rank POs in order of delivery importance. Used in exception management.
pos_sales_last_year,POS Sales-Last Year,APPROVED,3:Cloud Feeds;5:BI Link;7:Channel Performance Insights;9:API Glossary;13:Report Builder,store_sales_&amp,store_sales,Total retail dollar value of units sold to customers minus any returns. This metric is only available for store-fulfilled channels.
pos_sales_this_year,Comp Store Sales in dollars,APPROVED,13:Report Builder,vendor_scorecard,,"This is the POS sale amount at a comparable store. POS sale amount is the dollar amount of sales for a specific item number that is scanned at a store level register. Corresponds to POS quantity; includes all returns (total store returns) at store level. If there are no sales on an item but there are returns, then this value shows up as a negative sales amount. This metric excludes sales from new stores, closed stores, or stores that have undergone major renovations."
postal_cd,DC Zip Code or Postal Code,APPROVED,13:Report Builder,order_forecast,,This is an identifier for geographic area for the purpose of delivering mail.
postal_cd,Zip Code or Postal Code,APPROVED,3:Cloud Feeds;5:BI Link;9:API Glossary;13:Report Builder,custom_datasets;dc_metrics;ecomm_inventory;future_valid_item_store;modular_plan_metrics;omni_otif;order_forecast;purchase_order;store_demand_forecast;store_markup_and_markdowns;store_sales_&amp;tender_analysis,dc_dimensions;store_dimensions,An identifier for geographic area for the purpose of delivering mail.
postsub_rate,Post Substitute Rate,APPROVED,3:Cloud Feeds;5:BI Link;9:API Glossary;13:Report Builder,custom_datasets;store_sales_&amp;vendor_scorecard,store_fulfillment,"An indicator of how often the customer got an item for their order including substitutions and manager approved overrides.Calculation: (Post Substitute Rate Numerator) / (Post Substitute Rate Denominator). Example: wm_item_nbr 123456789, store_nbr 10, postsub_rate 57.14 postsub_rate_nmrtr 4 postsub_rate_dnmntr 7.Also see Post Substitute Rate Numerator and Post Substitute Rate Denominator."
postsub_rate_dnmntr,Post Substitute Rate Denominator,APPROVED,3:Cloud Feeds;5:BI Link;7:Channel Performance Insights;9:API Glossary;13:Report Builder,custom_datasets;store_sales_&amp,store_fulfillment,"The measure of the quantity of actual items ordered excluding the number of cancelled items prior to dispense. It is the same as First Time Pick Rate Denominator. Example: wm_item_nbr 123456789, store_nbr 10, postsub_rate 57.14 postsub_rate_nmrtr 4 postsub_rate_dnmntr 7"
postsub_rate_nmrtr,Post Substitute Rate Numerator,APPROVED,3:Cloud Feeds;5:BI Link;7:Channel Performance Insights;9:API Glossary;13:Report Builder,custom_datasets;store_sales_&amp,store_fulfillment,"The total quantity of Pick items after substitution, which includes a combination of Picked Quantity, Cancelled Quantity, Override Quantity, and Substituted Quantity.Example: wm_item_nbr 123456789, store_nbr 10, presub_rate 57.14 presub_rate_nmrtr 4 presub_rate_dnmntr 7"
ppd_early_vnpk_qty,Prepaid Early Cases,APPROVED,5:BI Link;9:API Glossary;13:Report Builder,omni_otif,omni_otif;otif_(decommissioned),The number of vendor packs in Prepaid Early accountability bucket.
ppd_late_vnpk_qty,Prepaid Late Cases,APPROVED,5:BI Link;9:API Glossary;13:Report Builder,omni_otif,omni_otif;otif_(decommissioned),The number of vendor pack quantity in “Prepaid Late” accountability bucket.
ppd_unsched_vnpk_qty,Prepaid Unscheduled Cases,APPROVED,5:BI Link;9:API Glossary;13:Report Builder,omni_otif,omni_otif;otif_(decommissioned),The number of vendor pack quantity in “Prepaid Unsched” accountability bucket.
ppd_unsched_vnpk_qty,Prepaid Unscheduled Vendor Pack Quantity,APPROVED,13:Report Builder,,,The number of vendor pack quantity in Prepaid Unsched accountability bucket.
prcss_dt,Process Date,APPROVED,9:API Glossary,,ecomm_subscriptions,The date value of the process date type name column.Format - YYYY/MM/DD
prcss_dt_type_nm,Process Date Type Name,APPROVED,9:API Glossary,,ecomm_subscriptions,"The name of Process Date Type. Note that this date would not be an actual delivery date if the customer cancels the order.Values: DELIVERY DATE, PICKUP DATE"
presub_qty,Pre Substitute Quantity,APPROVED,3:Cloud Feeds;5:BI Link;9:API Glossary;13:Report Builder,custom_datasets;store_sales_&amp,store_fulfillment,The number of items Picked as ordered before Substitution (also includes any manager approved overrides)Example:wm\_item\_nbr store\_nbr presub\_rate 123456789 10. 57.14presub\_rate\_nmrtr 4 presub\_rate\_dnmntr 7
presub_rate,Delay Pick Rate,APPROVED,13:Report Builder,custom_datasets;store_sales_&amp,,Delay Pick Rate is the difference between Pre-Substitute Rate and First Time Pick Rate.
presub_rate,Pre Substitute Rate,APPROVED,3:Cloud Feeds;5:BI Link;9:API Glossary;13:Report Builder,custom_datasets;store_sales_&amp;vendor_scorecard,store_fulfillment,This is an indicator of how often the customer got exactly what they ordered before any substitution.Calculation: (Pre-Substitute Rate Numerator) / (Pre-Substitute Rate Denominator)Example:wm\_item\_nbr store\_nbr presub\_rate 123456789 10. 57.14presub\_rate\_nmrtr 4 presub\_rate\_dnmntr 7
presub_rate_dnmntr,Nil Pick Rate,APPROVED,13:Report Builder,custom_datasets;store_sales_&amp;vendor_scorecard,,The measure of percentage of items that were not fulfilled. Calculation: Nil Pick Rate = (Scheduled Nil Pick Rate Numerator + Unscheduled Nil Pick Rate Numerator) / (Scheduled Nil Pick Rate Denominator + Unscheduled Nil Pick Rate Denominator)
presub_rate_dnmntr,Pre Substitute Rate Denominator,APPROVED,3:Cloud Feeds;5:BI Link;7:Channel Performance Insights;9:API Glossary;13:Report Builder,custom_datasets;store_sales_&amp,store_fulfillment,The quantity of actual items ordered excluding cancelled items prior to dispense. Its is same as First Time Pick Rate Denominator.Example:wm\_item\_nbr store\_nbr presub\_rate 123456789 10. 57.14presub\_rate\_nmrtr 4 presub\_rate\_dnmntr 7
presub_rate_nmrtr,Pre Substitute Rate Numerator,APPROVED,3:Cloud Feeds;5:BI Link;7:Channel Performance Insights;9:API Glossary;13:Report Builder,custom_datasets;store_sales_&amp,store_fulfillment,This is the total quantity pre-substituted quantity.Example:wm\_item\_nbr store\_nbr presub\_rate 123456789 10. 57.14presub\_rate\_nmrtr 4 presub\_rate\_dnmntr 7
prev_rtl_amt,GMROII (Gross Margin Return On Inventory Investment),APPROVED,13:Report Builder,vendor_scorecard,,"GMROII measures the amount of gross profit dollars annually generated for each dollar on inventory purchased. In other words, it is a measure of how efficiently the inventory is deployed to produce gross profit. It is optimized by either increasing initial margin or minimizing inventory and investment in inventory which increases turns."
prev_rtl_amt,Gross Maintained Margin,APPROVED,13:Report Builder,custom_datasets;store_sales_&amp,,"It is the gross profit percentage after markup/markdown is applied.Gross Maintained Margin is calculated using the gross initial margin % and the markdown %, instead of dollars. It does not account for changes in inventory levels, but only for the interaction of the gross initial margin % and markdowns. It's one of the most commonly used store profitability metrics."
prev_rtl_amt,MUMD Percent To Sales,APPROVED,13:Report Builder,vendor_scorecard,,It is the mark up and markdown dollars expressed as percentage of sale.
prev_rtl_amt,Net Maintain Margin %,APPROVED,13:Report Builder,vendor_scorecard,,"Net Maintain Margin % measures the profit percentage after accounting for all markups, markdowns, and returns. This metric reflects the true profitability as a percentage of sales, incorporating the effects of price changes and product returns. Calculation:The Net Maintain Margin % is calculated using the following formula:Net Maintain Margin % = ((((((SUM(PREV_RTL_AMT - CURR_RTL_AMT) × SUM(C)) / SUM(ty_sales_amt)) / (SUM(B) - SUM(C))) × (-1)) + 1) × (SUM(B) - SUM(C)) ) / SUM(B)) × 100Where:B = Net Sales AmountSUM(ty_gross_rcpt_rtl_amt) - SUM(CASE WHEN RTN_SALES_AMT is NULL THEN 0 ELSE RTN_SALES_AMT END)C = Net Cost AmountSUM(ty_gross_rcpt_cost_amt) - SUM(CASE WHEN RTN_COST_AMT is NULL THEN 0 ELSE RTN_COST_AMT END)ty_sales_amt = Total Year Sales AmountPREV_RTL_AMT and CURR_RTL_AMT = Previous and Current Retail AmountsDescription:Net Sales (B): Total gross receipts at retail, minus sales returns.Net Cost (C): Total gross receipts at cost, minus cost returns.Retail Adjustment (D): The sum of changes between previous and current retail amounts."
prev_rtl_amt,Previous Retail Amount,APPROVED,3:Cloud Feeds;9:API Glossary;13:Report Builder,store_markup_and_markdowns,mumd,"This is the extended retail amount, in local currency, of the item before the markup/markdown was applied. This amount is in Dollars."
prev_rtl_amt,Previous Retail Amount - Last Year,APPROVED,5:BI Link,,mumd,"Last year's extended retail amount, in local currency, of the item before the markup/markdown was applied. This amount is in Dollars."
prev_rtl_amt,Previous Retail Amount - This Year,APPROVED,5:BI Link,,mumd,"This year's extended retail amount, in local currency, of the item before the markup/markdown was applied. This amount is in Dollars."
price_comp_qty,Price Comparison Qty,APPROVED,3:Cloud Feeds;5:BI Link;9:API Glossary,,item_attributes;item_dimensions,"This is where the law requires that the price comparison that is printed on the shelf label follows a legally mandated quantity and unit of measure instead of the quantity and unit of measure that the item is packaged in. The Price Comparison calculation needs sell\_qty, sell\_uom\_code, price\_comp\_qty, and price\_comp\_uom\_cd. Example: Item (Flour) - 10 LBS for $1.00 sell\_qty: 10, sell\_uom\_cd: LB, price\_comp\_qty: 1, price\_comp\_uom\_cd: OZ. The Price Comparison for this item is $.01 per OZ."
price_comp_uom_cd,Price Comparison UOM Code,APPROVED,3:Cloud Feeds;5:BI Link;9:API Glossary,,item_attributes;item_dimensions,"The quantity where law requires the price comparison that is printed on the shelf label to comply with a legally mandated quantity and unit of measure, instead of the quantity and unit of measure that the item is packaged in. The Price Comparison calculation needs sell\_qty, sell\_uom\_code, price\_comp\_qty and price\_comp\_uom\_cd. Example: Item (Flour) - 10 LBS for $1.00 sell\_qty: 10 sell\_uom\_cd: LB price\_comp\_qty: 1 price\_comp\_uom\_cd: OZ The Price Comparison for this item is $.01 per OZ."""
price_type_nm,Current Price Display Code,APPROVED,3:Cloud Feeds;5:BI Link;9:API Glossary;13:Report Builder,ecomm_inventory;omni_sales,product_dimensions,"Description of the price type. For Walmart, values are base, clearance, rollback, etc."
primary_item_avg_rtl_amt,Average Retail Amount - Primary Item,APPROVED,3:Cloud Feeds;5:BI Link;9:API Glossary,,item_affinity,Average Retail Amount for this primary item/week. This amount is in Dollars.
prime_lia_item_nbr,Prime Lia Item Number,APPROVED,3:Cloud Feeds;5:BI Link;9:API Glossary,,item_attributes;item_dimensions,The system assigned item based on the primary item in this item's like-item assortment. If this item is not part of an assortment then it's the item's system assigned item.
prime_lia_mds_fam_id,Prime Lia MDS Fam ID,APPROVED,3:Cloud Feeds;5:BI Link;9:API Glossary,,item_attributes;item_dimensions,This is the system assigned item identifier for the prime lia item nbr.
prime_upc_item_nbr,Prime UPC Item Number,APPROVED,3:Cloud Feeds;5:BI Link;9:API Glossary,,item_attributes;item_dimensions,The system assigned item of the prime item\_nbr that is the top of the like UPC chain.
prime_upc_mds_fam_id,Prime UPC MDS Fam ID,APPROVED,3:Cloud Feeds;5:BI Link;9:API Glossary,,item_attributes;item_dimensions,The system assigned item of the prime MDS\_FAM\_ID that is the top of the like UPC chain.
prime_xref_item_nbr,Prime Item Number,APPROVED,3:Cloud Feeds;5:BI Link;9:API Glossary;13:Report Builder,custom_datasets;dc_metrics;ecomm_sales;future_valid_item_store;modular_plan_metrics;omni_otif;omni_sales;order_forecast;purchase_order;store_demand_forecast;store_markup_and_markdowns;store_sales_&amp,item_attributes;item_dimensions;rfid_on_hand_adjustments;rfid_sku,"This is the item number that acts as an item linkage to simplify certain operational activities or is used for reporting purposes; similar items are linked/mapped together. For example:?for replenishment purposes, the Prime Item Number (prime_xref_item_nbr) is used for Supply Chain Reporting. The same product that is produced by different suppliers will not have the same prime_xref_item_nbr. Also see: All Links Item Number."
prime_xref_mds_fam_id,Prime MDS Fam ID,APPROVED,3:Cloud Feeds;5:BI Link;9:API Glossary,,item_attributes;item_dimensions,This is the system assigned item identifier for the prime xref item nbr.
priority_nbr,Priority Number,APPROVED,3:Cloud Feeds;5:BI Link;9:API Glossary;13:Report Builder,purchase_order,oms_po_details;purchase_order_alloc_order,The number assigned by the Global Replenishment System to determine priority in an allocation decision.
prmpt_price_ind,Prompt Price Indicator,APPROVED,3:Cloud Feeds;5:BI Link;9:API Glossary,,item_attributes;item_dimensions,Prompts the cashier to enter a price for the Item.
prmry_lang_cd,Primary Language Code,APPROVED,3:Cloud Feeds;5:BI Link;9:API Glossary,,store_dimensions,This is the language of the place where the store resides.
prmry_shelf_id,Primary Shelf ID,APPROVED,3:Cloud Feeds;5:BI Link;9:API Glossary;13:Report Builder,ecomm_inventory;ecomm_sales;omni_sales,product_dimensions,Unique identifier for a shelf in a store.
pro_dt,Pro Date,APPROVED,3:Cloud Feeds;5:BI Link;9:API Glossary;13:Report Builder,purchase_order,oms_po_details;purchase_order_dc_receiver,This is the business date on the bill of lading. Format : YYYY-MM-DD
pro_dt_ind,Pro Date Flag,APPROVED,5:BI Link;9:API Glossary;13:Report Builder,omni_otif,omni_otif;otif_(decommissioned),Indicates if Pro Date was used for a PO to calculate on time metric (true/false).
pro_nbr,Pro Number,APPROVED,3:Cloud Feeds;5:BI Link;9:API Glossary;13:Report Builder,purchase_order,oms_po_details;purchase_order_dc_receiver,"The Carrier Identification number, on a freight bill, or the Freight Bill Number associated with the bill of Lading."
prod_attr_nm,Product Attribute Name,APPROVED,9:API Glossary,,ecomm_product_content_score,"The name of a product attribute that is being scored for content quality. Examples: Product Name, Condition, Brand, Size, Assembled, Product Length, Number of Pieces, GTIN, Cord Length, Color"
prod_attr_value,Product Attribute Value,APPROVED,9:API Glossary,,ecomm_product_content_score,"Content Quality Product Attribute Value like Author name , Genre name for a book , GTIN etc. This provides expected value of the Attribute and is being derived as mentioned below. Example: Product Eval Name: Product Name Product Attribute Value: GUDGA NGFF SSD 1TB M.2 NGFF 2242 SATA III Internal Solid State Drive for PC Desktop Laptop Internal Drive Disk"
prod_cost_dsv_amt,Product Cost Direct Store Vendor Amount,APPROVED,3:Cloud Feeds;5:BI Link;9:API Glossary;13:Report Builder,ecomm_inventory;omni_sales,product_dimensions,"Current product cost from DSV (i.e., if order dealt to DSV (Direct Store Vendor) today)Prod\_cost\_amt is cost per unit. If avg\_cost is close to supplier negotiated cost, then it gives supplier’s confidence they are able to sell products to Walmart at a competitive rate."
prod_cost_own_amt,Product Cost Own Amount,APPROVED,3:Cloud Feeds;5:BI Link;9:API Glossary;13:Report Builder,ecomm_inventory;omni_sales,product_dimensions,"Current product cost from owned vendor (i.e., if new inventory ordered today)Prod\_cost\_amt is cost per unit. If avg\_cost is close to supplier negotiated cost, then it gives supplier’s confidence they are able to sell products to Walmart at a competitive rate."
prod_desc,Product Description,APPROVED,3:Cloud Feeds;5:BI Link;9:API Glossary;13:Report Builder,custom_datasets;dc_metrics;ecomm_sales;modular_plan_metrics;omni_otif;omni_sales;order_forecast;purchase_order;store_demand_forecast;store_markup_and_markdowns;store_sales_&amp,item_attributes;item_dimensions,Internationalized text descriptions of the product.
prod_margin,Product Margin,APPROVED,3:Cloud Feeds;9:API Glossary,,omni_sales;omni_sales_new,"Current year's product margin using GMV (Gross Merchandise Value), (i.e., revenue collected from the customer, net of cancellations and all refunds). This includes replacements where GMV is generally $0 and product cost > $0 (can be shipping charges and refunds on replacements so GMV is not exactly $0). This is used to understand what is collected from customers vs. product costs for sales, including the negative impact of returns/refunds/replacements (and corresponding contra product cost). The product margin is only calculated for owned & DSV sales. This amount is shown in dollars."
prod_nbr,Product Number,APPROVED,3:Cloud Feeds;5:BI Link;9:API Glossary,,item_attributes;item_dimensions,"This uniquely identifies the products. Products represent a grouping of similar merchandise, further defining a merchandise category and subcategory."
prod_nest_depth_qty,Nest Depth,APPROVED,5:BI Link;9:API Glossary,,modular_upc_location,"The depth, in inches, of each nest of the product when nested."
prod_nest_ht_qty,Nest Height,APPROVED,5:BI Link;9:API Glossary,,modular_upc_location,"The height, in inches, of each nest of the product when nested."
prod_nest_wdth_qty,Nest Width,APPROVED,5:BI Link;9:API Glossary,,modular_upc_location,"The width, in inches, of each nest of the product when nested."
prod_nm,Product Name,APPROVED,3:Cloud Feeds;5:BI Link;9:API Glossary;13:Report Builder,ecomm_inventory;ecomm_sales;omni_sales,product_dimensions,Name or title of the product that appears on Walmart.com.
prod_orientation_cd,Orientation Code,APPROVED,5:BI Link;9:API Glossary,,modular_upc_location,The orientation code for the description of the product.Orientation Descriptionand Orientation Values:Front0Front 901Side 2Side. 903Top 4Top. 905Back6Back. 907Right8Right. 909Base10Base. 9011Front 18012Front 27013Side. 18014Side. 27015Top. 18016Top. 27017Back. 18018Back. 27019Right. 18020Right 27021Base 18022Base 27023
prod_orientation_desc,Orientation Description,APPROVED,5:BI Link;9:API Glossary,,modular_upc_location,The orientation description of the product.Orientation Descriptionand Orientation Values:Front0Front 901Side 2Side. 903Top 4Top. 905Back6Back. 907Right8Right. 909Base10Base. 9011Front 18012Front 27013Side. 18014Side. 27015Top. 18016Top. 27017Back. 18018Back. 27019Right. 18020Right 27021Base 18022Base 27023
prod_postn_bk_coord_id,Position Back Coordinate ID,APPROVED,5:BI Link;9:API Glossary,,modular_upc_location,"The product position location, measured from the back of the planogram."
prod_postn_btm_coord_id,Position Bottom Coordinate ID,APPROVED,5:BI Link;9:API Glossary,,modular_upc_location,"The product position location, measured from the bottom of the planogram."
prod_postn_depth_qty,Position Depth,APPROVED,5:BI Link;9:API Glossary,,modular_upc_location,"The overall depth of the position, in inches."
prod_postn_ht_qty,Position height,APPROVED,5:BI Link;9:API Glossary,,modular_upc_location,"The overall height of the position, in inches."
prod_postn_left_coord_id,Position Left Coordinate ID,APPROVED,5:BI Link;9:API Glossary,,modular_upc_location,"The product position location, measured from the left edge of the planogram."
prod_postn_nbr,Product Position Number,APPROVED,3:Cloud Feeds;5:BI Link;9:API Glossary;13:Report Builder,custom_datasets;modular_plan_metrics,modular_plan_upc,"Designates the sequential location of the product on a modular. A modular is sequenced by section, left to right, top to bottom."
prod_postn_wdth_qty,Position Width,APPROVED,5:BI Link;9:API Glossary,,modular_upc_location,"The overall width of the position, in inches."
prohibited_not_pub_ind,Prohibited Not Publish Indicator,APPROVED,5:BI Link;9:API Glossary,,digital_transactability,Indicates that the item is not published because it is prohibited due to compliance. Values are 0 and 1.
proj_yr_sale_qty,Projected Year Sale Qty,APPROVED,3:Cloud Feeds;5:BI Link;9:API Glossary,,item_attributes;item_dimensions,The projected number of units sold annually.
project_id,Project Id,APPROVED,2:Customer Perception,,,Unique project id which represents a particular project when created.
project_type,Project Type,APPROVED,2:Customer Perception,,,"project types like ""INTERNAL"" (0) , ""EXTERNAL"" (1), Recruitment t(2) for survey 2 points"
projected_charges,Projected Charges,APPROVED,5:BI Link;9:API Glossary;13:Report Builder,omni_otif,omni_otif,Charges which are projected before applying removals.
promo_buy_ind,Promotional Buy Indicator,APPROVED,3:Cloud Feeds;5:BI Link;9:API Glossary;13:Report Builder,purchase_order,oms_po_details;purchase_order_alloc_order;purchase_order_line,This is a Yes/No indicator that tells us if this item is being ordered for a store promotion.
promo_order_book_cd,Promotion Order Book Code,APPROVED,3:Cloud Feeds;5:BI Link;9:API Glossary,,item_attributes;item_dimensions,This is used to specify what type of order book this item will be printed on at the store. This is used for replenishable items that need special attention.Valid Promotional Order Book Codes are: e - Fall/Winter/holiday Seasonal f - Seasonal BTS i - Non-POS Replenished Items q - Spring/Summer Seasonal v - Snack Bar Items w - RDS Gun Program y - Dept 99 Basic Orderbook b - Buyers Best h - Just-in-Time Items l - Assembly Conversion Items z - Best of the Best (Sam's Choice Items) \# Indicates we may change name
promo_order_book_desc,Promotion Order Book Description,APPROVED,3:Cloud Feeds;5:BI Link;9:API Glossary,,item_attributes;item_dimensions,Textual description of the promotion order book.
proto_nbr,Prototype Number,APPROVED,3:Cloud Feeds;5:BI Link;9:API Glossary;13:Report Builder,custom_datasets;modular_plan_metrics;order_forecast;purchase_order;store_demand_forecast;store_markup_and_markdowns;store_sales_&amp,store_dimensions,"The size of a store in a range of square feet or square meters. At the time of implementation, this was needed for reporting on a Supercenter because size\_class for Supercenters were all the same."
prt_pymt_auth_ind,Print Payment Authorization Indicator,APPROVED,3:Cloud Feeds;5:BI Link;9:API Glossary;13:Report Builder,purchase_order,oms_po_details;purchase_order_dc_receiver_line,Indicates whether or not to print the Payment Authorization report. Values: 0: No 1: Yes
public_close_dt,Public Close Date,APPROVED,3:Cloud Feeds;5:BI Link;9:API Glossary,,dc_dimensions;store_dimensions,The date the store was closed to the public.
pvt_lbl_ind,Private Label Indicator,APPROVED,3:Cloud Feeds;5:BI Link;9:API Glossary;13:Report Builder,custom_datasets;dc_metrics;ecomm_sales;modular_plan_metrics;omni_otif;omni_sales;order_forecast;purchase_order;store_demand_forecast;store_markup_and_markdowns;store_sales_&amp,item_attributes;item_dimensions,Indicates if the item is from a private label brand.A private label brand is a brand that is owned and sold exclusively by Walmart. Examples include Great Value and Faded Glory.
pymt_mthd_desc,Payment Method Description,APPROVED,9:API Glossary,,coops,"The written text of the Payment Method Code. Examples:Off Invoice, Bill Back, Separate Invoice, Non-Deal Promotion, Credit Memo, Check, etc."
qlty_cntrl_cd,QC Code,APPROVED,3:Cloud Feeds;5:BI Link;9:API Glossary,,item_attributes;item_dimensions,This code alerts concerning the quality control issues for an item. The OMS system will place all the POs on hold when this code shows the product is of poor production or a safety hazard.Examples:1) Safety hazard concerns2) Poor Production3) Not what was ordered but sellable4) Quality of the product not good
qlty_cntrl_cd,Quality Control Code,APPROVED,13:Report Builder,,,This code alerts concerning the quality control issues for an item. The OMS system will place all the POs on hold when this code shows the product is of poor production or a safety hazard. Examples: 1) Safety hazard concerns 2) Poor Production 3) Not what was ordered but sellable 4) Quality of the product not good
qlty_cntrl_desc,QC Description,APPROVED,3:Cloud Feeds;5:BI Link;9:API Glossary,,item_attributes;item_dimensions,Description for the code alerts concerning the quality control issues for an item. The OMS system will place all the POs on hold when this code shows the product is of poor production or a safety hazard.Examples:1) Safety hazard concerns2) Poor Production3) Not what was ordered but sellable4) Quality of the product not good
qte_id,Quote Id,APPROVED,3:Cloud Feeds;5:BI Link;9:API Glossary;13:Report Builder,purchase_order,oms_po_details;purchase_order,"A generated number assigned to identify a Supplier Quote, or product bid for a quantity and price to supply Walmart."
quantity,Quantity,APPROVED,3:Cloud Feeds;9:API Glossary;13:Report Builder,hourly_store_inventory,hourly_store_inventory;store_sales;store_sales_new,The available on-hand quantity for the particular hour of the day when the snapshot was taken.
rchrg_calc_qty,Recharged Calculated Quantity,APPROVED,9:API Glossary,,ecomm_subscriptions,"The number of units recharged to the customer for returns that were initiated and refund, but never returned."
rcv_dt,Received Date,APPROVED,3:Cloud Feeds;5:BI Link;9:API Glossary;13:Report Builder,purchase_order,oms_po_details;purchase_order_dc_receiver;purchase_order_dc_receiver_line,"The date that merchandise is received at the dock (aka, finalized date) Format : YYYY-MM-DD"
rcv_ts,Received Timestamp,APPROVED,3:Cloud Feeds;5:BI Link;9:API Glossary;13:Report Builder,purchase_order,oms_po_details;purchase_order_dc_receiver,The date and time the merchandise is received at the dock. Example: 2021-07-25 00:00:00.000
rcv_vnpk_qty,Received Vendor Pack Quantity,APPROVED,3:Cloud Feeds;5:BI Link;9:API Glossary;13:Report Builder,omni_otif;purchase_order,omni_otif;oms_po_details;otif_(decommissioned);purchase_order_dc_receiver;purchase_order_dc_receiver_line;purchase_order_line;purchase_order_line_destination,The number of vendor packs received.
rcv_vnpk_qty,Store Received Vendor Pack Quantity,APPROVED,5:BI Link;13:Report Builder,purchase_order,oms_po_details,The number of vendor packs received.
rcv_vnpk_qty,Warehouse Received Vendor Pack Quantity,APPROVED,5:BI Link;13:Report Builder,purchase_order,oms_po_details,The number of vendor packs that is received into inventory.
rcv_vnpk_qty_to_use,Receive Vendor Pack Quantity To Use,APPROVED,13:Report Builder,,,Number of vendor packs received and used to evaluate OTIF compliance.
rcv_whpk_qty,Received Warehouse Quantity,APPROVED,3:Cloud Feeds;5:BI Link;9:API Glossary;13:Report Builder,purchase_order,oms_po_details;purchase_order_dc_receiver_line;purchase_order_line;purchase_order_line_destination,The number of warehouse packs received.
rcv_whpk_qty,Warehouse Packs Eaches Received,APPROVED,13:Report Builder,custom_datasets;dc_metrics,,"Warehouse quantity received, in eaches.Note: This metric is AVG(), and not SUM(), for selected time period if pulled at Walmart weekly level."
rcv_whpk_qty,Warehouse Packs Eaches Received EOP,APPROVED,13:Report Builder,dc_metrics,,"Warehouse quantity received, in eaches.Note: This metric is the 'End of Period' value for the selected time period: For Example: ‘Friday’ for WMT weeks."
rcv_whpk_qty,Warehouse Received Warehouse Quantity,APPROVED,5:BI Link;13:Report Builder,purchase_order,oms_po_details,The number of warehouse packs received that is received into inventory.
rcv_wt_qty,Received Weight Quantity,APPROVED,3:Cloud Feeds;5:BI Link;9:API Glossary;13:Report Builder,purchase_order,oms_po_details;purchase_order_dc_receiver_line;purchase_order_line;purchase_order_line_destination,The weight of the merchandise received.
rcv_wt_qty,Store Received Weight Quantity,APPROVED,13:Report Builder,purchase_order,,The weight of the merchandise received.
rcvr_lock_ind,Receiver Lock Indicator,APPROVED,3:Cloud Feeds;5:BI Link;9:API Glossary;13:Report Builder,purchase_order,oms_po_details;purchase_order_dc_receiver,The indicators which denotes that the DC receiver is in the process of being received and is locked from any updates. Values: 0: No 1: Yes
rcvr_nbr,Receiver Number,APPROVED,3:Cloud Feeds;5:BI Link;9:API Glossary;13:Report Builder,omni_otif;purchase_order,omni_otif;oms_po_details;otif_(decommissioned);purchase_order_dc_receiver;purchase_order_dc_receiver_line,Receiver number associated with the load.
real_deal_eff_dt,Real Deal Effective Date,APPROVED,9:API Glossary,,coops,The beginning date that we will start the deal.Format: YYYY-MM-DD
real_deal_exp_dt,Real Deal Expiration Date,APPROVED,9:API Glossary,,coops,The ending date of the deal.Format: YYYY-MM-DD
real_estat_proto_cd,Real Estate Prototype Code,APPROVED,3:Cloud Feeds;5:BI Link;9:API Glossary,,store_dimensions,This is used by construction to identify the general layout of the store.
reg_type_desc,Register Type Description,APPROVED,3:Cloud Feeds,,,It has description for different registration type keys. 1- Regular sales 2- Fuel only sales 3- Self checkout sales 4- Fuel and self checkout sales
reg_type_key,Register Type Key,APPROVED,3:Cloud Feeds,,,"A Register Type Key is a key (also called a surrogate key) used in Walmart’s systems to identify and track different types of checkout registers, such as regular lanes or self-checkout."
region_nbr,Region Number,APPROVED,3:Cloud Feeds;5:BI Link;9:API Glossary;13:Report Builder,custom_datasets;future_valid_item_store;modular_plan_metrics;order_forecast;purchase_order;store_demand_forecast;store_markup_and_markdowns;store_sales_&amp;tender_analysis,store_dimensions,The operational alignment level to which markets and sub\_regions report.
region_nm,Region Name,APPROVED,3:Cloud Feeds;5:BI Link;9:API Glossary;13:Report Builder,custom_datasets;future_valid_item_store;modular_plan_metrics;order_forecast;purchase_order;store_demand_forecast;store_markup_and_markdowns;store_sales_&amp;tender_analysis,store_dimensions,This is the name of the region for reporting. Examples: Region_Nbr:1 Region_Nm: ALABAMA FL PANHANDLE Region_Nbr:2 Region_Nm: GA
rejct_rsn_txt,Reject Reason Text,APPROVED,3:Cloud Feeds;5:BI Link;9:API Glossary;13:Report Builder,purchase_order,oms_po_details;purchase_order,This column is to hold the reject reason description in case a Replenishment Manager rejects the changes requested by the supplier.
relo_flip_dt,Relocation Flip Date,APPROVED,3:Cloud Feeds;5:BI Link;9:API Glossary;13:Report Builder,custom_datasets;modular_plan_metrics;purchase_order;store_markup_and_markdowns;store_sales_&amp,store_dimensions,The date of a store relocation when processing at the existing location flips to the temporary store number.
remix_po_maintance_ind,Remix Purchase Order Maintenance Indicator,APPROVED,3:Cloud Feeds;5:BI Link;9:API Glossary;13:Report Builder,purchase_order,oms_po_details;purchase_order,"Flag to ""lock"" the purchase order (PO) so changes cannot be made to it once the distribution center (DC) begins receiving on it. Initiated based on the PO being received or in confirmed status."
repl_group_nbr,Replenishment Group Number,APPROVED,3:Cloud Feeds;5:BI Link;9:API Glossary;13:Report Builder,dc_metrics;modular_plan_metrics;omni_otif;omni_sales;store_markup_and_markdowns;store_sales_&amp,hourly_store_inventory;item_attributes;item_dimensions;rfid_on_hand_adjustments,"A unique identifier that allows systems to recognize items having different item numbers, as one product. Otherwise called CID. All sellable items will have a Consumer ID (CID) assigned. Items that could share a common Consumer ID are items purchased through several import and domestic channels, items sourced from multiple suppliers, products delivered to stores from multiple (DSD) suppliers, and items transitioning to new packaging."
repl_ind,Replenishment Indicator,APPROVED,9:API Glossary,,out_of_stock_root_cause;store_item_measures_(inventory),"An item is replenishable if the item type is replenishable (33, 37, 11, 20, 22, 40 42 and 50) and the ITEM REPLENISHMENT IND is a “Y”. If the indicator is set to a “N”, the stores will not be able to order this item. There are many reasons for this. Some examples are: The item is being discontinued. It is a new item, and the vendor is not ready to ship yet. Converting from this item number to a new item number. This is also known as Order Book Code."
repl_ind,Replenishment Instock Denominator,APPROVED,13:Report Builder,custom_datasets,,"This is the indicator for store/item combinations that are eligible for replenishment Instock reporting. ty_repl_instock_denominator(repl_ind) = 1 is the indicator for store item combinations that are eligible to report in stock and the ty_repl_instock_denominator (repl_ind) doesn’t mean the item is replenishable. Additional Information: A store item combination could be eligible for replenishment or restock, but still excluded from Instock reporting for multiple reasons, a few examples of these would include: the item is too new or the store item combination is about to expire. This metric makes sure that vendors don’t get blamed for out of stock issues that are out of their control."
repl_store_item_cnt,Traited Item Count,APPROVED,13:Report Builder,custom_datasets,store_item_measures_(inventory),Item count that is replenishable.Note: 'Daily Calculation: Count of items traited for the store on any given day.' 'Weekly Calculation: Total number of distinct items are/were traited for the store during any day of the week.'
repl_store_item_cnt,Valid Store Count,APPROVED,13:Report Builder,custom_datasets;store_sales_&amp,,Valid Store count of all the items with the replenishment status as Active.
repl_subtype_cd,Replenishment Subtype Code,APPROVED,3:Cloud Feeds;5:BI Link;9:API Glossary;13:Report Builder,custom_datasets;dc_metrics;ecomm_sales;future_valid_item_store;modular_plan_metrics;omni_otif;omni_sales;order_forecast;purchase_order;store_demand_forecast;store_markup_and_markdowns;store_sales_&amp,item_attributes;item_dimensions,In other terms: When repl_instock_denominator=1 THEN SUM(repl_instock_numerator)/SUM(repl_instock_denominator) * 100
repl_subtype_desc,Replenishment Subtype Description,APPROVED,3:Cloud Feeds;5:BI Link;9:API Glossary;13:Report Builder,custom_datasets;dc_metrics;ecomm_sales;future_valid_item_store;modular_plan_metrics;omni_otif;omni_sales;order_forecast;purchase_order;store_demand_forecast;store_markup_and_markdowns;store_sales_&amp,item_attributes;item_dimensions,This determines the Shelf Label design description and informs the store how the product is ordered.
repl_unit_ind,Replenishment Unit Indicator,APPROVED,3:Cloud Feeds;5:BI Link;9:API Glossary;13:Report Builder,custom_datasets;dc_metrics;ecomm_sales;modular_plan_metrics;omni_otif;omni_sales;order_forecast;purchase_order;store_demand_forecast;store_markup_and_markdowns;store_sales_&amp,item_attributes;item_dimensions,"Replenish by Units Indicator - Denotes that an item is replenished in eaches and not by weight, reflecting when an item is purchased by unit and sold by weight."
rfid_ind,RFID Indicator,APPROVED,3:Cloud Feeds;5:BI Link;9:API Glossary;13:Report Builder,custom_datasets;dc_metrics;ecomm_sales;modular_plan_metrics;omni_otif;omni_sales;order_forecast;purchase_order;store_demand_forecast;store_markup_and_markdowns;store_sales_&amp,item_attributes;item_dimensions;rfid_sku,This item is tagged with a Radio Frequency Identifier (RFID) chip.
rfid_item_out_src_ind,RFID Item Not Scanned Indicator,APPROVED,9:API Glossary,,rfid_sku,"Column that indicates whether the RFID data for a particular row came from the RFID source table, which contains items that were supposed to be scanned but none was found to scan."
rfid_on_hand_qty,RFID On Hand Quantity,APPROVED,9:API Glossary,,rfid_sku,"The quantity of an item based on RFID scanning. It includes all items that are part of the RFID system - both those that were successfully scanned and found to be in stock, as well as those that were eligible for scanning but didn't show up as in stock because they have a quantity of zero."
rfnd_full_no_rtn_amt,Refunded Full No Return Amount,APPROVED,9:API Glossary,,ecomm_returns,"""Keep it"" refunds for lost packages, damages, etc. for which customers are fully refunded but no return is expected."
rfnd_full_no_rtn_qty,Refunded Full No Return Quantity,APPROVED,9:API Glossary,,ecomm_returns;ecomm_subscriptions,"Number of units for which customer was fully refunded but a return was not requested. For example, customer receives exploded shampoo bottle. We won't want the customer to return the bottle so refund them and don't request a return."
rfr_date,RFR Date,APPROVED,9:API Glossary,,otif_(decommissioned),Date when PO(s) were routed/confirmed in the transportation system.
rfr_date,Reference Date,APPROVED,5:BI Link;9:API Glossary;13:Report Builder,omni_otif,omni_otif,Date when PO(s) were routed/confirmed in the transportation system.
rfr_tm,Confirm Shipment Time,APPROVED,5:BI Link;9:API Glossary;13:Report Builder,omni_otif,omni_otif;otif_(decommissioned),Time of the day when Purchase Orders(PO) were routed/confirmed in the transportation system.
rfr_tm,Reference Time,APPROVED,13:Report Builder,,,Time of the day when PO(s) were routed/confirmed in the transportation system.
rip_qty,Receipts In Progress Quantity,APPROVED,3:Cloud Feeds;9:API Glossary;13:Report Builder,ecomm_inventory,ecomm_inventory,"The RIP bucket occurs when a carton/pallet is first scanned into the WMS system and the first induction label is printed until the carton (merchandise) is Available to Sell. [From RIP, inventory could also move to other states like Work in Progress (WIP), Trouble Bucket (TRBL) depending on item requirement]."
rip_qty,Receipts In Progress QuantityEOP,APPROVED,13:Report Builder,ecomm_inventory,,"The RIP bucket occurs when a carton/pallet is first scanned into the WMS system and the first induction label is printed until the carton (merchandise) is Available to Sell. [From RIP, inventory could also move to other states like Work in Progress (WIP), Trouble Bucket (TRBL) depending on item requirement].Note: This metric is the 'End of Period' value for the selected time period: For Example: ‘Friday’ for WMT weeks."
rppc_ind,RPPC Indicator,APPROVED,3:Cloud Feeds;5:BI Link;9:API Glossary;13:Report Builder,custom_datasets;dc_metrics;ecomm_sales;modular_plan_metrics;omni_otif;omni_sales;order_forecast;purchase_order;store_demand_forecast;store_markup_and_markdowns;store_sales_&amp,item_attributes;item_dimensions,Indicates if this item is transported using a Rigid Plastic Packaging Container (RPPC). The Rigid Plastic Packaging Container law was enacted as part of an effort to increase the use of recycled plastic and reduce the amount of plastic waste disposed.
rpt_cd,Sales Type Code,APPROVED,13:Report Builder,store_sales_&amp,,Sales Type Code is a unique identifier for the sell status of an item according to the Store's Item\_File at the time the item was sold. Values: REPORT\_CODE - REPORT\_TYPE\_DESC 0 - Regular 1 - Store Tab 2 - Company Tab3 - New Item 4 - Competition 5 - Competition/Store Tab 6 - Competition/Company Tab7 - Rollback 8 - Clearance 9 - CVP - Customer Value Product
rpt_cd,Sales Type Description,APPROVED,13:Report Builder,store_sales_&amp,,SALES TYPE DESCRIPTION' is a description for the type of sale the 'SALES TYPE CODE' represents. 'Sales Type Code' is a unique identifier for the sell status of an item according to the Store's Item File at the time the item was sold. Values: Sales Type Code - Sales Type Description0 - Regular 1 - Store Tab 2 - Host Tab 3 - New Item 4 - Competition 5 - Competition/Store Tab 6 - Competition/Host Tab 7 - Rollback 8 - Clearance 9 - CVP - Customer Value ProductClick the following links for greater detail on the different descriptions:- [Charter users](https://www.scintilla.com/knowledgeBase/article/content?path=/knowledge-base/WMT-US/SUPPLIER/article-page/CHANNEL_PERFORMANCE/chp-resources/misc-rsrcs/en_us/sales-type-descr-defs)- [Basic users](https://www.scintilla.com/knowledgeBase/basic/article/?titleLink=knowledge-base-basic-users%2Farticle-landing-page%2Fsales-type-descr-defs)
rpt_cd,Sales by Type,APPROVED,3:Cloud Feeds;5:BI Link;9:API Glossary,,store_sales;store_sales_new,A unique identifier for the sell status of an item according to the Store's Item File at the time the item was sold. Values: REPORT_CODE - REPORT_TYPE_DESC 0 - Regular 1 - Store Tab 2 - Company Tab3 - New Item 4 - Competition 5 - Competition/Store Tab 6 - Competition/Company Tab7 - Rollback 8 - Clearance 9 - CVP - Customer Value Product
rpt_dt,Report Date,APPROVED,3:Cloud Feeds;5:BI Link;9:API Glossary;13:Report Builder,ecomm_inventory,digital_transactability;ecomm_instock_percentage;ecomm_inventory;fc_ecomm_instock_percentage,This is the Date of Eligibility Snapshot of the transactable data.
rpt_hr_nbr,Report Hour Number,APPROVED,9:API Glossary,,,"The hour number representing the hour in which a pick began on a particular date, in the store’s local time, regardless of whether there was a substitution (examples: 1,2,...,24). A Report Hour of 5, for example, means the 5th hour of the day at each respective store (5:00-6:00am Central Time for CST stores, 5:00-6:00am Pacific Time for PDT stores, and so on)."
rpt_hrchy_lvl1_id,Walmart Order Department Number,APPROVED,3:Cloud Feeds;5:BI Link;9:API Glossary;13:Report Builder,ecomm_inventory;ecomm_sales;omni_sales,product_dimensions,The Walmart order department number that is used to order and replenish items of merchandise. The order department may or may not be the same as the accounting department. Some departments have more than one order department per accounting department.
rsn_cd,Reason Code,APPROVED,5:BI Link;9:API Glossary,,store_trait,A system assigned identifier of the trait change reason.Examples:RSN\_CD RSN\_DESC88 PROJECT STORE TRAIT REVERSAL70 XX-NEIGHBORHOOD MARKET
rsn_desc,Reason Description,APPROVED,5:BI Link;9:API Glossary,,store_trait,The description of the trait change reason.Examples:RSN\_CD RSN\_DESC88 PROJECT STORE TRAIT REVERSAL70 XX-NEIGHBORHOOD MARKET
rsrv_mdse_cd,Reserve Merchandise Code,APPROVED,3:Cloud Feeds;5:BI Link;9:API Glossary,,item_attributes;item_dimensions,This is used to block orders at the Distribution Center. Examples: 5 - Cuts off all manual store orders but allows POS to replenish. This is used for fine jewelry and guns. 9 - Special orders - POS is shut off. Only buyers or replenishment manager can order.
rsrv_mdse_desc,Reserve Merchandise Description,APPROVED,3:Cloud Feeds;5:BI Link;9:API Glossary,,item_attributes;item_dimensions,Description for the code used to block orders at the Distribution Center. Examples: 5 - Cuts off all manual store orders but allows POS to replenish. This is used for fine jewelry and guns. 9 - Special orders - POS is shut off. Only buyers or replenishment manager can order.
rsrv_mdse_ind,Reserve MDSE Indicator,APPROVED,3:Cloud Feeds;5:BI Link;9:API Glossary,,item_attributes;item_dimensions,"Indicates if merchandise has to be saved in warehouse for promotions, etc."
rsrv_unavlbl_score_val,Reserve Unavailable Score Value,APPROVED,5:BI Link;9:API Glossary,,digital_transactability,Indicates that the item is not available due to demand exceeding reserve on hand quantity.
rsrv_whpk_qty,Reserved Warehouse Pack Quantity,APPROVED,3:Cloud Feeds;9:API Glossary;13:Report Builder,custom_datasets;dc_metrics,dc_item_measures,"The number of warehouse packs set back as reserved. This can be used for instances of a special promotion.Note: This metric is AVG(), and not SUM(), for selected time period if pulled at Walmart weekly level."
rsrv_whpk_qty,Reserved Warehouse Pack Quantity - Last Year,APPROVED,5:BI Link,,dc_item_measures,"The number of warehouse packs set back as reserved, last year. This can be used for instances of a special promotion."
rsrv_whpk_qty,Reserved Warehouse Pack Quantity - This Year,APPROVED,5:BI Link,,dc_item_measures,"The number of warehouse packs set back as reserved, this year. This can be used for instances of a special promotion."
rsrv_whpk_qty,Reserved Warehouse Pack Quantity EOP,APPROVED,13:Report Builder,dc_metrics,,The number of warehouse packs set back as reserved. This can be used for instances of a special promotion.Note: This metric is the 'End of Period' value for the selected time period: For Example: ‘Friday’ for WMT weeks.
rtl_amt,MTR Received Retail Amount,APPROVED,13:Report Builder,store_sales_&amp,,It is the dollar and cents amount of the Wal-Mart assigned retail of the item for the transaction type 3 (Merchandise Transfer Report Received).
rtl_amt,MTR Transferred Retail Amount,APPROVED,13:Report Builder,store_sales_&amp,,It is the dollar and cents amount of the Wal-Mart assigned retail of the item for the transaction type 5 (Return Center Claim or Merchandise Trans).
rtl_amt,Retail Amount,APPROVED,9:API Glossary,,mtr,The dollar and cents amount of the Walmart assigned retail value of the item.It is also know as base retail amount. This amount is shown in dollars.
rtl_incl_vat_ind,Retail VAT Indicator,APPROVED,3:Cloud Feeds;5:BI Link;9:API Glossary,,item_attributes;item_dimensions,Indicates if the VAT (Value Added Tax) is included in the retail price that is displayed on the shelf label. Some items will have VAT included on the retail price and others will have the VAT added at the register. This attribute was added specifically for Japan as part of government regulations.
rtl_notif_store_ind,Retail Notify Store Indicator,APPROVED,3:Cloud Feeds;5:BI Link;9:API Glossary,,item_attributes;item_dimensions,Indicates if the store is notified of the retail change.
rtl_price_event_cd,Event Associated With Retail Price Amount,APPROVED,13:Report Builder,custom_datasets;store_sales_&amp,store_item_measures_(inventory),Event associated with Retail Price Amount.
rtl_price_event_cd,Retail Price Event Code,APPROVED,3:Cloud Feeds;9:API Glossary;13:Report Builder,store_sales_&amp,store_item_measures;store_item_measures_(inventory),Event associated with Retail Price Amount.
rtn_cntr_qty,Return Center Quantity,APPROVED,9:API Glossary,,ecomm_returns,Quantity customer has returned or is supposed to return to a return center.
rtn_cntr_rtn_amt,Return Center Return Amount,APPROVED,9:API Glossary,,ecomm_returns,Refunds for returns to a return center (return may be initiated but not received yet).
rtn_cost_amt,Cost Amount - Defective and Overstock (Returns),APPROVED,13:Report Builder,custom_datasets;store_sales_&amp,,"The cost amount associated with the store return of Defective or Overstock merchandise to a Return Center, Vendor."
rtn_cost_amt,Cost Amount - Other Reason Code (Returns),APPROVED,13:Report Builder,custom_datasets;store_sales_&amp,,"The cost amount associated with the store return of merchandise due to other Reasons to a Vendor, Distribution Center (DC), or Return Center."
rtn_cost_amt,Cost Amount - Recall (Returns),APPROVED,13:Report Builder,custom_datasets;store_sales_&amp,,"The cost amount associated with the store return of Recall merchandise to a Return Center, Vendor."
rtn_cost_amt,Cost Amount - To DC (Returns),APPROVED,13:Report Builder,custom_datasets;store_sales_&amp,,The cost amount associated with the store return of merchandise to a Distribution Center (DC).
rtn_cost_amt,Cost Amount - To Return Center (Returns),APPROVED,13:Report Builder,custom_datasets;store_sales_&amp,,The cost amount associated with the store return of merchandise to a Return Center.
rtn_cost_amt,Cost Amount - To Vendor (Returns),APPROVED,13:Report Builder,custom_datasets;store_sales_&amp,,The cost amount associated with the store return of merchandise to a Vendor via Return Center.
rtn_cost_amt,Cost Amount- No Return Type (Refunds),APPROVED,13:Report Builder,store_sales_&amp,,The cost amount associated with the store return of merchandise with no return type.
rtn_cost_amt,Cost Amount- No Return Type (Returns),APPROVED,13:Report Builder,custom_datasets,,The cost amount associated with the store return of merchandise with no return type.
rtn_cost_amt,Return Cost Amount,APPROVED,3:Cloud Feeds;5:BI Link;9:API Glossary,,store_returns,"The cost amount associated with the store return of merchandise to a Vendor, DC, or Return Center."
rtn_cost_amt,Return Cost Amount YoY Change%,APPROVED,13:Report Builder,store_sales_&amp,,"The cost amount associated with the store return of merchandise to a Vendor, DC, or Return Center.Year over year change percentage for Total Store Returns Cost Amount = (ly_rtn_cost_amt - ty_rtn_cost_amt) / ly_rtn_cost_amt"
rtn_cost_amt,Return Cost Amount YoY Difference,APPROVED,13:Report Builder,store_sales_&amp,,"The cost amount associated with the store return of merchandise to a Vendor, DC, or Return Center.Year over year difference for Total Store Returns Cost Amount = ly_rtn_cost_amt - ty_rtn_cost_amt"
rtn_cost_amt,Total Cost Amount (Returns),APPROVED,13:Report Builder,store_sales_&amp,,"The cost amount associated with the store return of merchandise to a Vendor, DC, or Return Center."
rtn_cost_amt,Total Store Returns Cost Amount,APPROVED,13:Report Builder,custom_datasets,,"The cost amount associated with the store return of merchandise to a Vendor, DC, or Return Center."
rtn_cost_amt,Total Store Returns Cost Amount YoY Change%,APPROVED,13:Report Builder,custom_datasets,,"The cost amount associated with the store return of merchandise to a Vendor, DC, or Return Center.Year over year change percentage for Total Store Returns Cost Amount = (ly\_rtn\_cost\_amt - ty\_rtn\_cost\_amt) / ly\_rtn\_cost\_amt"
rtn_cost_amt,Total Store Returns Cost Amount YoY Difference,APPROVED,13:Report Builder,custom_datasets,,"The cost amount associated with the store return of merchandise to a Vendor, DC, or Return Center.Year over year difference for Total Store Returns Cost Amount = ly\_rtn\_cost\_amt - ty\_rtn\_cost\_amt"
rtn_dest_nbr,Return Destination Number,APPROVED,3:Cloud Feeds;5:BI Link;9:API Glossary,,store_returns,"The identifier of the return destination. This identifier type varies based on the return type.If return type = 5, this is the return center DC numberIf return type = 10, this is the vendor numberIf return Type = 11, this is 0"
rtn_dt,Return Date,APPROVED,3:Cloud Feeds;5:BI Link;9:API Glossary,,store_returns,The Calendar date the merchandise was returned from the store.Format : YYYY-MM-DD
rtn_qty,Quantity - Defective and Overstock (Returns),APPROVED,13:Report Builder,custom_datasets;store_sales_&amp,,"The store return quantity of Defective or Overstock merchandise to a Return Center, Vendor."
rtn_qty,Quantity - No return type (Returns),APPROVED,13:Report Builder,custom_datasets;store_sales_&amp,,The store return quantity of merchandise with no return type.
rtn_qty,Quantity - Other Reason Code (Refunds),APPROVED,13:Report Builder,store_sales_&amp,,"The store return quantity of merchandise due to other Reasons to a Vendor, DC, or Return Center."
rtn_qty,Quantity - Other Reason Code (Returns),APPROVED,13:Report Builder,custom_datasets,,"The store return quantity of merchandise due to other Reasons to a Vendor, DC, or Return Center."
rtn_qty,Quantity - Recall (Refunds),APPROVED,13:Report Builder,store_sales_&amp,,"The store return quantity of Recall merchandise to a Return Center, Vendor."
rtn_qty,Quantity - Recall (Returns),APPROVED,13:Report Builder,custom_datasets,,"The store return quantity of Recall merchandise to a Return Center, Vendor."
rtn_qty,Quantity - To DC (Refund),APPROVED,13:Report Builder,store_sales_&amp,,The store return quantity of merchandise to a Distribution Center (DC).
rtn_qty,Quantity - To DC (Returns),APPROVED,13:Report Builder,custom_datasets,,The store return quantity of merchandise to a Distribution Center (DC).
rtn_qty,Quantity - To Return Center (Refunds),APPROVED,13:Report Builder,store_sales_&amp,,This is the store return quantity of merchandise to a Return Center.
rtn_qty,Quantity - To Return Center (Returns),APPROVED,13:Report Builder,custom_datasets,,This is the store return quantity of merchandise to a Return Center.
rtn_qty,Quantity - To Vendor (Refunds),APPROVED,13:Report Builder,store_sales_&amp,,The store return quantity of merchandise to a Vendor via Return Center.
rtn_qty,Quantity - To Vendor (Returns),APPROVED,13:Report Builder,custom_datasets,,The store return quantity of merchandise to a Vendor via Return Center.
rtn_qty,Return Quantity,APPROVED,3:Cloud Feeds;5:BI Link;9:API Glossary,,ecomm_subscriptions;store_returns,"The amount associated with the store return of merchandise to a Vendor, DC, or Return Center."
rtn_qty,Return Quantity YoY Change%,APPROVED,13:Report Builder,store_sales_&amp,,"The amount associated with the store return of merchandise to a Vendor, DC, or Return Center.Year over year change percentage for Total Store Returns Quantity = (ly_rtn_qty - ty_rtn_qty) / ly_rtn_qty"
rtn_qty,Return Quantity YoY Difference,APPROVED,13:Report Builder,store_sales_&amp,,"The amount associated with the store return of merchandise to a Vendor, DC, or Return Center.Year over year difference for Total Store Returns Quantity = ly_rtn_qty - ty_rtn_qty"
rtn_qty,Total Quantity (Returns),APPROVED,13:Report Builder,store_sales_&amp,,"The store return quantity of merchandise to a Vendor, DC, or Return Center."
rtn_qty,Total Store Returns Quantity,APPROVED,13:Report Builder,custom_datasets,,"The store return quantity of merchandise to a Vendor, DC, or Return Center."
rtn_qty,Total Store Returns Quantity YoY Change%,APPROVED,13:Report Builder,custom_datasets,,"The amount associated with the store return of merchandise to a Vendor, DC, or Return Center.Year over year change percentage for Total Store Returns Quantity = (ly\_rtn\_qty - ty\_rtn\_qty) / ly\_rtn\_qty"
rtn_qty,Total Store Returns Quantity YoY Difference,APPROVED,13:Report Builder,custom_datasets,,"The amount associated with the store return of merchandise to a Vendor, DC, or Return Center.Year over year difference for Total Store Returns Quantity = ly\_rtn\_qty - ty\_rtn\_qty"
rtn_resale_ind,Return Resale Indicator,APPROVED,3:Cloud Feeds;5:BI Link;9:API Glossary,,item_attributes;item_dimensions,Indicates if the item is sellable after it is returned. Sellable means the product can be returned to the shelf to be resold after the return. Not sellable means the product cannot be returned to the shelf for resale. The Return Sale Indicator is used to prevent a non-authentic item from being returned and resold as the authentic item.
rtn_rfnd_type_desc,Return Refund Type Description,APPROVED,9:API Glossary,,ecomm_returns,"Derived return/refund type for Walmart. Depending on return/refund quantities, values are: Return to return center, Return to store, Keep it refund."
rtn_rsn_cd,Customer Return Reason Code,APPROVED,3:Cloud Feeds;5:BI Link;9:API Glossary,,store_customer_returns,Holds the return reason codes. Value Name------------ -------------------------- '0' EMPTY '1' DOES NOT WORK '2' DAMAGED '3' INCORRECT OR MISSING ITEMS '4' POOR QUALITY '5' CHANGE MIND '6' DIDNT MEET EXPECTATIONS
rtn_rsn_cd,Store Return Reason Code,APPROVED,3:Cloud Feeds;5:BI Link;9:API Glossary,,store_returns,A coded value that identifies the reason for the store return.If return\_type\_code = 5 (Store return to Return Center)1 = Defective item2 = Recall3=Virtual Return (Item not actually sent to the return center)Used for Hazardous items and other items not returned to the return center4 = Reclamation7 = Internet8 = Overstock ReturnIf return\_type\_code = 10 (Store return to Vendor via Return Center)1 = Defective or Overstock4 = Recall
rtn_rsn_desc,Return Reason Description,APPROVED,9:API Glossary,,ecomm_returns,"The reason the customer initiated a return. Examples- No Longer Wanted, Lost After Delivery, Change Mind, Unable To Deliver, Incorrect Item Received"
rtn_sales_amt,Net Maintained Margin,APPROVED,13:Report Builder,custom_datasets;store_sales_&amp,,"It is the net profit percentage after markup/markdown is applied.Net Maintained Margin is calculated using the net initial margin % and the markdown %, instead of dollars. It does not account for changes in inventory levels, but only for the interaction of the net initial margin % and markdowns. It's one of the most commonly used store profitability metrics."
rtn_sales_amt,Return Sales Amount,APPROVED,3:Cloud Feeds;5:BI Link;9:API Glossary,,store_returns,"The Store return amount for merchandise to a Vendor, DC, or Return Center."
rtn_sales_amt,Return Sales Amount YoY Change%,APPROVED,13:Report Builder,store_sales_&amp,,"The Store return amount for merchandise to a Vendor, DC, or Return Center.Year over year change percentage for Total Store Returns Sales Amount = (ly_rtn_sales_amt - ty_rtn_sales_amt) / ly_rtn_sales_amt"
rtn_sales_amt,Return Sales Amount YoY Difference,APPROVED,13:Report Builder,store_sales_&amp,,"The Store return amount for merchandise to a Vendor, DC, or Return Center.Year over year difference for Total Store Returns Sales Amount = ly_rtn_sales_amt - ty_rtn_sales_amt"
rtn_sales_amt,Returns,APPROVED,13:Report Builder,vendor_scorecard,,"Store return dollar amount of merchandise to a Vendor, DC, or Return Center."
rtn_sales_amt,Sales Amount - Other Reason Code (Returns),APPROVED,13:Report Builder,custom_datasets;store_sales_&amp,,"The store return amount of merchandise due to other Reasons to a Vendor, DC, or Return Center."
rtn_sales_amt,Sales Amount - To DC (Returns),APPROVED,13:Report Builder,custom_datasets;store_sales_&amp,,The store return amount of merchandise to a to a Distribution Center (DC).
rtn_sales_amt,Sales Amount - To Return Center (Returns),APPROVED,13:Report Builder,custom_datasets;store_sales_&amp,,The store return amount of merchandise to a Return Center.
rtn_sales_amt,Sales Amount - To Vendor (Returns),APPROVED,13:Report Builder,custom_datasets;store_sales_&amp,,The store return amount of merchandise to a Vendor via Return Center.
rtn_sales_amt,Sales Amount- Defective and Overstock (Returns),APPROVED,13:Report Builder,,,"The store return amount of Defective or Overstock merchandise to a Return Center, Vendor."
rtn_sales_amt,Sales Amount- No return type (Returns),APPROVED,13:Report Builder,custom_datasets;store_sales_&amp,,The store return amount of merchandise with no return type.
rtn_sales_amt,Sales Amount- Recall (Returns),APPROVED,13:Report Builder,custom_datasets;store_sales_&amp,,"The store return amount of Recall merchandise to a Return Center, Vendor."
rtn_sales_amt,Store Returns,APPROVED,13:Report Builder,vendor_scorecard,,"Store return dollar amount of merchandise to a Vendor, DC, or Return Center."
rtn_sales_amt,Store Returns as % of POS Sales,APPROVED,13:Report Builder,vendor_scorecard,,The percentage of returns out of total sales.
rtn_sales_amt,Store Returns as % of Sales,APPROVED,13:Report Builder,vendor_scorecard,,This is the percentage of returns out of total sales.
rtn_sales_amt,Total Store Customer Returns Amount,APPROVED,13:Report Builder,custom_datasets,,"The store return amount of merchandise to a Vendor, DC, or Return Center."
rtn_sales_amt,Total Store Customer Returns Amount YoY Change%,APPROVED,13:Report Builder,custom_datasets;store_sales_&amp,,The total retail amount charged of each distinct item in a register transaction. This amount is in Dollars.Year over year change percentage for Total Store Customer Returns Amount = (LY\_SALES\_AMT - TY\_SALES\_AMT) / LY\_SALES\_AMT
rtn_sales_amt,Total Store Customer Returns Amount YoY Difference,APPROVED,13:Report Builder,custom_datasets;store_sales_&amp,,The total retail amount charged of each distinct item in a register transaction. This amount is in Dollars.Year over year difference for Total Store Customer Returns Amount = LY\_SALES\_AMT - TY\_SALES\_AMT
rtn_sales_amt,Total Store Returns Sales Amount,APPROVED,13:Report Builder,custom_datasets,,"The store return amount of merchandise to a Vendor, DC, or Return Center."
rtn_sales_amt,Total Store Returns Sales Amount YoY Change%,APPROVED,13:Report Builder,custom_datasets,,"The Store return amount for merchandise to a Vendor, DC, or Return Center.Year over year change percentage for Total Store Returns Sales Amount = (ly\_rtn\_sales\_amt - ty\_rtn\_sales\_amt) / ly\_rtn\_sales\_amt"
rtn_sales_amt,Total Store Returns Sales Amount YoY Difference,APPROVED,13:Report Builder,custom_datasets,,"The Store return amount for merchandise to a Vendor, DC, or Return Center.Year over year difference for Total Store Returns Sales Amount = ly\_rtn\_sales\_amt - ty\_rtn\_sales\_amt"
rtn_store_qty,Return Store Quantity,APPROVED,9:API Glossary,,ecomm_returns,Quantity returned to a store location.
rtn_type_cd,Return Type Code,APPROVED,3:Cloud Feeds;5:BI Link;9:API Glossary,,store_returns,The code that defines the type of return.Examples:5=store return to rtn center10=Store return to vendor via Rtn Center11=store return to Distribution Cntr0=No reason code
rtn_type_desc,Return Type Description,APPROVED,9:API Glossary,,ecomm_returns,"Description of return type. Values include: STORE, MARKET_PLACE, VIRTUAL_RETURN, MAIL_RETURN, CARRIER_RETURN"
rul_id,Rule ID,APPROVED,9:API Glossary,,rfid_on_hand_adjustments,"It is a Rule Identifier. Values of Rule\_ID are listed below: \- RFIDADJ: The RFIDadj values are inventory adjustments that are due to the RFID program.\- Set To Zero (STZ): If the item has an on-hand of less than two case packs and has no activity (sales, receiving, etc) in the last 3 days and has at least 2 out events then set the on-hand to 0. \- OSO (also known as XSX): If the item had an out scan in the last 90 days followed by a receiving and sell through of the entire receiving quantity (+/- 2) AND the on-hand from the prior out scan is within 2 of the current on-hand then set the on-hand to 0. \- LTO (SOAR-like logic, short-term out - NEW): If the item has at least 3 out scans, has been on our list daily for 7 days and is not on order then set the on-hand to 0. \- LTO (SOAR-like logic, long-term out - NEW): If the item has at least 3 out scans and has been on our list daily for 14 days then set the on-hand to 0."
rule_nm,Rule Name,APPROVED,9:API Glossary,,ecomm_product_content_score,A rule governing the online content of various product attributes. Examples: -Should not contain spelling errors. -The description should be well-written and easy to read.\- Must not be inaccurate. -Should contain key attributes. -Should be present.
safeway_og_ind,Safeway Online Grocery,APPROVED,2:Customer Perception,,,Indicates if Panelist uses Safeway Online Grocery
sales_amt,Amount (Customer Returns),APPROVED,13:Report Builder,store_sales_&amp,,The total retail amount charged of each distinct item in a register transaction.
sales_amt,Amount - Defective (Customer Returns),APPROVED,13:Report Builder,custom_datasets;store_sales_&amp,,The total retail amount for the returned Defective Items.
sales_amt,Amount - Reason(Change of Mind) (Customer Returns),APPROVED,13:Report Builder,custom_datasets;store_sales_&amp,,The total retail amount for the returned Items with reason Change Mind.
sales_amt,Amount - Reason(Damaged) (Customer Returns),APPROVED,13:Report Builder,custom_datasets;store_sales_&amp,,The total retail amount charged for the returned Items with reason Damaged.
sales_amt,Amount - Reason(Didn't meet Expectations) (Customer Returns),APPROVED,13:Report Builder,,,The total retail amount for the returned Items with reason Didn't Meet Expectations.
sales_amt,Amount - Reason(Didn't meet Expectations) (Customer Returns),APPROVED,13:Report Builder,custom_datasets;store_sales_&amp,,The total retail amount for the returned Items with reason Didn't Meet Expectations.
sales_amt,Amount - Reason(Does not Work) (Customer Returns),APPROVED,13:Report Builder,custom_datasets;store_sales_&amp,,The total retail amount for the returned Items with reason Does Not Work.
sales_amt,Amount - Reason(Empty) (Customer Returns),APPROVED,13:Report Builder,custom_datasets;store_sales_&amp,,The total retail amount for the returned Items with No reason Provided.
sales_amt,Amount - Reason(Incorrect/Missing item) (Customer Returns),APPROVED,13:Report Builder,custom_datasets;store_sales_&amp,,The total retail amount for the returned Items with reason Incorrect Or Missing items.
sales_amt,Amount - Reason(Poor Quality) (Customer Returns),APPROVED,13:Report Builder,custom_datasets;store_sales_&amp,,The total retail amount for the returned Items with reason Incorrect Or Missing items.
sales_amt,POS Sales,APPROVED,13:Report Builder,custom_datasets,,Total retail dollar value of units sold to customers minus any returns. This metric is only available for store-fulfilled channels.
sales_amt,POS Sales BIS,APPROVED,13:Report Builder,custom_datasets;store_sales_&amp,,Point of Sale (POS) Sales is the dollar amount of sales for a specific item number that is scanned at a store level register. This is BIS (Buy in Store) channel only data.
sales_amt,POS Sales BIS YoY Change%,APPROVED,13:Report Builder,custom_datasets;store_sales_&amp,,Point of Sale (POS) Sales is the dollar amount of sales for a specific item number that is scanned at a store level register. This is BIS (Buy in Store) channel only data.Year over year change percentage for POS Sales BIS = (pos\_bis\_sales\_last\_year - pos\_bis\_sales\_this\_year) / pos\_bis\_sales\_last\_year
sales_amt,POS Sales BIS YoY Difference,APPROVED,13:Report Builder,custom_datasets;store_sales_&amp,,Point of Sale (POS) Sales is the dollar amount of sales for a specific item number that is scanned at a store level register. This is BIS (Buy in Store) channel only data.Year over year difference for POS Sales BIS = pos\_bis\_sales\_last\_year - pos\_bis\_sales\_this\_year
sales_amt,POS Sales Delivery,APPROVED,13:Report Builder,custom_datasets;store_sales_&amp,,Point of Sale (POS) Sales is the dollar amount of sales for a specific item number that is scanned at a store level register. This is Delivery channel only data
sales_amt,POS Sales Delivery YoY Change%,APPROVED,13:Report Builder,custom_datasets;store_sales_&amp,,Point of Sale (POS) Sales is the dollar amount of sales for a specific item number that is scanned at a store level register. This is Delivery channel only data.Year over year change percentage for POS Sales Delivery = (pos\_delivery\_sales\_last\_year - pos\_delivery\_sales\_this\_year) / pos\_delivery\_sales\_last\_year
sales_amt,POS Sales Delivery YoY Difference,APPROVED,13:Report Builder,custom_datasets;store_sales_&amp,,Point of Sale (POS) Sales is the dollar amount of sales for a specific item number that is scanned at a store level register. This is Delivery channel only data.Year over year difference for POS Sales Delivery = pos\_delivery\_sales\_last\_year - pos\_delivery\_sales\_this\_year
sales_amt,POS Sales Pickup,APPROVED,13:Report Builder,custom_datasets;store_sales_&amp,,Point of Sale (POS) Sales is the dollar amount of sales for a specific item number that is scanned at a store level register. This is Pickup channel only data.
sales_amt,POS Sales Pickup YoY Change%,APPROVED,13:Report Builder,custom_datasets;store_sales_&amp,,Point of Sale (POS) Sales is the dollar amount of sales for a specific item number that is scanned at a store level register. This is Pickup channel only data.Year over year change percentage for POS Sales Pick up = (pos\_pickup\_sales\_last\_year - pos\_pickup\_sales\_this\_year) / pos\_pickup\_sales\_last\_year
sales_amt,POS Sales Pickup YoY Difference,APPROVED,13:Report Builder,custom_datasets;store_sales_&amp,,Point of Sale (POS) Sales is the dollar amount of sales for a specific item number that is scanned at a store level register. This is Pickup channel only data.Year over year difference for POS Sales Pickup = pos\_pickup\_sales\_last\_year - pos\_pickup\_sales\_this\_year
sales_amt,POS Sales SFS,APPROVED,13:Report Builder,custom_datasets;store_sales_&amp,,Point of Sale (POS) Sales is the dollar amount of sales for a specific item number that is scanned at a store level register. This is SFS (Ship from Store) channel only data.
sales_amt,POS Sales SFS YoY Change%,APPROVED,13:Report Builder,custom_datasets;store_sales_&amp,,Point of Sale (POS) Sales is the dollar amount of sales for a specific item number that is scanned at a store level register. This is SFS (Ship from Store) channel only data.Year over year change percentage for POS Sales SFS = (pos\_sfs\_sales\_last\_year - pos\_sfs\_sales\_this\_year) / pos\_sfs\_sales\_last\_year
sales_amt,POS Sales SFS YoY Difference,APPROVED,13:Report Builder,custom_datasets;store_sales_&amp,,Point of Sale (POS) Sales is the dollar amount of sales for a specific item number that is scanned at a store level register. This is SFS (Ship from Store) channel only data.Year over year difference for POS Sales SFS = pos\_sfs\_sales\_last\_year - pos\_sfs\_sales\_this\_year
sales_amt,POS Sales YoY Change%,APPROVED,13:Report Builder,custom_datasets;store_sales_&amp,,"Point of Sale (POS) Sales is the dollar amount of sales for a specific item number that is scanned at a store level register from all fulfillment channels - BIS (Buy in store), Pick-up, Delivery and SFS (Ship from store). It also includes all returns (total store returns) at the store level.Year over year change percentage for POS Sales = (pos\_sales\_last\_year - pos\_sales\_this\_year) / pos\_sales\_last\_year"
sales_amt,POS Sales YoY Difference,APPROVED,13:Report Builder,custom_datasets;store_sales_&amp,,"Point of Sale (POS) Sales is the dollar amount of sales for a specific item number that is scanned at a store level register from all fulfillment channels - BIS (Buy in store), Pick-up, Delivery and SFS (Ship from store). It also includes all returns (total store returns) at the store level.Year over year difference for POS Sales = pos\_sales\_last\_year - pos\_sales\_this\_year"
sales_amt,POS Sales in dollars,APPROVED,13:Report Builder,vendor_scorecard,,"Point of Sale (POS) Sales is the dollar amount of sales for a specific item number that is scanned at a store level register. Corresponds to POS quantity; includes all returns (total store returns) at store level. If there are no sales on an item but there are returns, then this value shows up as a negative sales amount."
sales_amt,POS Sales in units,APPROVED,13:Report Builder,vendor_scorecard,,"Point of Sale (POS) Sales is the unit amount of sold for a specific item number that is scanned at a store level register. Corresponds to POS sales in dollars; includes all returns (total store returns) at store level. If there are no units sold for an item but there are returns, then this value shows up as a negative unit amount."
sales_amt,Sales Amount,APPROVED,3:Cloud Feeds;5:BI Link;9:API Glossary,,store_customer_returns;store_sales;store_sales_new;upc_sales,The total retail amount charged of each distinct item in a register transaction. This amount is in Dollars.
sales_amt,Store Sales in dollars,APPROVED,13:Report Builder,vendor_scorecard,,Point of Sale (POS) Sales is the dollar amount of sales for a specific item number that is scanned at a store level register
sales_fcst_unavlbl_score_val,Sales Forecast Unavailable Score Value,APPROVED,5:BI Link;9:API Glossary,,digital_transactability,The percent of the current day that the item was unavailable to sell due to sales forecast setting ats (available to sale) to zero.
sales_unit_qty,Sales Quantity,APPROVED,5:BI Link;9:API Glossary,,upc_sales,"This is the Unit Quantity sold for a Store, UPC, WM\_YR\_WK combination."
sample_po_ind,Sample Purchase Order Indicator,APPROVED,3:Cloud Feeds;5:BI Link;9:API Glossary;13:Report Builder,purchase_order,oms_po_details;purchase_order_line,This indicates if this purchase order (PO) line item ordering is for a sample buy.
sb_chnl_nm,Service Channel,APPROVED,3:Cloud Feeds;5:BI Link;7:Channel Performance Insights;9:API Glossary;13:Report Builder,bottle_deposit;ecomm_sales;omni_sales,omni_sales;omni_sales_new;store_sales;store_sales_new;upc_sales,"The channel through which the order is fulfilled.If the order is placed online and fulfilled in the store, then it would have one of these values - DELIVERY, PICKUP, or SFS (Ship From Store). If it is not fulfilled in the store then it would have one of these values - S2H (Ship to Home) or S2S (Ship to Store).If the purchase was done in store and fulfilled by the store then it will have BIS (Buy in Store) as a service channel. Please see each channel (DELIVERY, PICKUP, SFS, S2H AND S2S) for more information."
sbu_nm,Strategic Business Unit Name,APPROVED,5:BI Link;9:API Glossary;13:Report Builder,omni_otif,omni_otif,The name of the Strategic Business UnitE.g.:HOMECONSUMABLESAPPARELFOODHARDLINESENTERTAINMENT TOYS AND SEASONALUNASSIGNEDEVERYDAY LIVINGHEALTH AND WELLNESSWALMART SERVICESENTERTAINMENTENTHUSIAST AND PROFESSIONALPACKAGED GOODSSNACKS BEVERAGES AND IMPULSEFRESHPANTRYCHILLED ALCOHOL AND CONVENIENCE
scac_cd,SCAC Code,APPROVED,3:Cloud Feeds;5:BI Link;9:API Glossary;13:Report Builder,purchase_order,oms_po_details;purchase_order;purchase_order_stock_transfer,Identifier for a carrier. SCAC is an acronym for Standard Carrier Abbreviation Code.
scan_cnt,Scan Count,APPROVED,3:Cloud Feeds;9:API Glossary;13:Report Builder,custom_datasets;store_sales_&amp,store_customer_returns;store_sales;store_sales_new,"Number of an item physically scanned in a register transaction. Note that this does not always reflect the number sold of that item because if a cashier uses the register's quantity key to enter the number of a given item being bought and then just scans one of them, scan_cnt will equal 1 on that item. Use unit_qty to get actual number of items sold."
scan_cnt,Scan Count - Last Year,APPROVED,5:BI Link,,store_sales,"Depending on the Service Channel this Scan\_cnt will be populated with either:\- BIS : Bought in Store. Indicates the number of items scanned at the store's POS point of sale.\- Delivery: indicates the number of items ordered on-line and fulfilled via delivery.\- Pickup: indicates the number of items ordered online and picked up at store.\- SFS: indicates the number of items ordered online and shipped from store. Note that this does not always reflect the number sold of that item because if a cashier uses the register's quantity key to enter the number of a given item being bought and then just scans one of them, scan\_cnt will equal 1 on that item. Use unit\_qty to get actual number of items sold."
scan_cnt,Scan Count - This Year,APPROVED,5:BI Link,,store_sales,"Depending on the Service Channel this Scan\_cnt will be populated with either:\- BIS : Bought in Store. Indicates the number of items scanned at the store's POS point of sale.\- Delivery: indicates the number of items ordered on-line and fulfilled via delivery.\- Pickup: indicates the number of items ordered online and picked up at store.\- SFS: indicates the number of items ordered online and shipped from store. Note that this does not always reflect the number sold of that item because if a cashier uses the register's quantity key to enter the number of a given item being bought and then just scans one of them, scan\_cnt will equal 1 on that item. Use unit\_qty to get actual number of items sold."
scan_id,Scan ID,APPROVED,3:Cloud Feeds;5:BI Link;9:API Glossary;13:Report Builder,store_markup_and_markdowns,mumd;store_customer_returns,This is an identifier for the scan type sold in a register transaction.
scan_type,Scan type,APPROVED,3:Cloud Feeds;5:BI Link;9:API Glossary,,store_customer_returns,Indicates type of item sold.Possible Values –0 Corporate Item1 Department Number Hand-Keyed Sale2 Local Store Item aka 70-Type Item (Wmt only)3 Rx Item (no item details available in DL due to privacy restrictions)4 Old Number (explanation needed)
scan_type_cd,Scan Type Code,APPROVED,3:Cloud Feeds;5:BI Link;9:API Glossary;13:Report Builder,store_markup_and_markdowns,mumd,Identifies the information in the scan id (item identifier) for this scan. Values: 0 = mds fam id (Corporate Item) 1 = Dept Nbr (Dept Nbr Hand Keyed [Dept Ring]) 2 = Local Store Item Nbr (Item created at the store and starts with 70) 3 = rx\_nbr (Pharmacy Prescription 4 = Store Item Nbr (No mds fam id found) 7 = Shipping Cost for WM Online (0 stored in scan\_id).
schdl_nil_pick_qty,Scheduled Nil Pick Quantity,APPROVED,3:Cloud Feeds;5:BI Link;9:API Glossary;13:Report Builder,custom_datasets;store_sales_&amp,store_fulfillment,The number of units not picked or substituted by a store for a scheduled order.Example:wm\_item\_nbr store\_nbr schdl\_nil\_pick\_qty 123 10 3 schdl\_nil\_pick\_rate 42.86 schdl\_nil\_pick\_rate\_nmrtr 3 schdl\_nil\_pick\_rate\_dnmntr 7
schdl_nil_pick_rate,Scheduled Nil Pick Rate,APPROVED,3:Cloud Feeds;5:BI Link;9:API Glossary;13:Report Builder,custom_datasets;store_sales_&amp,store_fulfillment,The percentage of items that were not fulfilled for scheduled orders. This is reported in a percent.Calculation: (Scheduled Nil Pick Rate Numerator) / (Scheduled Nil Pick Rate Denominator)Example:wm\_item\_nbr store\_nbr schdl\_nil\_pick\_qty 123 10 3 schdl\_nil\_pick\_rate 42.86 schdl\_nil\_pick\_rate\_nmrtr 3 schdl\_nil\_pick\_rate\_dnmntr 7
schdl_nil_pick_rate_dnmntr,Scheduled Nil Pick Rate Denominator,APPROVED,3:Cloud Feeds;5:BI Link;9:API Glossary;13:Report Builder,custom_datasets;store_sales_&amp,store_fulfillment,The quantity of actual items ordered in scheduled orders excluding cancelled items (in scheduled orders) prior to dispense.Example:wm\_item\_nbr store\_nbr schdl\_nil\_pick\_qty 123 10 3 schdl\_nil\_pick\_rate 42.86 schdl\_nil\_pick\_rate\_nmrtr 3 schdl\_nil\_pick\_rate\_dnmntr 7
schdl_nil_pick_rate_nmrtr,Scheduled Nil Pick Rate Numerator,APPROVED,3:Cloud Feeds;5:BI Link;9:API Glossary;13:Report Builder,custom_datasets;store_sales_&amp,store_fulfillment,The units not picked or substituted by a store for a scheduled order.Example:wm\_item\_nbr store\_nbr schdl\_nil\_pick\_qty 123 10 3 schdl\_nil\_pick\_rate 42.86 schdl\_nil\_pick\_rate\_nmrtr 3 schdl\_nil\_pick\_rate\_dnmntr 7
sched_arvl_dt,Scheduled Arrival Date,APPROVED,3:Cloud Feeds;5:BI Link;9:API Glossary;13:Report Builder,order_forecast;purchase_order,oms_po_details;order_demand_forecast;purchase_order_alloc_order,The shipment date recommended for the order to be delivered on time. This can be from the vendor or DC.
sched_arvl_tm,Scheduled Arrival Time,APPROVED,3:Cloud Feeds;5:BI Link;9:API Glossary;13:Report Builder,purchase_order,oms_po_details;purchase_order_alloc_order,The time the merchandise is scheduled to arrive at the receiving DC. Example: 12:00:00
sched_ship_dt,Scheduled Ship Date,APPROVED,3:Cloud Feeds;5:BI Link;9:API Glossary;13:Report Builder,order_forecast;purchase_order,oms_po_details;order_demand_forecast;purchase_order_alloc_order,The date an order is scheduled to ship.
sched_ship_tm,Scheduled Ship Time,APPROVED,3:Cloud Feeds;5:BI Link;9:API Glossary;13:Report Builder,purchase_order,oms_po_details;purchase_order_alloc_order,The time the merchandise is scheduled to ship from the DC or store. Example: 12:00:00
scndry_bnfcy_id,Secondary Beneficiary ID,APPROVED,3:Cloud Feeds;5:BI Link;9:API Glossary;13:Report Builder,purchase_order,oms_po_details;purchase_order,Import Secondary Beneficiary ID identifies the company that is the secondary beneficiary for the liability insurance of the purchase order (PO) merchandise in the import system.
score_nbr,Score Number,APPROVED,9:API Glossary,,ecomm_product_content_score,This is the score given to an attribute or a content attribute rule. Example: 0 1 0.604 0.865 0.705 0.966
seasn_cd,Season Code,APPROVED,3:Cloud Feeds;5:BI Link;9:API Glossary;13:Report Builder,custom_datasets;dc_metrics;ecomm_sales;future_valid_item_store;modular_plan_metrics;omni_otif;omni_sales;order_forecast;purchase_order;store_demand_forecast;store_markup_and_markdowns;store_sales_&amp,item_attributes;item_dimensions,"The textual description of the season code. Examples: Spring, Summer, Winter, Fall"
seasn_desc,Season Description,APPROVED,3:Cloud Feeds;5:BI Link;9:API Glossary;13:Report Builder,custom_datasets;dc_metrics;ecomm_sales;modular_plan_metrics;omni_otif;omni_sales;order_forecast;purchase_order;store_demand_forecast;store_markup_and_markdowns;store_sales_&amp,item_attributes;item_dimensions,"The textual description of the season code. Examples: Spring, Summer, Winter, Fall"
seasn_yr,Season Year,APPROVED,3:Cloud Feeds;5:BI Link;9:API Glossary;13:Report Builder,custom_datasets;dc_metrics;ecomm_sales;modular_plan_metrics;omni_otif;omni_sales;order_forecast;purchase_order;store_demand_forecast;store_markup_and_markdowns;store_sales_&amp,item_attributes;item_dimensions,"This is used with the season code to help identify items that are for a yearly season. Examples: Fall of 2004, Winter of 2003 or Spring of 2005."
seasonal_not_elig_ind,Seasonal Not Eligible Indicator,APPROVED,5:BI Link;9:API Glossary,,digital_transactability,Indicates that the item is not eligible due to seasonal reasons. Values are 0 and 1.
secur_tag_ind,Electronic Security Tag Indicator,APPROVED,3:Cloud Feeds;5:BI Link;9:API Glossary;13:Report Builder,custom_datasets;dc_metrics;ecomm_sales;modular_plan_metrics;omni_otif;omni_sales;order_forecast;purchase_order;store_demand_forecast;store_markup_and_markdowns;store_sales_&amp,item_attributes;item_dimensions,"Indicates whether or not an item is secured via an electronic tag (in our case, an Electronic Author Surveillance tag in the form of an electronic barcode) supplied by the merchandise vendor. If the electronic tag is not deactivated at a point-of-sale register, the tag will be sensed by security equipment at a store entrance/exit and result in an alarm. The use of the electronic tag is intended to reduce theft of merchandise from the stores. This is a ""Y""/""N"" indicator with a default value of ""N"" which means a specific item is not electronically secured."
seg_nbr,Segment Number,APPROVED,3:Cloud Feeds;5:BI Link;9:API Glossary,,store_dimensions,"The number associated with the segment. A segment is the highest level of alignment for stores and clubs.e.g., 13 - Walmart US"
seg_nm,Segment Name,APPROVED,3:Cloud Feeds;5:BI Link;9:API Glossary,,store_dimensions,The name associated with the segment. A segment is the highest level of alignment for stores and clubs.
segregation_cd,Segregation Code,APPROVED,3:Cloud Feeds;5:BI Link;9:API Glossary,,item_attributes;item_dimensions,Used to classify items for slotting requirements to allow segregation of merchandise. Example: Human consumable items and should not be slotted below bleach.1 - General Handling2 – HBA Oral3 - Chemical4 - Contacts Food
segregation_desc,Segregation Description,APPROVED,3:Cloud Feeds;5:BI Link;9:API Glossary,,item_attributes;item_dimensions,Description for the code used to classify items for slotting requirements to allow segregation of merchandise. Example: Human consumable items and should not be slotted below bleach.1 - General Handling2 – HBA Oral3 - Chemical4 - Contacts Food
sell_qty,Sell Quantity,APPROVED,3:Cloud Feeds;5:BI Link;9:API Glossary;13:Report Builder,custom_datasets;dc_metrics;ecomm_sales;modular_plan_metrics;omni_otif;omni_sales;order_forecast;purchase_order;store_demand_forecast;store_markup_and_markdowns;store_sales_&amp,item_attributes;item_dimensions,Short for Selling Quantity of an item. This is used in unit price calculations for Price Comparisons. Example: The Retail Price of Peter Pan Crunchy Peanut Butter is $1.68. The Sell Qty is 17.6 OZ. The calculated price per oz is 9.60 cents.
sell_uom_cd,Sell Unit of Measure Code,APPROVED,3:Cloud Feeds;5:BI Link;9:API Glossary;13:Report Builder,custom_datasets;dc_metrics;ecomm_sales;modular_plan_metrics;omni_otif;omni_sales;order_forecast;purchase_order;store_demand_forecast;store_markup_and_markdowns;store_sales_&amp,item_attributes;item_dimensions,"The Unit of Measure (UOM) of the Sell Qty. Note: This is not the UOM Sale Type. At this time, UOM Sale Type is not available in Report Builder."
sell_uom_desc,Sell Unit of Measure Description,APPROVED,3:Cloud Feeds;5:BI Link;9:API Glossary;13:Report Builder,custom_datasets;dc_metrics;ecomm_sales;modular_plan_metrics;omni_otif;omni_sales;order_forecast;purchase_order;store_demand_forecast;store_markup_and_markdowns;store_sales_&amp,item_attributes;item_dimensions,"The Unit of Measure (UOM) description of the Sell Qty. Note: This is not the UOM Sale Type. At this time, UOM Sale Type is not available in Report Builder."
send_omit_cd,Send Omit Code,APPROVED,5:BI Link;9:API Glossary,,all_traits;item_future_trait;item_trait,Used to determine whether an item will be sent to a store. These traits are used in combination to determine the stores where the item should be sent.
send_store_dt,Send to Store Date,APPROVED,3:Cloud Feeds;5:BI Link;9:API Glossary,,item_attributes;item_dimensions,"The date the item information is sent to the store. The item will be loaded into the store's item file after the evening batch process. At item creation the Send Store Date must be <= Item Effective Date. The item is sent to the store before it can be reordered. In Hardlines and Grocery the default is Today + 1 to allow review. In Softlines the default is Today (no review is needed since Softline Items are not traited and classed).At item maintenance, for active items, the Send to Store Date can be changed only if the current value is in the future. No past dates are allowed. The Send to Store date is updated when the Item Status has changed from Delete or Inactive to Active. Note: If an item has not reached a send to store date, it will not go into a stores file to scan. It is one of the tools that ""can"" be used to control an item when necessary."
sendtraits,Send Trait,APPROVED,13:Report Builder,store_sales_&amp,,"This represents what stores the traited item should be sent to or should be valid for. It is represented as (“Trait\_nbr” ++ “Trait\_connect\_cd” ++ “Trait\_nbr”) as per the order of sequence provided in ""Trait\_Seq\_Nbr"" where “Send\_Omit\_Cd” = ‘S’."
sesnl_ind,Seasonal Indicator,APPROVED,3:Cloud Feeds;5:BI Link;9:API Glossary;13:Report Builder,purchase_order,oms_po_details;purchase_order_line,This indicates if this purchase order (PO) line item ordering is for a seasonal buy.
shelf_cpcty_qty,Shelf Capacity Quantity,APPROVED,3:Cloud Feeds;5:BI Link;9:API Glossary;13:Report Builder,custom_datasets;modular_plan_metrics,modular_plan_upc,The quantity used in the picklist to bring in product from the back room for stocking the shelves. The store is allowed to change this number and it does not affect the replenishment system.
shelf_lbl_reqmt_ind,Shelf Label Requirement Indicator,APPROVED,3:Cloud Feeds;5:BI Link;9:API Glossary;13:Report Builder,custom_datasets;dc_metrics;ecomm_sales;modular_plan_metrics;omni_otif;omni_sales;order_forecast;purchase_order;store_demand_forecast;store_markup_and_markdowns;store_sales_&amp,item_attributes;item_dimensions,"The Shelf Label Requirement Indicator (i.e., Shelf Label Print flag) was used to determine if labels were produced for an item. It is currently being used by Modulars to determine if the item is to be sequenced (associated with a modular)."
shelf_life_dys_qty,Shelf Life Days Qty,APPROVED,3:Cloud Feeds;5:BI Link;9:API Glossary,,item_attributes;item_dimensions,The minimum number of days that must remain in the life of the product in order to receive it at the store. NOTE: This data is critical in Grocery distribution centers (DC) for both the receiving and picking functions.
shelf_rotation_ind,Shelf Rotation Indicator,APPROVED,3:Cloud Feeds;5:BI Link;9:API Glossary,,item_attributes;item_dimensions,"Indicates that this item should be stocked at the store with the older merchandise toward the front of the shelf and the newer merchandise toward the back of the shelf. This is used for products that have a ""Best if Used by"" date.Examples include Milk, Batteries, Medicated Shampoo and Cosmetics. An indicator of 'Y' will cause a symbol to be printed on the Shelf Label notifying the store associates to rotate the merchandise appropriately."
ship_base_net_qty,Shipped Based Net Quantity,APPROVED,13:Report Builder,bottle_deposit,,"Shipped based Units net of cancellations and returns last year. Subtracts fully refunded ""keep it refunds"" where the customer was refunded but not required to actually return, e.g., in the case of a lost delivery or damaged low price item."
ship_each_qty,Ship Each Quantity,APPROVED,3:Cloud Feeds;9:API Glossary;13:Report Builder,custom_datasets;dc_metrics,dc_item_measures,"Total, in eaches, shipped by the DC to stores. DC also considers this as sales. Calculated as ship\_whpk\_qty \* whpk\_each\_qty."
ship_each_qty,Ship Each Quantity - Last Year,APPROVED,5:BI Link,,dc_item_measures,"Total, in eaches, shipped by the DC to stores, last year. DC also considers this as sales. Calculated as ship\_whpk\_qty \* whpk\_each\_qty."
ship_each_qty,Ship Each Quantity - This Year,APPROVED,5:BI Link,,dc_item_measures,"Total, in eaches, shipped by the DC to stores, this year. DC also considers this as sales. Calculated as ship\_whpk\_qty \* whpk\_each\_qty."
ship_node_org_cd,Ship Node Organization Code,APPROVED,3:Cloud Feeds;9:API Glossary;13:Report Builder,bottle_deposit;ecomm_inventory,ecomm_inventory,"A unique code for identifying the organization (DC, store) that is shipping the product."
ship_point_cd,Ship Point Code,APPROVED,5:BI Link;9:API Glossary;13:Report Builder,omni_otif,omni_otif,Codes for Ship PointsExamples:22:Late Prenote40:Shipper Related/Incorrect InformationRC\_14:Shipper Held / Product not ReadyRC\_16:Late Inadequate AppointmentAM:Shipper Related/Incorrect InformationRC\_17:Late Prenote
ship_point_cd_desc,Ship Point Code Description,APPROVED,5:BI Link;9:API Glossary;13:Report Builder,omni_otif,omni_otif,The description of the Ship Point CodeExamples:22:Late Prenote40:Shipper Related/Incorrect InformationRC\_14:Shipper Held / Product not ReadyRC\_16:Late Inadequate AppointmentAM:Shipper Related/Incorrect InformationRC\_17:Late Prenote
ship_point_loc_fault_vnpk_qty,Supplier Ship Point Cases,APPROVED,5:BI Link;9:API Glossary;13:Report Builder,omni_otif,omni_otif;otif_(decommissioned),Number of vendor pack quantity in ship point location faulty accountability bucket.
ship_point_loc_fault_vnpk_qty,Ship Point location Fault Vendor Pack Quantity,APPROVED,13:Report Builder,,,Number of vendor pack quantity in ship point location faulty accountability bucket.
ship_whpk_rtl_amt,Ship Warehouse Pack Sell Amount,APPROVED,3:Cloud Feeds;9:API Glossary;13:Report Builder,custom_datasets;dc_metrics,dc_item_measures,"The total Warehouse Pack shipment value, shipped by the DC to stores. DCs also consider this as sales. This amount is shown in dollars ($). Calculated as: ship_whpk_qty * whpk_sell_amt.whpk_sell_amt is the dollar amount a store pays the DC to purchase a warehouse pack of this item for this year. This does not include inbound freight cost and any additional DC charges. It is the value of the warehouse inventory as it is store by the warehouse.Note: This metric is AVG(), and not SUM(), for selected time period if pulled at Walmart weekly level."
ship_whpk_rtl_amt,Ship Warehouse Pack Sell Amount - Last Year,APPROVED,5:BI Link,,dc_item_measures,"The total Warehouse Pack shipment value, shipped by the DC to stores. DCs also consider this as sales, last year. This amount is shown in dollars ($). Calculated as: ship_whpk_qty * whpk_sell_amt.whpk_sell_amt is the dollar amount a store pays the DC to purchase a warehouse pack of this item for this year. This does not include inbound freight cost and any additional DC charges. It is the value of the warehouse inventory as it is store by the warehouse.Note: This metric is AVG(), and not SUM(), for selected time period if pulled at Walmart weekly level."
ship_whpk_rtl_amt,Ship Warehouse Pack Sell Amount - This Year,APPROVED,5:BI Link,,dc_item_measures,"The total Warehouse Pack shipment value, shipped by the DC to stores. DCs also consider this as sales, this year. This amount is shown in dollars ($). Calculated as: ship_whpk_qty * whpk_sell_amt.whpk_sell_amt is the dollar amount a store pays the DC to purchase a warehouse pack of this item for this year. This does not include inbound freight cost and any additional DC charges. It is the value of the warehouse inventory as it is store by the warehouse.Note: This metric is AVG(), and not SUM(), for selected time period if pulled at Walmart weekly level."
ship_whpk_rtl_amt,Ship Warehouse Pack Sell Amount EOP,APPROVED,13:Report Builder,dc_metrics,,"The total Warehouse Pack shipment value, shipped by the DC to stores. DCs also consider this as sales. This amount is shown in dollars ($). Calculated as: ship_whpk_qty * whpk_sell_amt.whpk_sell_amt is the dollar amount a store pays the DC to purchase a warehouse pack of this item for this year. This does not include inbound freight cost and any additional DC charges. It is the value of the warehouse inventory as it is store by the warehouse.Note: This metric is the 'End of Period' value for the selected time period: For Example: ‘Friday’ for WMT weeks."
shipt_og_ind,Shipt Online Grocery,APPROVED,2:Customer Perception,,,Indicates is Panelist uses Shipt Online Grocery
shlf_life_days_qty,Shelf Life Days Quantity,APPROVED,3:Cloud Feeds;5:BI Link;9:API Glossary;13:Report Builder,purchase_order,oms_po_details;purchase_order_line,The minimum number of days that must remain in the life of the product in order to receive it at the store. NOTE: This data is critical in Grocery distribution centers (DC) for both the receiving and picking functions.
shlflbl1_colr_desc,Shelf Label Color Description,APPROVED,3:Cloud Feeds;5:BI Link;9:API Glossary;13:Report Builder,purchase_order,oms_po_details;purchase_order_line,A 6-character description that is transmitted to the store and printed on the shelf label. This is also known as the Color Description. The name of this field is misleading for all hardline merchandise. It is in fact merely another 6-character description of the merchandise. In Softlines it is selected in the system from the variants available and should have true color meaning for apparel and shoes. Also transmitted to a third party for the preparation of merchandise price tags.
shlflbl2_size_desc,Shelf Label Size Description,APPROVED,3:Cloud Feeds;5:BI Link;9:API Glossary;13:Report Builder,purchase_order,oms_po_details;purchase_order_line,A 6-character description that is transmitted to the store and printed on the shelf label. The name of this field is misleading for all hardline merchandise. It is in fact merely another 6-character description of the merchandise. In Softlines it is selected in the BIF system from the variants available and should have true size meaning for apparel and shoes. Also transmitted to a third party for the preparation of merchandise price tags.
shop_desc,Shop Description,APPROVED,3:Cloud Feeds;5:BI Link;9:API Glossary,,item_attributes;item_dimensions,"Used only in Softlines or the Shoes category and is a description for various groupings of clothing, i.e., Sportswear, Casual, etc. The Ticket description is created by combining the Fineline Number with the Shop Description."
short_whpk_qty,Short Warehouse Pack Quantity,APPROVED,3:Cloud Feeds;5:BI Link;9:API Glossary;13:Report Builder,purchase_order,oms_po_details;purchase_order_dc_receiver;purchase_order_dc_receiver_line,"The quantity, shipped in warehouse packs, that is less than the quantity recorded on the bill of lading."
shpd_based_gmv_amt,Shipped Based GMV Amount,APPROVED,3:Cloud Feeds;9:API Glossary,,omni_sales;omni_sales_new,"GMV (Gross Merchandise Value) is the actual amount collected from the customers. The revenue collected from the customer for transactions. It's the price of items after deducting savings/discounts, and adding shipping revenue. Shipped GMV is Authorized GMV excluding GMV for items cancelled by the seller or by the customer. This is the GMV amount based on the shipped based date. This amount is in shown in dollars. Note: For store channels (Delivery, Pickup, SFS, BIS), AUTH Based GMV, AUTH Based Net Sales, Shipped Based GMV, and Shipped Based Net Sales will all have the same value (i.e., the Net Sales amount). For Ecomm Channels (S2H , S2S) E.g.wm\_item\_nbr ty\_auth\_based\_gmv\_amt ty\_shpd\_based\_gmv\_amt 123456789 30 24ty\_auth\_based\_qty ty\_shpd\_based\_qty ty\_aur 5 4 6 Also see AUTH Based GMV Amount"
shpd_based_net_sales_amt,Shipped Based Net Sales Amount,APPROVED,3:Cloud Feeds;9:API Glossary,,omni_sales;omni_sales_new,"The net sales amount for all orders of an item shipped. Shipped Based Net Sales Amount is AUTH Based Net Sales Amount excluding Net Sales amount for items cancelled by the seller or by the customer. For warranties and in-house services, the Net Sales is Shipped Based GMV except for Product Cost, which essentially is the commission. This amount is shown in dollars. Note: For store channels (Delivery, Pickup, SFS, BIS), Authorized Based GMV, Authrorized Based Net Sales, Shipped Based GMV, and Shipped Based Net Sales will all have the same value (i.e., the Net Sales Amount). For Ecomm Channels (S2H , S2S) E.g. wm\_item\_nbr ty\_auth\_based\_net\_sales\_amt 123456789 50 ty\_shpd\_based\_net\_sales\_amt ty\_auth\_based\_qty 40 5 ty\_shpd\_based\_qty ty\_aur 4 10"
shpd_based_qty,Shipped Based Quantity,APPROVED,3:Cloud Feeds;9:API Glossary,,omni_sales;omni_sales_new,The number of units shipped. It excludes the number of units sold that were cancelled and/or returned. This quantity is shown in eaches. E.g. wm\_item\_nbr ty\_shpd\_based\_qty 123456789 4
shpg_chrg_amt,Current S2H Ship Charge,APPROVED,3:Cloud Feeds;5:BI Link;9:API Glossary;13:Report Builder,ecomm_inventory;omni_sales,product_dimensions,The current Ship to Home (S2H) charge is the amount Walmart is charging the customer for shipping for various shipping speeds. It gives the supplier an estimate of how much total money the customer must pay for that item or Walmart is investing in that item. Free shipping means Walmart is bearing the shipping cost and making a lower margin. All these factors are considered in cost negotiation.
shpg_chrg_amt,Shipping Charge Amount,APPROVED,9:API Glossary,,ecomm_subscriptions,The current Ship to Home (S2H) charge. It is the amount Walmart is charging the customer for shipping for various shipping speeds. It gives the supplier an estimate of how much total money the customer must pay for that item or that Walmart is investing in that item. Free shipping means Walmart is bearing the shipping cost and making a lower margin. All these factors are considered in cost negotiation. Could be for orders < $35 or customers who opted to speed up shipping.
shpg_chrg_cncl_amt,Shipping Charge Cancelled Amount,APPROVED,9:API Glossary,,ecomm_subscriptions,The amount a customer paid for shipping & fulfillment allocated to the line item cancelled. Could be for orders < $35 or customers who opted to speed up shipping.
shpg_chrg_plcd_amt,Shipping Charge Placed Amount,APPROVED,9:API Glossary,,ecomm_subscriptions,The amount a customer paid for shipping & fulfillment allocated to the line item for Placed orders. Could be for orders < $35 or customers who opted to speed up shipping.
shpg_cost_actl_amt,Shipping Cost Actual Amount,APPROVED,9:API Glossary,,ecomm_subscriptions,Actual outbound shipping cost to the customer or the store from the carrier invoice.
shpg_mthd_chrg_array,Current Lowest Ship Method,APPROVED,3:Cloud Feeds;5:BI Link;9:API Glossary;13:Report Builder,ecomm_inventory;omni_sales,product_dimensions,The minimum amount that Walmart is charging the customer for shipping. This gives the supplier an estimate of how much total money the customer must pay for that item or Walmart is investing in that item. Free shipping means Walmart is bearing the shipping cost and making a lower margin. All these factors are considered in cost negotiation.
shpg_zip_cd,Shipping Zip Code,APPROVED,13:Report Builder,bottle_deposit,,5 digit zip code of customer shipping address.
shpmnt_ts,Shipment Timestamp,APPROVED,9:API Glossary,,ecomm_subscriptions,"The carrier shipment timestamp. For store pickup orders, shpmnt\_actl\_ts is also populated with the customer pick-up timestamp.Example: 2023-06-08 05:40:25.000"
signing_desc,Signing Description,APPROVED,3:Cloud Feeds;5:BI Link;9:API Glossary;13:Report Builder,custom_datasets;dc_metrics;ecomm_sales;modular_plan_metrics;omni_otif;omni_sales;order_forecast;purchase_order;store_demand_forecast;store_markup_and_markdowns;store_sales_&amp,item_attributes;item_dimensions,"Displayed on shelf signs or flags at the store. It is used for all lines of the business (Hardlines, Grocery, etc.). It could be the same as Item description."
size_desc,Size Description,APPROVED,3:Cloud Feeds;5:BI Link;9:API Glossary;13:Report Builder,custom_datasets;dc_metrics;ecomm_sales;modular_plan_metrics;omni_otif;omni_sales;order_forecast;purchase_order;store_demand_forecast;store_markup_and_markdowns;store_sales_&amp,item_attributes;item_dimensions,"A 6-character description that is transmitted to the store and printed on the shelf label. But depending on the department, it could have a different meaning.Hardlines - It is another six-character description of the merchandise.Softlines - It is selected in the BIF system from the variants available and should have true size meaning for apparel and shoes.Also transmitted to a third party for the preparation of merchandise price tags. This is called Shelf Label 2 description in MIM."
soft_open_dt,Soft Open Date,APPROVED,3:Cloud Feeds;5:BI Link;9:API Glossary;13:Report Builder,custom_datasets;modular_plan_metrics;order_forecast;purchase_order;store_demand_forecast;store_markup_and_markdowns;store_sales_&amp,store_dimensions,The Date that the store had their soft opening to test out the system with customers.
squeeze_ind,Squeeze Indicator,APPROVED,5:BI Link;9:API Glossary,,modular_upc_location,Specifies whether to apply the product squeeze and expand factors only to positions set to use the Unit merchandising style.1=yes 0=no
src_bu_cd,Source Business Unit Code,APPROVED,9:API Glossary,,ecomm_subscriptions,Codes for the Business Unit Name. Examples:WALMART-US: 0WALMART-CA: 1WALMART-MX: 7
src_rcv_ts,Src Rcv Ts,APPROVED,6:Digital Landscapes,,,The date and time the source data file was received for processing and loading into a Data Lake / Data Warehouse table.
src_vertical_cd,Source Vertical Code,APPROVED,9:API Glossary,,ecomm_subscriptions,A unique code provided by the source for identifying a Vertical.
ss_order_whpk_cost_amt,Staple Stock Warehouse Pack Cost Amount,APPROVED,3:Cloud Feeds;9:API Glossary;13:Report Builder,custom_datasets;dc_metrics,dc_item_measures,"This year's Staple Stock warehouse pack cost of this item on outstanding (not received) purchase orders as of the current inventory date. This amount is shown in dollars ($). Calculated as: ty_ss_order_whpk_qty * whpk_cost_amt. Note: This metric is AVG(), and not SUM(), for selected time period if pulled at Walmart weekly level."
ss_order_whpk_cost_amt,Staple Stock Warehouse Pack Cost Amount - Last Year,APPROVED,5:BI Link,,dc_item_measures,Last year's Staple Stock warehouse pack cost of this item on outstanding (not received) purchase orders as of the current inventory date. This amount is shown in dollars ($). Calculated as: ty\_ss\_order\_whpk\_qty \* whpk\_cost\_amt.
ss_order_whpk_cost_amt,Staple Stock Warehouse Pack Cost Amount - This Year,APPROVED,5:BI Link,,dc_item_measures,This year's Staple Stock warehouse pack cost of this item on outstanding (not received) purchase orders as of the current inventory date. This amount is shown in dollars ($). Calculated as: ty\_ss\_order\_whpk\_qty \* whpk\_cost\_amt.
ss_order_whpk_cost_amt,Staple Stock Warehouse Pack Cost Amount EOP,APPROVED,13:Report Builder,dc_metrics,,This year's Staple Stock warehouse pack cost of this item on outstanding (not received) purchase orders as of the current inventory date. This amount is shown in dollars ($). Calculated as: ty\_ss\_order\_whpk\_qty \* whpk\_cost\_amt. Note: This metric is the 'End of Period' value for the selected time period: For Example: ‘Friday’ for WMT weeks.
ss_order_whpk_rtl_amt,Staple Stock Order Warehouse Pack Sell Amount,APPROVED,3:Cloud Feeds;9:API Glossary;13:Report Builder,custom_datasets;dc_metrics,dc_item_measures,"Staple Stock warehouse pack cost of this item on outstanding (not received) purchase orders as of the current inventory date. This amount is shown in dollars ($). Calculated as: ss_order_whpk_qty * whpk_sell_amt.whpk_sell_amt is the dollar amount a store pays the DC to purchase a warehouse pack of this item for this year. This does not include inbound freight cost and any additional DC charges. It is the value of the warehouse inventory as it is related to how much is charged to the store by the warehouse.Note: This metric is AVG(), and not SUM(), for selected time period if pulled at Walmart weekly level."
ss_order_whpk_rtl_amt,Staple Stock Order Warehouse Pack Sell Amount - Last Year,APPROVED,5:BI Link,,dc_item_measures,"Last year staple Stock warehouse pack cost of this item on outstanding (not received) purchase orders as of the current inventory date. This amount is shown in dollars ($). Calculated as: ss_order_whpk_qty * whpk_sell_amt.whpk_sell_amt is the dollar amount a store pays the DC to purchase a warehouse pack of this item for this year. This does not include inbound freight cost and any additional DC charges. It is the value of the warehouse inventory as it is related to how much is charged to the store by the warehouse.Note: This metric is AVG(), and not SUM(), for selected time period if pulled at Walmart weekly level."
ss_order_whpk_rtl_amt,Staple Stock Order Warehouse Pack Sell Amount - This Year,APPROVED,5:BI Link,,dc_item_measures,"This year staple Stock warehouse pack cost of this item on outstanding (not received) purchase orders as of the current inventory date. This amount is shown in dollars ($). Calculated as: ss_order_whpk_qty * whpk_sell_amt.whpk_sell_amt is the dollar amount a store pays the DC to purchase a warehouse pack of this item for this year. This does not include inbound freight cost and any additional DC charges. It is the value of the warehouse inventory as it is related to how much is charged to the store by the warehouse.Note: This metric is AVG(), and not SUM(), for selected time period if pulled at Walmart weekly level."
ss_order_whpk_rtl_amt,Staple Stock Order Warehouse Pack Sell Amount EOP,APPROVED,13:Report Builder,dc_metrics,,This year staple Stock warehouse pack cost of this item on outstanding (not received) purchase orders as of the current inventory date. This amount is shown in dollars ($). Calculated as: ss_order_whpk_qty * whpk_sell_amt.whpk_sell_amt is the dollar amount a store pays the DC to purchase a warehouse pack of this item for this year. This does not include inbound freight cost and any additional DC charges. It is the value of the warehouse inventory as it is related to how much is charged to the store by the warehouse.Note: This metric is the 'End of Period' value for the selected time period: For Example: ‘Friday’ for WMT weeks.
ss_ship_whpk_qty,Staple Stock Order Warehouse Quantity in units,APPROVED,13:Report Builder,custom_datasets;dc_metrics,,It is the total number of individual units of staple stock currently on order.Calculation: Warehouse Packs Staple Stock on Order X Warehouse Pack Each Quantity
ss_ship_whpk_qty,Staple Stock Order Warehouse Quantity in units-EOP,APPROVED,13:Report Builder,dc_metrics,,It is the total number of individual units of staple stock currently on order.Calculation: Warehouse Packs Staple Stock on Order X Warehouse Pack Each Quantity
ss_ship_whpk_qty,Staple Stock Ship Warehouse Pack Quantity,APPROVED,3:Cloud Feeds;9:API Glossary;13:Report Builder,custom_datasets;dc_metrics,dc_item_measures,"The Staple Stock merchandise in warehouse packs shipped by the DC to stores. DC also considers this as sales.This quantity is shown in packs.Note: This metric is AVG(), and not SUM(), for selected time period if pulled at Walmart weekly level."
ss_ship_whpk_qty,Staple Stock Ship Warehouse Pack Quantity - Last Year,APPROVED,5:BI Link,,dc_item_measures,"The Staple Stock merchandise in warehouse packs shipped by the DC to stores, last year. DC also considers this as sales.This quantity is shown in packs."
ss_ship_whpk_qty,Staple Stock Ship Warehouse Pack Quantity - This Year,APPROVED,5:BI Link,,dc_item_measures,"The Staple Stock merchandise in warehouse packs shipped by the DC to stores, this year. DC also considers this as sales.This quantity is shown in packs."
ss_ship_whpk_qty,Staple Stock Ship Warehouse Pack Quantity EOP,APPROVED,13:Report Builder,dc_metrics,,The Staple Stock merchandise in warehouse packs shipped by the DC to stores. DC also considers this as sales.This quantity is shown in packs.Note: This metric is the 'End of Period' value for the selected time period: For Example: ‘Friday’ for WMT weeks.
ss_ship_whpk_qty,Staple Stock Ship Warehouse Quantity in units,APPROVED,13:Report Builder,custom_datasets;dc_metrics,,It is the total number of individual units of Staple Stock merchandise that have been shipped from the Distribution Center (DC) to stores.Calculation: Staple Stock Ship Warehouse Pack Quantity X Warehouse Pack Each Quantity
ss_ship_whpk_qty,Staple Stock Ship Warehouse Quantity in units-EOP,APPROVED,13:Report Builder,dc_metrics,,It is the total number of individual units of Staple Stock merchandise that have been shipped from the Distribution Center (DC) to stores.Calculation: Staple Stock Ship Warehouse Pack Quantity X Warehouse Pack Each Quantity
st_addr_line_1,DC Street Address of the Location,APPROVED,13:Report Builder,order_forecast,,Street address of the warehouse location.
st_addr_line_1,Street Address Line 1,APPROVED,3:Cloud Feeds;5:BI Link;9:API Glossary;13:Report Builder,custom_datasets;dc_metrics;modular_plan_metrics;omni_otif;order_forecast;purchase_order;store_demand_forecast;store_markup_and_markdowns;store_sales_&amp,dc_dimensions;store_dimensions,The street address of the store location or warehouse street address.
st_addr_line_1,Street Address Line of the Location,APPROVED,13:Report Builder,ecomm_inventory,,The street address of the store location.
st_addr_line_1,Street Address of the Location,APPROVED,13:Report Builder,custom_datasets;dc_metrics,,Street address of the warehouse location.
st_addr_line_2,Street Address Line 2,APPROVED,3:Cloud Feeds;5:BI Link;9:API Glossary;13:Report Builder,custom_datasets;modular_plan_metrics;order_forecast;purchase_order;store_demand_forecast;store_markup_and_markdowns;store_sales_&amp,dc_dimensions;store_dimensions,The street address of the store location.
st_addr_line_3,Street Address Line 3,APPROVED,3:Cloud Feeds;5:BI Link;9:API Glossary;13:Report Builder,custom_datasets;modular_plan_metrics;order_forecast;purchase_order;store_demand_forecast;store_markup_and_markdowns;store_sales_&amp,dc_dimensions;store_dimensions,The street address of the store location.
st_addr_line_4,Street Address Line 4,APPROVED,3:Cloud Feeds;5:BI Link;9:API Glossary;13:Report Builder,custom_datasets;modular_plan_metrics;order_forecast;purchase_order;store_demand_forecast;store_markup_and_markdowns;store_sales_&amp,dc_dimensions;store_dimensions,The street address of the store location.
st_prov_cd,State/Province Code,APPROVED,5:BI Link,,dc_dimensions,This is the state or province code in which the Distribution Center(DC) or store resides.
st_prov_nm,State Province Name,APPROVED,3:Cloud Feeds;5:BI Link;9:API Glossary;13:Report Builder,store_markup_and_markdowns,store_dimensions,The name of the state or province where the business unit is located.
st_prov_nm,State or Province Name,APPROVED,13:Report Builder,custom_datasets;future_valid_item_store;modular_plan_metrics;order_forecast;purchase_order;store_demand_forecast;store_sales_&amp,,The name of the state or province where the business unit is located.
state,State,APPROVED,2:Customer Perception,,,"Status of a panelist representing user's current state. ADDED(0), // this will be obsolete once new recruitment flow in VERIFIED(1), INVITED(2), // this will be obsolete once new recruitment flow in REGISTERED(3), EMAIL_FAIL(4), UNSUBSCRIBED(5), INVITE_DAY_ONE(6), INVITE_WEEK_TWO(7), INVITE_WEEK_ONE(8), INVITE_MONTH_ONE(9), INVITE_EXPIRED(10), INVALIDATED(11), TERMS_DECLINED(12);"
state_prov_cd,State or Province Code,APPROVED,3:Cloud Feeds;5:BI Link;7:Channel Performance Insights;9:API Glossary;13:Report Builder,custom_datasets;dc_metrics;ecomm_inventory;modular_plan_metrics;omni_otif;purchase_order;store_demand_forecast;store_markup_and_markdowns;store_sales_&amp,dc_dimensions;store_dimensions,The state or province code in which the Distribution Center(DC) or store resides.
state_prov_cd,Store State or Province Code,APPROVED,13:Report Builder,order_forecast,,The state or province code in which the Distribution Center (DC) or store resides.
status,Panelist Project Status,APPROVED,2:Customer Perception,,,"""INVITED"" , ""DROPOUT"" , ""QUALIFIED"""
stk_trnsfr_leg_nbr,Stock Transfer Leg Number,APPROVED,3:Cloud Feeds;5:BI Link;9:API Glossary;13:Report Builder,purchase_order,oms_po_details;purchase_order_alloc_order,"The sequence number used by the Order Management System to inform Logistics of the order to transport merchandise within our distribution system. The ""Leg"" refers to the span between two Walmart owned facilities which moves merchandise. For instance Leg 1 might be from an import DC to a regional DC and Leg 2 might be from the regional to the store."
sto_create_dt,Stock Transfer Order Create Date,APPROVED,3:Cloud Feeds;9:API Glossary,,,This is the date when order request is created. This is a derived DATE column from Timestamp i.e. STO_CREATE_TS
sto_create_rsn_cd,Stock Transfer Order Create Reason Code,APPROVED,3:Cloud Feeds;5:BI Link;9:API Glossary;13:Report Builder,purchase_order,oms_po_details;purchase_order_stock_transfer,The code which identified the reason the Stock Transfer Order is created. Examples: 1 19 3 24 5 2
sto_create_sys_id,Stock Transfer Order Create System ID,APPROVED,3:Cloud Feeds;9:API Glossary,,purchase_order_stock_transfer,"The identifier for the System that created the Stock Transfer Order record, populated if system-created."
sto_create_ts,Stock Transfer Order Create Timestamp,APPROVED,3:Cloud Feeds;9:API Glossary,,purchase_order_stock_transfer,"The date and time the Stock Transfer Order was created, in UTC format (YYYY-DD-MM HH:MM:SS.MS).Example: 2017-10-18 14:15:51.136"
sto_fnsh_isrt_ind,Stock Transfer Order Finish Insert Indicator,APPROVED,9:API Glossary,,stock_transfer_purchase_order_cross_reference,"The indicator which denotes that the entire Stock Transfer Order has been inserted to the legacy database. Values: NULL, Y, B, F, N"
sto_fnsh_isrt_ts,Stock Transfer Order Finish Insert Timestamp,APPROVED,9:API Glossary,,stock_transfer_purchase_order_cross_reference,The date and time the Stock Transfer Order was inserted into the legacy database. Example: 2022-11-30 10:25:48.326
sto_instr_txt,Stock Transfer Order Instruction Text,APPROVED,3:Cloud Feeds;5:BI Link;9:API Glossary;13:Report Builder,purchase_order,oms_po_details;purchase_order_stock_transfer,The comments field for the Stock Transfer Order header.
sto_last_chng_ts,Stock Transfer Order Last Change Timestamp,APPROVED,3:Cloud Feeds;9:API Glossary,,purchase_order_stock_transfer,"The date and time of the last update to the Stock Transfer Order, in UTC format (YYYY-DD-MM HH:MM:SS.MS). Example: 2022-08-13 19:53:33.213"
sto_nbr,Stock Transfer Order Number,APPROVED,3:Cloud Feeds;5:BI Link;9:API Glossary;13:Report Builder,purchase_order,oms_po_details;purchase_order_alloc_order;purchase_order_stock_transfer;stock_transfer_purchase_order_cross_reference,"The number generated by the system for an order, to move merchandise between Walmart-owned locations, primarily for cross-dock."
sto_status_cd,Stock Transfer Order Status Code,APPROVED,3:Cloud Feeds;9:API Glossary;13:Report Builder,purchase_order,purchase_order_stock_transfer,The code which denotes the status of the Stock Transfer Order. Examples: 800 1200 1300 200 1400 300
sto_stop_prcss_ind,Stock Transfer Order Stop Process Indicator,APPROVED,9:API Glossary,,stock_transfer_purchase_order_cross_reference,"The indicator which denotes to stop any updates to the legacy database. Values: NULL, Y, N"
sto_stop_prcss_ts,Stock Transfer Order Stop Process Timestamp,APPROVED,9:API Glossary,,stock_transfer_purchase_order_cross_reference,The date and time associated with the updating of the Purchase Order Stop Process Indicator. Example: 2022-11-30 10:25:48.326
sto_sync_id,Stock Transfer Order Sync Identifier,APPROVED,9:API Glossary,,stock_transfer_purchase_order_cross_reference,The sequential number associated with the Stock Transfer Order number to identify the applicable order for the change. Example: 1 6 56 16
sto_sync_upd_ts,Stock Transfer Order Sync Update Timestamp,APPROVED,9:API Glossary,,stock_transfer_purchase_order_cross_reference,The date and time when the Stock Transfer Order Sync Identifier was updated. Example: 2022-11-30 10:25:48.326
storage_amt,Storage Amount,APPROVED,3:Cloud Feeds;5:BI Link;9:API Glossary;13:Report Builder,purchase_order,oms_po_details;purchase_order_line,The cost associated for storing the merchandise. This amount is in Dollars.
store_aisle_id,Store Aisle Identifier,APPROVED,3:Cloud Feeds;5:BI Link;9:API Glossary;13:Report Builder,custom_datasets;modular_plan_metrics,modular_plan_upc,A 2 - 3-digit number that maps to an aisle to a zone within a store.
store_capability_not_elig_ind,Store Capability Not Eligible Indicator,APPROVED,5:BI Link;9:API Glossary,,digital_transactability,"Indicates that the item is not eligible for store fulfillment because the store lacks the capability, and a process needs to be developed to make that possible. For example, airing up helium balloons, mixing paint, cutting fabric, etc. Values are 0 and 1."
store_item_valid_ind,Store Item Valid Indicator,APPROVED,3:Cloud Feeds;5:BI Link;9:API Glossary;13:Report Builder,custom_datasets;modular_plan_metrics,modular_plan_upc,A flag that Identifies if an item is replenishable at a certain store.Values:1 - Valid0 - Not Valid
store_mkdn_amt,Store Markdown Amount,APPROVED,3:Cloud Feeds;9:API Glossary;13:Report Builder,custom_datasets;store_sales_&amp,store_item_measures;store_item_measures_(inventory),"Store initiated markdown amount. E.g., Damage, Local Price Matching.This amount is shown in dollars."
store_mkdn_qty,Store Markdown Quantity,APPROVED,3:Cloud Feeds;9:API Glossary;13:Report Builder,custom_datasets;store_sales_&amp,store_item_measures;store_item_measures_(inventory),Number of units to which the markdown was initiated by the store. This quantity is shown in eaches.
store_nbr,DC/Store Type,APPROVED,13:Report Builder,order_forecast,,Identifies whether the business unit is a store or DC.
store_nbr,Store Number,APPROVED,3:Cloud Feeds;5:BI Link;7:Channel Performance Insights;9:API Glossary;13:Report Builder,custom_datasets;future_valid_item_store;hourly_store_inventory;modular_plan_metrics;order_forecast;purchase_order;store_demand_forecast;store_markup_and_markdowns;store_sales_&amp;tender_analysis,dc_alignment;digital_transactability;future_valid_item;hourly_store_inventory;inventory_adjustments;item_affinity;long_range_store_demand_forecast;modular_plan_upc;mtr;mumd;order_demand_forecast;out_of_stock_root_cause;rfid_on_hand_adjustments;rfid_sku;sales_tender;store_customer_returns;store_demand_forecast;store_dimensions;store_fulfillment;store_inventory;store_item_measures;store_item_measures_(inventory);store_modular;store_returns;store_sales;store_sales_new;store_trait;upc_sales,An identifying number of a store within a country. It is the most used store identifier and is an essential store attribute for reporting.?
store_nm,Store Name,APPROVED,3:Cloud Feeds;5:BI Link;7:Channel Performance Insights;9:API Glossary;13:Report Builder,custom_datasets;future_valid_item_store;modular_plan_metrics;order_forecast;purchase_order;store_markup_and_markdowns;store_sales_&amp;tender_analysis,store_dimensions,"The official name assigned to a Walmart store location.It is used in Walmart’s systems and reports to identify and reference a specific store, alongside the store number.Store names are typically descriptive and may include the city or area where the store is located."
store_order_each_qty,Store Order Each Quantity,APPROVED,3:Cloud Feeds;9:API Glossary;13:Report Builder,custom_datasets;dc_metrics,dc_item_measures,"Number of individual selling units (eaches) on hand last year that were ordered to stores. Calculated as sum(ss_ship_whpk_qty + outs_case_qty) * whpk_each_qty.Note: This metric is AVG(), and not SUM(), for selected time period if pulled at Walmart weekly level."
store_order_each_qty,Store Order Each Quantity - Last Year,APPROVED,5:BI Link,,dc_item_measures,Number of individual selling units (eaches) on hand last year that were ordered to stores. Calculated as sum(ss\_ship\_whpk\_qty + outs\_case\_qty) \* whpk\_each\_qty.
store_order_each_qty,Store Order Each Quantity - This Year,APPROVED,5:BI Link,,dc_item_measures,Number of individual selling units (eaches) on hand this year that were ordered to stores. Calculated as sum(ss\_ship\_whpk\_qty + outs\_case\_qty) \* whpk\_each\_qty.
store_order_each_qty,Store Order Each Quantity EOP,APPROVED,13:Report Builder,dc_metrics,,Number of individual selling units (eaches) on hand last year that were ordered to stores. Calculated as sum(ss\_ship\_whpk\_qty + outs\_case\_qty) \* whpk\_each\_qty.Note: This metric is the 'End of Period' value for the selected time period: For Example: ‘Friday’ for WMT weeks.
store_order_whpk_qty,Store Order Warehouse Pack Quantity,APPROVED,3:Cloud Feeds;5:BI Link;9:API Glossary;13:Report Builder,custom_datasets;dc_metrics,dc_item_measures;oms_po_details,The number of warehouse packs on-hand this year that were ordered to stores. This quantity is shown in packs. Calculated as: ss\_ship\_whpk\_qty + outs\_case\_qty.
store_order_whpk_qty,Store Order Warehouse Pack Quantity - Last Year,APPROVED,5:BI Link,,dc_item_measures,The number of warehouse packs on-hand last year that were ordered to stores. This quantity is shown in packs. Calculated as: ss\_ship\_whpk\_qty + outs\_case\_qty.
store_order_whpk_qty,Store Order Warehouse Pack Quantity - This Year,APPROVED,5:BI Link,,dc_item_measures,The number of warehouse packs on-hand this year that were ordered to stores. This quantity is shown in packs. Calculated as: ss\_ship\_whpk\_qty + outs\_case\_qty.
store_order_whpk_qty,Store Order Warehouse Pack Quantity EOP,APPROVED,13:Report Builder,dc_metrics,,The number of warehouse packs on-hand this year that were ordered to stores. This quantity is shown in packs. Calculated as: ss\_ship\_whpk\_qty + outs\_case\_qty.Note: This metric is the 'End of Period' value for the selected time period: For Example: ‘Friday’ for WMT weeks.
store_postal_code,Store Zip Code or Postal Code,APPROVED,13:Report Builder,order_forecast,,This is an identifier for geographic area for the purpose of delivering mail.
store_rcv_whpk_qty,Store Received Warehouse Pack Quantity,APPROVED,5:BI Link;13:Report Builder,purchase_order,oms_po_details,The number of warehouse packs received.
store_rtn_amt,Store Return Amount,APPROVED,9:API Glossary,,ecomm_returns,Refunds for returns to a store location.
store_sect_id,Store Section Identifier,APPROVED,3:Cloud Feeds;5:BI Link;9:API Glossary;13:Report Builder,custom_datasets;modular_plan_metrics,modular_plan_upc,A 2 - 3-digit number that maps to a section of an aisle to a zone within a store.
store_specific_cost_amt,Store Specific Cost Amount,APPROVED,3:Cloud Feeds;9:API Glossary;13:Report Builder,custom_datasets;store_sales_&amp,store_item_measures;store_item_measures_(inventory),"The unit cost for an item in the store. This amount is shown in dollars. Note: This metric is AVG(), and not SUM(), for selected time period if pulled at Walmart weekly level.Examples: Store_Nbr 1 2Item store_specific_cost_amt store_specific_rtl_amt . 100 600 620 100 650 670"
store_specific_cost_amt,Store Specific Cost Amount EOP,APPROVED,13:Report Builder,store_sales_&amp,,The unit cost for an item in the store. This amount is shown in dollars. Note: This metric is the 'End of Period' value for the selected time period: For Example: ‘Friday’ for WMT weeks.Examples: Store\_Nbr 1 2Item store\_specific\_cost\_amt store\_specific\_rtl\_amt . 100 600 620 100 650 670
store_specific_cost_amt,Store Specific Cost Amount YoY Change%,APPROVED,13:Report Builder,custom_datasets;store_sales_&amp,,The unit cost for an item in the store. This amount is shown in dollars. Examples: Store\_Nbr 1 2Item store\_specific\_cost\_amt store\_specific\_rtl\_amt . 100 600 620 100 650 670 Year over year change percentage for Store specific cost amount = (LY\_STORE\_SPECIFIC\_COST\_AMT - TY\_STORE\_SPECIFIC\_COST\_AMT) / LY\_STORE\_SPECIFIC\_COST\_AMT
store_specific_cost_amt,Store Specific Cost Amount YoY Difference,APPROVED,13:Report Builder,custom_datasets;store_sales_&amp,,The unit cost for an item in the store. This amount is shown in dollars. Examples: Store\_Nbr 1 2Item store\_specific\_cost\_amt store\_specific\_rtl\_amt . 100 600 620 100 650 670 Year over year difference for Store specific cost amount = LY\_STORE\_SPECIFIC\_COST\_AMT - TY\_STORE\_SPECIFIC\_COST\_AMT
store_specific_rtl_amt,Store Specific Retail Amount,APPROVED,3:Cloud Feeds;9:API Glossary;13:Report Builder,custom_datasets;store_sales_&amp,store_item_measures;store_item_measures_(inventory),The sell price of the item in the store as found on the Store Item Inquiry screen. This amount is shown in dollars.Store\_Nbr 1 2Item store\_specific\_cost\_amt store\_specific\_rtl\_amt . 100 600 620 100 650 670
store_specific_rtl_amt,Store Specific Retail Amount EOP,APPROVED,13:Report Builder,store_sales_&amp,,It is the sell price of the item in the store as found on the Store Item Inquiry screen.This amount is shown in dollars.Note: This metric is the 'End of Period' value for the selected time period: For Example: ‘Friday’ for WMT weeks.
store_specific_rtl_amt,Store Specific Retail Amount YoY Change%,APPROVED,13:Report Builder,custom_datasets;store_sales_&amp,,The sell price of the item in the store as found on the Store Item Inquiry screen. This amount is shown in dollars.Store\_Nbr 1 2Item store\_specific\_cost\_amt store\_specific\_rtl\_amt . 100 600 620 100 650 670 Year over year change percentage for Store specific retail amount = (LY\_STORE\_SPECIFIC\_RTL\_AMT - TY\_STORE\_SPECIFIC\_RTL\_AMT) / LY\_STORE\_SPECIFIC\_RTL\_AMT
store_specific_rtl_amt,Store Specific Retail Amount YoY Difference,APPROVED,13:Report Builder,custom_datasets;store_sales_&amp,,The sell price of the item in the store as found on the Store Item Inquiry screen. This amount is shown in dollars.Store\_Nbr 1 2Item store\_specific\_cost\_amt store\_specific\_rtl\_amt . 100 600 620 100 650 670 Year over year difference for Store specific retail amount = LY\_STORE\_SPECIFIC\_RTL\_AMT - TY\_STORE\_SPECIFIC\_RTL\_AMT
store_type_cd,Store Type Code,APPROVED,3:Cloud Feeds;5:BI Link;9:API Glossary,store_sales_&amp,dc_dimensions;store_dimensions,"A code which identifies a type of physical building. Values: 'D' - DOT'S Drug, 'G'- General Office, 'H' - Helen's Crafts, 'M' - Most Outlet, 'R' - Regular (Wal-Mart) 'S' - SAM'S Wholesale Club 'T' - Test or Control 'W - Warehouse 'Y' - WalMart Owned Hypermart 'J' - Joint Owned Hypermart 'U' - SuperCenter, 'X' - International SuperCenter, 'F' - Fuel"
store_type_desc,Store Type Description,APPROVED,3:Cloud Feeds;5:BI Link;7:Channel Performance Insights;9:API Glossary;13:Report Builder,custom_datasets;future_valid_item_store;modular_plan_metrics;order_forecast;purchase_order;store_demand_forecast;store_markup_and_markdowns;store_sales_&amp;tender_analysis,dc_dimensions;store_dimensions,The descriptive text of the code identifying the type of physical building. This is also known as Replenishment Type in ELM system.For example: • G - General Office • R - Regular (Walmart) • W – Warehouse
store_vnpk_rcv_each_qty,Store Received Vendor Pack Each Quantity,APPROVED,5:BI Link,,oms_po_details,The number of eaches received at the store from vendor packs.
store_whpk_rcv_each_qty,Store Warehouse Received Each Quantity,APPROVED,5:BI Link,,oms_po_details,The number of eaches received at the store from warehouse packs.
store_zone_id,Store Zone Identifier,APPROVED,3:Cloud Feeds;5:BI Link;9:API Glossary;13:Report Builder,custom_datasets;modular_plan_metrics,modular_plan_upc,A 1-character alphabetic code that maps to an area of the store.
street_dt,Street Date,APPROVED,3:Cloud Feeds;5:BI Link;9:API Glossary;13:Report Builder,ecomm_inventory;ecomm_sales;omni_sales,product_dimensions,The date that tells the supplier the promised day from when Walmart must start fulfilling the item. Walmart should have all inventory prior to the street date.
strg_dc_nbr,Storage Distribution Center Number,APPROVED,13:Report Builder,custom_datasets;dc_metrics;store_demand_forecast;store_sales_&amp,,Storage Distribution Center Number is a number that identifies a distribution center within a country. Storage Distribution Center is relevant to Import DC as part of the alignment.
strg_ind,Storage Indicator,APPROVED,3:Cloud Feeds;5:BI Link;9:API Glossary;13:Report Builder,purchase_order,oms_po_details;purchase_order,Indicates if there is a storage facility indicated for the order.
subclass_nbr,Subclass Number,APPROVED,3:Cloud Feeds;5:BI Link;9:API Glossary;13:Report Builder,purchase_order,oms_po_details;purchase_order_line,Identifies the hierarchal grouping of items. Subclass is the first merchandise grouping directly under Department. An item can only be in one Department and Subclass.
subdiv_nbr,Subdivision Number,APPROVED,3:Cloud Feeds;5:BI Link;9:API Glossary;13:Report Builder,custom_datasets;modular_plan_metrics;order_forecast;purchase_order;store_demand_forecast;store_markup_and_markdowns;store_sales_&amp;tender_analysis,store_dimensions,The highest level of operational alignment for Walmart.
subdiv_nm,Subdivision Name,APPROVED,3:Cloud Feeds;5:BI Link;9:API Glossary;13:Report Builder,custom_datasets;modular_plan_metrics;order_forecast;purchase_order;store_demand_forecast;store_markup_and_markdowns;store_sales_&amp;tender_analysis,store_dimensions,Walmart US segmentation of the business both from an operating business unit and geographical locations.
subscr_cncl_dt,Subscription Cancelation Date,APPROVED,9:API Glossary,,ecomm_subscriptions,The date of subscription cancellation.Format - YYYY/MM/DD
subscr_create_dt,Subscription Create Date,APPROVED,9:API Glossary,,ecomm_subscriptions,The date of the subscription creation.Format - YYYY/MM/DD
subscr_end_dt,Subscription End Date,APPROVED,9:API Glossary,,ecomm_subscriptions,The end date of the subscription.Format - YYYY/MM/DD
subscr_id,Subscription Id,APPROVED,9:API Glossary,,ecomm_subscriptions,The identifier of the subscription selected by the customer.
subscr_item_price_val,Subscription Item Price Value,APPROVED,9:API Glossary,,ecomm_subscriptions,The Price Value of the subscribed item.
subscr_item_qty,Subscription Item Quantity,APPROVED,9:API Glossary,,ecomm_subscriptions,The quantity of the subscribed item.
subscr_start_dt,Subscription Start Date,APPROVED,9:API Glossary,,ecomm_subscriptions,The start date of the subscription.Format - YYYY/MM/DD
subscr_status_nm,Subscription Status Name,APPROVED,9:API Glossary,,ecomm_subscriptions,"The name of the subscription status.Values: ACTIVE, INACTIVE"
subscr_sub_type_nm,Subscription Sub Type Name,APPROVED,9:API Glossary,,ecomm_subscriptions,"The derivative column of the Subscription Type Name. Values:1P-item , 3P-item.This column is based on the Subscription Offer ID.For example, if the Subscription Type Name = ITEM, the Subscription Sub Type Name will be Walmart Or Market Place."
subscr_type_nm,Subscription Type Name,APPROVED,9:API Glossary,,ecomm_subscriptions,"The name of the subscription type. Examples: ITEM,PETRX"
subst_ind,Substitution Indicator,APPROVED,3:Cloud Feeds;5:BI Link;9:API Glossary;13:Report Builder,purchase_order,oms_po_details;purchase_order_alloc_order,"The indicator which denotes if the substitution of an item number (alternate item to prime) is allowed. Values: 0, 1"
sugg_order_dt,Suggested Order Date,APPROVED,5:BI Link;9:API Glossary;13:Report Builder,order_forecast,order_demand_forecast,The date on which the replenishment order is created.
supplier_disp_ind,Supplier Display Indicator,APPROVED,3:Cloud Feeds;5:BI Link;9:API Glossary,,item_attributes;item_dimensions,"Indicates if a Supplier Display is available. Y - Supplier display is available, and ""SD"" will show on the sign."
supplier_hash_id,Supplier Hash ID,APPROVED,3:Cloud Feeds;5:BI Link,,item_dimensions;omni_sales;product_dimensions;store_item_measures_(inventory);store_sales,The technical identifier for a Supplier.
supplier_owned_unfilled_vnpk_qty,Supplier Affected Cases,APPROVED,5:BI Link;9:API Glossary;13:Report Builder,omni_otif,omni_otif;otif_(decommissioned),The number of vendor packs in the Unfilled (UNF) Accountability bucket
supplier_owned_unfilled_vnpk_qty,Supplier Owned Unfilled Vendor Pack Quantity,APPROVED,13:Report Builder,,,Number of vendor pack quantity in unfilled (UNF) accountability bucket.
survey_type,Survey Type,APPROVED,2:Customer Perception,,,"Type of Survey, either qualitative or Quantitative."
tab_event_ind,Tab Event Indicator,APPROVED,3:Cloud Feeds;9:API Glossary;13:Report Builder,purchase_order,purchase_order_line,Indicates if this purchase order (PO) line is on a monthly tab.
tab_event_ind,Tabloid Event Indicator,APPROVED,3:Cloud Feeds;5:BI Link;9:API Glossary,,oms_po_details;purchase_order_alloc_order,Indicates if this Purchase Order (PO) line is on a monthly tab.
tab_rcv_qty,Tab Receiving Quantity,APPROVED,3:Cloud Feeds;9:API Glossary;13:Report Builder,custom_datasets;store_sales_&amp,store_item_measures;store_item_measures_(inventory),"The number of tab item eaches that has been received at the store on a tab invoice since the last tab date. It is also called the Tab.Additional information: Tab is a type of promotion where Walmart puts a multi-page flyer in the newspaper/digital version (top of specific store’s page in [walmart.com/app](http://walmart.com/app)) that features products to customers. It runs for certain duration. When an item is “put on Tab” there is an increase in demand at the store for that item. To accommodate for that temporary increase in demand, suppliers are often asked to ship in a special shipment of merchandise into the stores (via the distribution centers (DC)) that the store holds in the backroom and can replenish the shelves with as the item sells more quickly. To separate the normal flow of inventory into the store from the inventory marked for the Tab promotion, this field is used."
target_complete,Target Completes,APPROVED,2:Customer Perception,,,The number of completed surveys you would like to collect. Also known as a Quota.
tax_rtn_amt,Tax Returned Amount,APPROVED,9:API Glossary,,ecomm_returns,Sales tax refunded to customer.
temp_close_dt,Temporary Close Date,APPROVED,3:Cloud Feeds;5:BI Link;9:API Glossary,,store_dimensions,"In the event that a store needs to be closed for a temporary period, this is the date of that closing. This can be for things such as fires, tornados, and flooding."
temp_reopn_dt,Temporary Reopen Date,APPROVED,3:Cloud Feeds;5:BI Link;9:API Glossary,,store_dimensions,"In the event that a store needs to be closed for a temporary period, this is the date of that closing. This can be for things such as fires, tornados, and flooding."
tempr_sensitive_ind,Temperature Sensitive Indicator,APPROVED,3:Cloud Feeds;5:BI Link;9:API Glossary,,item_attributes;item_dimensions,Used for the ideal and acceptable temperatures of merchandise. Examples: CE - Celsius and FA - Fahrenheit.
tempr_uom_cd,Temperature UOM Code,APPROVED,3:Cloud Feeds;5:BI Link;9:API Glossary,,item_attributes;item_dimensions,Used for the ideal and acceptable temperatures of merchandise. Examples: CE - Celsius and FA - Fahrenheit.
tgt_og_ind,Target Online Grocery,APPROVED,2:Customer Perception,,,Indicates if Panelist uses Target online grocery
tndr_type_cd,Tender Group,APPROVED,9:API Glossary;13:Report Builder,tender_analysis,sales_tender,"Tender group categorizes different tender type codes into groups, such as ECA, case, Check/Debit, Credit, Discount/Coupons, Government Tender, and other Tenders."
tndr_type_cd,Tender Type,APPROVED,13:Report Builder,tender_analysis,,"TENDER TYPE CODE is a number that identifies a kind of tender. Examples include: cash, credit, debit, check, etc."
tndr_type_cd,Tender Type Code,APPROVED,9:API Glossary,,sales_tender,"A number that identifies a kind of tender. Examples include: cash, credit, debit, check, etc"
tndr_type_desc,Tender Type Description,APPROVED,9:API Glossary;13:Report Builder,tender_analysis,sales_tender,"The description of a kind of tender. Examples include: check tender, credit, WIC tender, gift certf tender, debt tender, Sam's consumer credit, Sam's business credit, etc."
to_geo_region_cd,To Geographic Region Code,APPROVED,3:Cloud Feeds;9:API Glossary,,purchase_order_alloc_order,The code of the geographic region of the store where the merchandise is sent. Examples: AR - Argentina BR - Brazil CA - Canada CN - China GB - Great Britain IN - India JP - Japan K1 - Central America K2 - Chile K3 - Southern Africa MX - Mexico US - United States WW - World Wide
to_oms_banner_cd,To Order Management System Banner Code,APPROVED,3:Cloud Feeds;5:BI Link;9:API Glossary;13:Report Builder,purchase_order,oms_po_details;purchase_order_alloc_order,"The code which represents the sign or banner on the outside of the receiving store. Examples: B1, B4, C7, D7, F3"
to_oms_home_ofc_id,To Order Management System Home Office ID,APPROVED,3:Cloud Feeds;5:BI Link;9:API Glossary;13:Report Builder,purchase_order,oms_po_details;purchase_order_alloc_order,"The identifier of the Home Office associated with the receiver on the Allocation Order. Examples: 1: Walmart Inc, USA Home Office Walmart Inc, Canada Home Office Walmart Inc, Central America Home Office"
to_oms_sync_ts,To OMS Sync Timestamp,APPROVED,9:API Glossary,,stock_transfer_purchase_order_cross_reference,"The date and time for the creation of the first Stock Transfer Order, for the Legacy to Order management system sync. Example: 2022-11-30 10:25:48.326"
to_op_cmpny_cd,To Operational Company Code,APPROVED,3:Cloud Feeds;5:BI Link;9:API Glossary;13:Report Builder,purchase_order,oms_po_details;purchase_order_alloc_order,"The code which identifies the Operational Company. ID Operational Company Code Description 0 WMT-US The operational company Walmart in the US geo-region 1 SAMS-US The operational company SAMSClub in the US geo-region 2 WMT The operational company Walmart in the WorldWide region 3 SAMS-MX The operational company SAMSClub in the MX geo-region 4 WMT-K1 The operational company Walmart in the K1 (Central America) geo-region. Note: Although operational company is an atomic column, based on known use cases and for user convenience we chose to populate it as ""Operational Company Code""(HYPHEN)""Geo Region""."
to_store_nbr,To Store Number,APPROVED,3:Cloud Feeds;9:API Glossary,,purchase_order_alloc_order,The store number of the destination store for the allocation order.
to_whse_area_cd,To Warehouse Area Code,APPROVED,3:Cloud Feeds;5:BI Link;9:API Glossary;13:Report Builder,purchase_order,oms_po_details;purchase_order_alloc_order,"The code which identifies sections of warehouse to receive product. Examples: 0, 10, 20, 30, 41, 42"
tot_allow_amt,Total Allowance Amount,APPROVED,9:API Glossary,,coops,"The monetary amount for the total deal or monthly deduction amount for COOP. COOPs, which can be quarterly, semi-annual or annual COOPs, are billed monthly."
tot_basket_cnt,Total Basket count,APPROVED,3:Cloud Feeds;5:BI Link;9:API Glossary,,item_affinity,The total number of transactions (baskets) containing the primary item in a week.
tot_cpcty_qty,Total Capacity Quantity,APPROVED,5:BI Link;9:API Glossary,,modular_upc_location,This is the sum of the total capacity of a product on a specific MODULAR PLANOGRAM.
tot_depth_facing_qty,Total Depth Facing Quantity,APPROVED,5:BI Link;9:API Glossary,,modular_upc_location,The sum of the depth\_facings\_nbr of a product on this modular plan.
tot_hrznl_facing_qty,Total Horizontal Facing Quantity,APPROVED,5:BI Link;9:API Glossary,,modular_upc_location,This is the sum of the horiz\_facings\_nbr of a product on this modular plan.
tot_hrznl_facings_qty,Total Horizontal facings Quantity,APPROVED,3:Cloud Feeds;5:BI Link;9:API Glossary;13:Report Builder,custom_datasets;modular_plan_metrics,modular_plan_upc,The sum of horizontal facings of a product.
tot_rtn_amt,Total Return Amount,APPROVED,9:API Glossary,,ecomm_returns,A derived field to depict the total return amount. Calculated as: rfnd\_full\_rtn\_cntr\_amt + rfnd\_full\_store\_amt + tax\_rfnd\_amt + rfnd\_full\_no\_rtn\_amt
tot_rtn_qty,Total Return Quantity,APPROVED,9:API Glossary,,ecomm_returns,A derived field to depict the total return quantity. Calculated as follows: rtn\_cntr\_qty + rtn\_store\_qty + rfnd\_full\_no\_rtn\_qty
tot_unit_qty,Units by Tender,APPROVED,9:API Glossary;13:Report Builder,tender_analysis,sales_tender,An aggregated field to calculate total qty purchased (by tender type) of any item. UNIT QTY is for weighable items: contains the unit weight of the item that was scanned. Example: 1 package of hamburger that weighs 5 lbs. The scan count would be 1 and the unit qty would be 5 Lbs. For non-weighable items: contains the scan (each) qty. Example: 2 box of tissues. The scan count and unit qty would be 2.
tot_vertical_facing_qty,Total Vertical Facing Quantity,APPROVED,5:BI Link;9:API Glossary,,modular_upc_location,The sum of the vert\_facings\_nbr of a product on this modular plan.
tot_vertical_facings_qty,Total Vertical Facings Quantity,APPROVED,3:Cloud Feeds;5:BI Link;9:API Glossary;13:Report Builder,custom_datasets;modular_plan_metrics,modular_plan_upc,The sum of vertical facings of a product.
total_qty,Total Cases,APPROVED,5:BI Link;9:API Glossary;13:Report Builder,omni_otif,omni_otif;otif_(decommissioned),Number of vendor pack quantity in unfilled (UNF) accountability bucket.
total_vendor_owned_vnpk_qty,Total Vendor Owned Vendor Pack Quantity,APPROVED,5:BI Link;9:API Glossary;13:Report Builder,omni_otif,omni_otif,Total number of vendor packs received under the vendor accountability.
total_vnpk_cost_amt,Total COGs,APPROVED,9:API Glossary,,otif_(decommissioned),Total retail amount for a line.
total_vnpk_cost_amt,Total Vendor Pack Cost Amount,APPROVED,5:BI Link;9:API Glossary;13:Report Builder,omni_otif,omni_otif,Total retail amount for a PO line. This amount is shown in dollars.
total_walmart_owned_vnpk_qty,Total Walmart Owned Vendor Pack Quantity,APPROVED,5:BI Link;9:API Glossary;13:Report Builder,omni_otif,omni_otif,Total number of vendor pack quantity received under Walmart’s accountability.
total_walmart_owned_vnpk_qty,Walmart Affected Cases,APPROVED,9:API Glossary,,otif_(decommissioned),Total number of vendor pack quantity received under Walmart’s accountability.
trait_category_desc,Trait Category Description,APPROVED,5:BI Link;9:API Glossary;13:Report Builder,modular_plan_metrics,all_traits;traits,The Description of the Trait Category. Examples: trait\_nbr trait\_category\_desc 800 operations alignment801 operations alignment trait\_group\_desc trait\_desc align regions region #01 align regions region #02 Additional information: Trait hierarchy contains the following 3 levels: 1\. Trait Category Description2\. Trait Group Description3\. Trait Description and Trait Number
trait_connect_cd,Trait Connect Code,APPROVED,5:BI Link;9:API Glossary,,all_traits;item_future_trait;item_trait,"An operand that determines how traits are combined. This tells how the connection is made to the next trait in the sequence.""A"" - AND ""O"" - OR"
trait_desc,Trait Description,APPROVED,5:BI Link;9:API Glossary;13:Report Builder,custom_datasets;modular_plan_metrics;store_sales_&amp,all_traits;traits,The Trait description. Examples: trait\_nbr trait\_category\_desc 800 operations alignment801 operations alignment trait\_group\_desc trait\_desc align regions region #01 align regions region #02 Additional information: Trait hierarchy contains the following 3 levels: 1\. Trait Category Description2\. Trait Group Description3\. Trait Description and Trait Number
trait_group_desc,Trait Group Description,APPROVED,5:BI Link;9:API Glossary;13:Report Builder,modular_plan_metrics,all_traits;traits,The Trait Group description. Examples: trait\_nbr trait\_category\_desc 800 operations alignment801 operations alignment trait\_group\_desc trait\_desc align regions region #01 align regions region #02 Additional information: Trait hierarchy contains the following 3 levels: 1\. Trait Category Description2\. Trait Group Description3\. Trait Description and Trait Number
trait_intensity_1_val,Trait Intensity Value 1,APPROVED,13:Report Builder,modular_plan_metrics,,"INTENSITY VALUE1 provides exact precision of how intense this attribute is. For example, if trait = Hispanic population, this number would represent total population. If trait = store is near a college, this number would represent how close the store is from the college."
trait_intensity_2_val,Trait Intensity Value 2,APPROVED,13:Report Builder,modular_plan_metrics,,INTENSITY\_VALUE2 is always used in conjunction with intensity\_value1 which provides exact precision of how intense this attribute is.
trait_number,Trait Number,APPROVED,5:BI Link;9:API Glossary;13:Report Builder,custom_datasets;modular_plan_metrics;store_sales_&amp,all_traits;item_future_trait;item_trait;modular_traits;store_trait;traits,An assigned number that represents a set of distinguishing characteristics or qualities of a person or group. Examples: trait\_nbr trait\_category\_desc 800 operations alignment801 operations alignment trait\_group\_desc trait\_desc align regions region #01 align regions region #02 Additional information: Trait hierarchy contains the following 3 levels: 1\. Trait Category Description2\. Trait Group Description3\. Trait Description and Trait Number
trait_rsn_cd,Trait Reason Code,APPROVED,13:Report Builder,modular_plan_metrics,,This is a system assigned identifier corresponding to the reason of the trait change.
trait_rsn_desc,Trait Reason Description,APPROVED,13:Report Builder,modular_plan_metrics,,It describes the reason of the trait change.
trait_seq_nbr,Trait Sequence Number,APPROVED,5:BI Link;9:API Glossary,,all_traits;item_future_trait;item_trait,The sequence at which the trait should be applied. It determines the order of the operands for the trait connector code.
traited_cnt,Traited Store Count,APPROVED,13:Report Builder,custom_datasets;store_sales_&amp,,"The store count of all the items with the replenishment status as Active, Inactive and New. If the value of this metric is 1 it’s traited; if 0 it’s not traited."
traited_cnt,Traited Store/Item Count,APPROVED,9:API Glossary;13:Report Builder,store_sales_&amp,store_item_measures;store_item_measures_(inventory),"Store count of all the items with the replenishment status as Active, Inactive and New.Values: 1 - Traited0 â€“ Not Traited Note : The Traited Store/Item Count is aggregated at the item level to get the distinct store count at each item level."
trans_type_cd,Transaction Type Code,APPROVED,9:API Glossary,,mtr,The type of receiving being logged.Examples:0 = Ship and Bill1 = Direct Ship Delivery2 = Wal-Mart Distribution Center3 = Merchandise Transfer Report Received4 = Inventory Adjustment5 = Return Center Claim or Merchandise Trans
trbl_qty,Trouble Quantity,APPROVED,3:Cloud Feeds;9:API Glossary,,ecomm_inventory,"Applies to all units that are flagged by Walmart.com or via the DC as being not Available to Sell (due to damages, recalls, quality control issues, etc) and are said to be in the “Trouble” bucket."
trgt_shelf_qty,Target Shelf Quantity,APPROVED,3:Cloud Feeds;9:API Glossary;13:Report Builder,custom_datasets;store_sales_&amp,store_item_measures;store_item_measures_(inventory),"This is the targeted number of eaches that should be stocked on the shelf. A shelf should be stocked based upon the sales volume.Note: This metric is AVG(), and not SUM(), for selected time period if pulled at Walmart weekly level."
trgt_shelf_qty,Target Shelf Quantity EOP,APPROVED,13:Report Builder,store_sales_&amp,,This is the targeted number of eaches that should be stocked on the shelf. A shelf should be stocked based upon the sales volume.Note: This metric is the 'End of Period' value for the selected time period: For Example: ‘Friday’ for WMT weeks.
trip_id,Trip Id,APPROVED,3:Cloud Feeds;5:BI Link;9:API Glossary;13:Report Builder,purchase_order,oms_po_details;purchase_order,Identifies the buy trip for the merchandise. This originates in the Sourcing/Imports system.
trlr_nbr,Trailer ID,APPROVED,3:Cloud Feeds;5:BI Link;9:API Glossary;13:Report Builder,omni_otif;purchase_order,omni_otif;oms_po_details;otif_(decommissioned);purchase_order_dc_receiver,The unique ID that identifies the trailer delivering the merchandise to the stores.
trnsp_mode_cd,Transportation Mode Code,APPROVED,3:Cloud Feeds;5:BI Link;9:API Glossary;13:Report Builder,purchase_order,oms_po_details;purchase_order;purchase_order_stock_transfer,"A number that identifies a way to transport freight from one location to another. Transport examples include: LTL, TL, Rail, Small Package, etc. Examples:1 = Less than Truckload 3 = Truck Load 5 = Rail"
trnsp_mode_desc,Delivery Mode,APPROVED,9:API Glossary;13:Report Builder,purchase_order,otif_(decommissioned),"This is a number that identifies a way to transport freight from one location to another. Examples include: LTL, TL, Rail, Small Package, etc. 1 = Less than Truckload, 3 = Truck Load, 5 = Rail."
trnsp_mode_desc,Transportation Mode Description,APPROVED,3:Cloud Feeds;5:BI Link;9:API Glossary,,oms_po_details;purchase_order,"The description of the number that identifies a way to transport freight from one location to another.Examples: LTL, TL, Rail, Small Package, etc.1 = Less than Truckload3 = Truck Load5 = Rail"
ty_aur,AUR Delivery,APPROVED,13:Report Builder,custom_datasets;store_sales_&amp,,"Average Unit Retail (AUR) is the average selling price per unit of items sold before any savings, discounts, or shipping revenues are applied. It is calculated by dividing the total gross merchandise value (GMV, excluding discounts and shipping) by the total number of units sold. AUR is a key metric for understanding product pricing trends and the overall price mix of your assortment. An increase in AUR may indicate higher sales of premium-priced items, while a decrease could signal more sales of lower-priced items or pricing adjustments in the market.This data is specific to Delivery channel."
ty_aur,AUR Delivery YoY Change%,APPROVED,13:Report Builder,custom_datasets;store_sales_&amp,,"Average Unit Retail (AUR) is the average selling price per unit of items sold before any savings, discounts, or shipping revenues are applied. This attribute is specific for calculating Year over year change percentage for AUR in Delivery channel.Formula :(aur_delivery_last_year - aur_delivery_this_year) / aur_delivery_last_year"
ty_aur,AUR Delivery YoY Difference,APPROVED,13:Report Builder,custom_datasets;store_sales_&amp,,"Average Unit Retail (AUR) is the average selling price per unit of items sold before any savings, discounts, or shipping revenues are applied. This attribute is specific for calculating Year over year difference for AUR in Delivery channel.Formula:aur_delivery_last_year - aur_delivery_this_year"
ty_aur,AUR Pickup,APPROVED,13:Report Builder,custom_datasets;store_sales_&amp,,"Average Unit Retail (AUR) is the average selling price per unit of items sold before any savings, discounts, or shipping revenues are applied. It is calculated by dividing the total gross merchandise value (GMV, excluding discounts and shipping) by the total number of units sold. AUR is a key metric for understanding product pricing trends and the overall price mix of your assortment. An increase in AUR may indicate higher sales of premium-priced items, while a decrease could signal more sales of lower-priced items or pricing adjustments in the market.This data is specific to Pickup channel."
ty_aur,AUR Pickup YoY Change%,APPROVED,13:Report Builder,custom_datasets;store_sales_&amp,,"Average Unit Retail (AUR) is the average selling price per unit of items sold before any savings, discounts, or shipping revenues are applied. This attribute is specific for calculating Year over year change percentage for AUR in Pickup channel.Formula :(aur_pickup_last_year - aur_pickup_this_year) / aur_pickup_last_year"
ty_aur,AUR Pickup YoY Difference,APPROVED,13:Report Builder,custom_datasets;store_sales_&amp,,"Average Unit Retail (AUR) is the average selling price per unit of items sold before any savings, discounts, or shipping revenues are applied. This attribute is specific for calculating Year over year difference for AUR in Pickup channel.Formula:aur_pickup_last_year - aur_pickup_this_year"
ty_aur,AUR SFS,APPROVED,13:Report Builder,custom_datasets;store_sales_&amp,,"Average Unit Retail (AUR) is the average selling price per unit of items sold before any savings, discounts, or shipping revenues are applied. It is calculated by dividing the total gross merchandise value (GMV, excluding discounts and shipping) by the total number of units sold. AUR is a key metric for understanding product pricing trends and the overall price mix of your assortment. An increase in AUR may indicate higher sales of premium-priced items, while a decrease could signal more sales of lower-priced items or pricing adjustments in the market.This data is specific to SFS (Ship from Store) channel."
ty_aur,AUR SFS YoY Change%,APPROVED,13:Report Builder,custom_datasets;store_sales_&amp,,"Average Unit Retail (AUR) is the average selling price per unit of items sold before any savings, discounts, or shipping revenues are applied. This attribute is specific for calculating Year over year change percentage for AUR in SFS (Ship from Store) channel.Formula : (aur_sfs_last_year - aur_sfs_this_year) / aur_sfs_last_year"
ty_aur,AUR SFS YoY Difference,APPROVED,13:Report Builder,custom_datasets;store_sales_&amp,,"Average Unit Retail (AUR) is the average selling price per unit of items sold before any savings, discounts, or shipping revenues are applied. This attribute is specific for calculating Year over year difference for AUR in SFS (Ship from Store) channel.Formula:aur_sfs_last_year - aur_sfs_this_year"
ty_aur,AUR YoY Change%,APPROVED,13:Report Builder,custom_datasets;store_sales_&amp,,"Average Unit Retail (AUR) is the average selling price per unit of items sold before any savings, discounts, or shipping revenues are applied. This attribute is specific for calculating Year over year change percentage for AUR.Formula : (aur_last_year - aur_this_year) / aur_last_year"
ty_aur,AUR YoY Difference,APPROVED,13:Report Builder,custom_datasets;store_sales_&amp,,"Average Unit Retail (AUR) is the average selling price per unit of items sold before any savings, discounts, or shipping revenues are applied. This attribute is specific for calculating Year over year difference for AUR.Formula:aur_last_year - aur_this_year"
ty_aur,Store AUR (Avg Unit Retail),APPROVED,13:Report Builder,vendor_scorecard,,"Average Unit Revenue (AUR) reflects the average price (excluding savings, discounts, or shopping revenues) of the sold items in your category or sub-category."
ty_aur,This Year AUR,APPROVED,3:Cloud Feeds;5:BI Link;9:API Glossary,omni_sales,omni_sales;store_sales,"Average Unit Revenue (AUR) reflects the average price (excluding savings, discounts, or shopping revenues) of the sold items in your category or sub-category. It is a good proxy for product pricing. This amount is shown in dollars. For example, if your AUR is going up, then look for changes in the performance of higher-priced items in your assortment. If your AUR is declining, then look out for any changes in Smart Pricing or your competitors' pricing. Last Year AUR shows the same selected time range as AUR but for last year. Calculation: (ty\_auth\_based\_gmv\_amt) / (ty\_auth\_based\_qty) Example: wm\_item\_nbr ty\_auth\_based\_gmv\_amt 123456789 30ty\_auth\_based\_qty ty\_aur 5 6"
ty_auth_based_gmv_amt,AUTH Based GMV Amount - This Year,APPROVED,5:BI Link;7:Channel Performance Insights;9:API Glossary;13:Report Builder,omni_sales,omni_sales,"GMV (Gross Merchandise Value) is the actual amount collected from the customers. The revenue collected from the customer for transactions. It's the price of items after deducting savings/discounts, and adding shipping revenue.AUTH GMV is Placed GMV excluding GMV for items cancelled because they didn't pass fraud check. This is the GMV amount based on auth based date.Note: For store channels, AUTH Based GMV, AUTH Based Net Sales, Shipped Based GMV, and Shipped Based Net Sales will all have the same value (i.e., the Net Sales amount). This amount is shown in dollars."
ty_auth_based_net_sales_amt,AUTH Based Net Sales Amount - This Year,APPROVED,5:BI Link;7:Channel Performance Insights;9:API Glossary;13:Report Builder,omni_sales,omni_sales,"This is the revenue recorded financially (sometimes AUTH Based Net Sales is labeled as revenue in reporting). AUTH Based Net Sales is Auth GMV except for MP (Marketplace) and services sales (In Home Services, Warranties etc.) where AUTH Based Net Sales is the commission received by Walmart. AUTH Based Net Sales is what goes on the books as actual revenue. This amount is shown in dollars.If Walmart ""subsidizes"" Walmart's MP prices to match the Competitor, the subsidy is also deducted from the AUTH Based Net Sales. For example, if the MP item price is $100, Walmart matches the Competitor at $90 and collects a $15 commission. Then, AUTH Based Net Sales would equal $15 (commission) - $10 (subsidy) = or in this case, $5.Note: For store channels, AUTH Based GMV, AUTH Based Net Sales, Shipped Based GMV, and Shipped Based Net Sales will all have the same value (i.e., the Net Sales amount)."
ty_auth_based_qty,AUTH Based Item Quantity - This Year,APPROVED,5:BI Link;9:API Glossary;13:Report Builder,ecomm_sales,omni_sales,The quantity of items placed in an authorized order. It excludes the number of units sold that were cancelled and/or returned.
ty_gross_rcpt_cost_amt,Gross Receipt Cost Amount - This Year,APPROVED,5:BI Link,,store_inventory,This is the cost amount of the receipt at the store. Receipt refers to inventory receivings (inventory received). Receivings/receipts can be from supplier to the distribution center (DC) or from DCs to store.This amount is shown in dollars.
ty_gross_rcpt_qty,Gross Receipt Quantity - This Year,APPROVED,3:Cloud Feeds;5:BI Link;9:API Glossary;13:Report Builder,store_sales_&amp,store_inventory;store_item_measures;store_item_measures_(inventory),The number of sellable units received at the store. These can also be weighable units and can hold decimal values.
ty_gross_rcpt_rtl_amt,Gross Receipt Retail Amount - This Year,APPROVED,5:BI Link,,store_inventory,It is the retail value of the receipt at the store. Receipt refers to inventory receivings (inventory received). This amount is shown in dollars.
ty_ho_mkdn_amt,Home Office Markdown Amount - This Year,APPROVED,5:BI Link,,store_inventory,"Home Office initiated markdown amount. E.g., Rollback, Clearance.This amount is shown in dollars.Example:STORE\_NBR ITEM\_NBR 1 200HO\_MKDN\_AMT 5 HO\_MKDN\_QTY 50"
ty_ho_mkdn_qty,Home Office Markdown Quantity - This Year,APPROVED,5:BI Link,,store_inventory,Number of units to which the markdown was initiated by Home Office.This quantity is shown in eaches.Example:STORE\_NBR ITEM\_NBR 1 200HO\_MKDN\_AMT 5 HO\_MKDN\_QTY 50
ty_ho_recomd_rtl_price_amt,Home Office Recommended Retail Price Amount - This Year,APPROVED,5:BI Link,,store_inventory,This is the retail price for the item at the store that was set at the home office. This amount is shown in dollars.
ty_in_trnst_cost_amt,Store In Transit Cost Amount - This Year,APPROVED,5:BI Link,,store_inventory,This is the cost amount of the items that are invoiced by the distribution center (DC) to the store but not yet received and finalized. This amount is shown in dollars.
ty_in_trnst_qty,Store In Transit Quantity - This Year,APPROVED,3:Cloud Feeds;5:BI Link;7:Channel Performance Insights;9:API Glossary,,store_inventory;store_item_measures;store_item_measures_(inventory),"The number of units that have been ordered by a Walmart store and are currently in transit between the Distribution Center and the store.It is used in inventory management to track what is expected to arrive, helping stores plan for upcoming stock and avoid out-of-stocks."
ty_in_trnst_rtl_amt,Store In Transit Retail Amount - This Year,APPROVED,3:Cloud Feeds;5:BI Link;7:Channel Performance Insights;9:API Glossary,,store_inventory;store_item_measures;store_item_measures_(inventory),The Retail value of the units invoiced by the DC to the store but not yet received and finalized.
ty_in_whse_cost_amt,Store In Warehouse Cost Amount - This Year,APPROVED,5:BI Link,,store_inventory,The cost amount of units received by the distribution center (DC) which are allocated specifically to a store but not yet shipped (invoiced). This amount is shown in dollars.
ty_in_whse_qty,Store In Warehouse Quantity - This Year,APPROVED,3:Cloud Feeds;5:BI Link;7:Channel Performance Insights;9:API Glossary,,store_inventory;store_item_measures;store_item_measures_(inventory),The number of units received by the DC which are allocated specifically to a store but not yet shipped. This does not include reserved/slotted inventory that may be sitting at the DC that is not yet allocated to a store.
ty_instock_percentage,Instock %,APPROVED,13:Report Builder,custom_datasets;store_sales_&amp,,"Instock % is percentage of stores with on hands. It is calculated by ""stores with on hands / total valid stores count."""
ty_item_qty,Item Quantity - This Year,APPROVED,5:BI Link,,mumd,"The current number of item units in the store to which a markup or markdown was applied, the count of units affected by the event, where a Markdown in positive and Markup is negative."
ty_max_shelf_qty,Max Shelf Quantity - This Year,APPROVED,5:BI Link,,store_inventory,This is the minimum amount of the item that is desired to be in inventory at the store. It represents the safety stock amount of the item.
ty_mkdn_qty,SI MUMD Qty,APPROVED,3:Cloud Feeds;5:BI Link;9:API Glossary;13:Report Builder,custom_datasets;store_sales_&amp,store_inventory;store_item_measures;store_item_measures_(inventory),Scannable Item Markup/Markdown Quantity in eaches
ty_net_rcpt_cost_amt,Net Initial Margin,APPROVED,13:Report Builder,custom_datasets;store_sales_&amp,,It is the net profit percentage before markup/markdown is applied. It is calculated as the difference between the net cost and net retail value of shipments as a percentage of the total net retail value.
ty_net_rcpt_cost_amt,Net Receipt Cost Amount - This Year,APPROVED,3:Cloud Feeds;5:BI Link;9:API Glossary;13:Report Builder,store_sales_&amp,store_inventory;store_item_measures;store_item_measures_(inventory),Cost amount of the receipt. Calculated as Gross Receipts Cost - Store Return Cost.
ty_net_rcpt_cost_amt,Net Receipt Cost Amount YoY Difference,APPROVED,13:Report Builder,custom_datasets;store_sales_&amp,,Cost amount of the receipt. Calculated as Gross Receipts Cost - Store Return Cost. Year over year difference for Net Receipt Cost Amount = ly\_net\_rcpt\_cost\_amt - ty\_net\_rcpt\_cost\_amt
ty_net_rcpt_qty,Net Receipt Quantity - This Year,APPROVED,3:Cloud Feeds;5:BI Link;9:API Glossary;13:Report Builder,store_sales_&amp,store_inventory;store_item_measures;store_item_measures_(inventory),Difference between Ships and Store Returns. Calculated as Gross Receipts # - Store Return #.
ty_net_rcpt_rtl_amt,Net Receipt Retail Amount - This Year,APPROVED,3:Cloud Feeds;5:BI Link;9:API Glossary;13:Report Builder,store_sales_&amp,store_inventory;store_item_measures;store_item_measures_(inventory),Retail value of the receipt. Gross Receipts $ - Store Return $.
ty_net_rcpt_rtl_amt,Net Receipt Retail Amount YoY Change%,APPROVED,13:Report Builder,custom_datasets;store_sales_&amp,,Retail value of the receipt. Gross Receipts $ - Store Return $. Year over year change percentage for Net Receipt Retail Amount = (ly\_net\_rcpt\_rtl\_amt - ty\_net\_rcpt\_rtl\_amt) / ly\_net\_rcpt\_rtl\_amt
ty_net_rcpt_rtl_amt,Net Receipt Retail Amount YoY Difference,APPROVED,13:Report Builder,custom_datasets;store_sales_&amp,,Retail value of the receipt. Gross Receipts $ - Store Return $. Year over year difference for Net Receipt Retail Amount = ly\_net\_rcpt\_rtl\_amt - ty\_net\_rcpt\_rtl\_amt
ty_on_hand_cost_amt,Store On Hand Cost Amount - This Year,APPROVED,5:BI Link,,store_inventory,This is the on hand cost amount that is available for an item at a Fulfillment Center (FC). This amount is in Dollars.
ty_on_hand_qty,Store On Hand Quantity - This Year,APPROVED,3:Cloud Feeds;5:BI Link;7:Channel Performance Insights;9:API Glossary,,store_inventory;store_item_measures;store_item_measures_(inventory),"The current quantity of merchandise physically at a Walmart store. This value is updated regularly in Walmart’s inventory systems and is used for replenishment, inventory management, and sales forecasting. Store On Hand Quantity reflects the actual count of items present in the store, not including items in transit or at the distribution center. Note: This metric is AVG(), and not SUM(), for selected time period if pulled at Walmart weekly level."
ty_on_hand_rtl_amt,Store On Hand Retail - This Year,APPROVED,3:Cloud Feeds;5:BI Link;7:Channel Performance Insights;9:API Glossary;13:Report Builder,store_sales_&amp,store_inventory;store_item_measures;store_item_measures_(inventory),The total positive on-hand for that item in Retail Dollars $
ty_on_hand_whpk_qty,On Hand Warehouse Inventory in units,APPROVED,13:Report Builder,custom_datasets;dc_metrics,,It is the total number of individual units currently in inventory(on-hand) at a Distribution Center (DC).Calculation: On Hand Warehouse Packs in Inventory X Warehouse Pack Each Quantity
ty_on_hand_whpk_qty,On Hand Warehouse Inventory in units-EOP,APPROVED,13:Report Builder,dc_metrics,,It is the total number of individual units currently in inventory(on-hand) at a Distribution Center (DC).Calculation: On Hand Warehouse Packs in Inventory X Warehouse Pack Each Quantity
ty_on_hand_whpk_qty,On Hand Warehouse Packs in Inventory,APPROVED,13:Report Builder,custom_datasets;dc_metrics,,"The current number of Warehouse packs in inventory (on-hand) at this DC.Note: This metric is AVG(), and not SUM(), for selected time period if pulled at Walmart weekly level."
ty_on_hand_whpk_qty,On Hand Warehouse Packs in Inventory - This Year,APPROVED,3:Cloud Feeds;5:BI Link;9:API Glossary,,dc_item_measures,"The current number of Warehouse packs in inventory (on-hand) at this DC.Note: This metric is AVG(), and not SUM(), for selected time period if pulled at Walmart weekly level."
ty_on_hand_whpk_qty,On Hand Warehouse Packs in Inventory EOP,APPROVED,13:Report Builder,dc_metrics,,The current number of Warehouse packs in inventory (on-hand) at this DC.Note: This metric is the 'End of Period' value for the selected time period: For Example: ‘Friday’ for WMT weeks.
ty_on_order_cost_amt,Store On Order Cost Amount - This Year,APPROVED,5:BI Link,,store_inventory,The cost amount of units on a purchase order allocated specifically to the store. This amount is shown in dollars.
ty_on_order_qty,Store On Order Quantity - This Year,APPROVED,3:Cloud Feeds;5:BI Link;7:Channel Performance Insights;9:API Glossary,,store_inventory;store_item_measures;store_item_measures_(inventory),"The number of units that has been ordered by a Walmart store but has not yet been shipped.It is used in inventory management to track what is expected to arrive, helping stores plan for upcoming stock and avoid out-of-stocks."
ty_on_order_rtl_amt,Store On Order Retail Amount - This Year,APPROVED,3:Cloud Feeds;5:BI Link;7:Channel Performance Insights;9:API Glossary,,store_inventory;store_item_measures;store_item_measures_(inventory),The retail value of units on a purchase order allocated specifically to the store
ty_order_whpk_qty,Ordered Warehouse Quantity - This Year,APPROVED,5:BI Link,,dc_item_measures,The number of warehouse packs ordered this year.
ty_order_whpk_qty,Warehouse Packs on Order - This Year,APPROVED,3:Cloud Feeds;9:API Glossary,,dc_item_measures,The current number of warehouse packs on order on PO (purchase orders) destined to this DC.
ty_outs_case_qty,Out of Stock Case Quantity,APPROVED,13:Report Builder,custom_datasets;dc_metrics,,"Outs case qty refers to out of stock case quantity - the case quantity which the DC was not able to ship to the store due to insufficient on-hand qty.Note: This metric is AVG(), and not SUM(), for selected time period if pulled at Walmart weekly level."
ty_outs_case_qty,Out of Stock Case Quantity - This Year,APPROVED,3:Cloud Feeds;5:BI Link;9:API Glossary,,dc_item_measures,"Outs case qty refers to out of stock case quantity - the case quantity which the DC was not able to ship to the store due to insufficient on-hand qty, this year."
ty_outs_case_qty,Out of Stock Case Quantity EOP,APPROVED,13:Report Builder,dc_metrics,,Outs case qty refers to out of stock case quantity - the case quantity which the DC was not able to ship to the store due to insufficient on-hand qty.Note: This metric is the 'End of Period' value for the selected time period: For Example: ‘Friday’ for WMT weeks.
ty_pipeline_qty,Store Pipeline Quantity - This Year,APPROVED,3:Cloud Feeds;5:BI Link;9:API Glossary,,store_inventory;store_item_measures;store_item_measures_(inventory),This is a calculation: sum of (On hand Qty + On Order Qty + In Transit Qty + In Warehouse Qty).
ty_pos_cost,POS Cost,APPROVED,13:Report Builder,store_sales_&amp,,"Point of Sale (POS) Cost is the cost, in dollars, of items sold for a specific item number that is scanned at store-level registers across all fulfillment channels for the current year. It is calculated as item_cost_amt * uom_qty."
ty_pos_cost,POS Cost - This Year,APPROVED,13:Report Builder,,,"Point of Sale (POS) Cost is the cost, in dollars, of items sold for a specific item number that is scanned at store-level registers across all fulfillment channels for the current year. This does not include Freight Cost, or any additional cost accrued at the Distribution Center. It is calculated as item_cost_amt X uom_qty."
ty_pos_cost,POS Cost in dollars,APPROVED,13:Report Builder,vendor_scorecard,,"Point of Sale (POS) Cost is the cost, in dollars, of items sold for a specific item number that is scanned at store-level registers across all fulfillment channels for the current year. It is calculated as item_cost_amt * uom_qty."
ty_pos_store_cnt,POS Store Count,APPROVED,13:Report Builder,custom_datasets;store_sales_&amp,,Calculation. The number of stores that have sold the item over the specific time requested in the report. Calculated as:POS Store Count = # of stores where Sales > 0 for the selected time period.
ty_prod_margin,Product Margin-This Year,APPROVED,5:BI Link;9:API Glossary;13:Report Builder,omni_sales,omni_sales,"Current year's product margin using GMV (Gross Merchandise Value), (i.e., revenue collected from the customer, net of cancellations and all refunds). This includes replacements where GMV is generally $0 and product cost > $0 (can be shipping charges and refunds on replacements so GMV is not exactly $0).This is used to understand what is collected from customers vs. product costs for sales, including the negative impact of returns/refunds/replacements (and corresponding contra product cost). The product margin is only calculated for owned & DSV sales. This amount is shown in dollars."
ty_qty,POS Quantity,APPROVED,13:Report Builder,custom_datasets,,Total number of units sold to customers minus any returns. This metric is only available for store fulfilled channels.
ty_qty,POS Quantity - This Year,APPROVED,3:Cloud Feeds;5:BI Link;9:API Glossary;13:Report Builder,store_sales_&amp,store_sales,Total number of units sold to customers minus any returns. This metric is only available for store fulfilled channels.
ty_qty,POS Quantity BIS,APPROVED,13:Report Builder,custom_datasets;store_sales_&amp,,Point of Sale (POS) Quantity is the quantity of items sold of a specific item number that is scanned at a store level register. This is BIS (Buy in Store) channel only data.
ty_qty,POS Quantity BIS YoY Change%,APPROVED,13:Report Builder,custom_datasets;store_sales_&amp,,Point of Sale (POS) Quantity is the quantity of items sold of a specific item number that is scanned at a store level register. This is BIS (Buy in Store) channel only data.Year over year change percentage for POS Quantity BIS = (pos\_bis\_quantity\_last\_year - pos\_bis\_quantity\_this\_year) / pos\_bis\_quantity\_last\_year
ty_qty,POS Quantity BIS YoY Difference,APPROVED,13:Report Builder,custom_datasets;store_sales_&amp,,Point of Sale (POS) Quantity is the quantity of items sold of a specific item number that is scanned at a store level register. This is BIS (Buy in Store) channel only data.Year over year difference for POS Quantity BIS = pos\_bis\_quantity\_last\_year - pos\_bis\_quantity\_this\_year
ty_qty,POS Quantity Delivery,APPROVED,13:Report Builder,custom_datasets;store_sales_&amp,,Point of Sale (POS) Quantity is the quantity of items sold of a specific item number that is scanned at a store level register. This is Delivery channel only data
ty_qty,POS Quantity Delivery YoY Change%,APPROVED,13:Report Builder,custom_datasets;store_sales_&amp,,Point of Sale (POS) Quantity is the quantity of items sold of a specific item number that is scanned at a store level register. This is Delivery channel only data.Year over year change percentage for POS Quantity Delivery = (pos\_delivery\_quantity\_last\_year - pos\_delivery\_quantity\_this\_year) / pos\_delivery\_quantity\_last\_year
ty_qty,POS Quantity Delivery YoY Difference,APPROVED,13:Report Builder,custom_datasets;store_sales_&amp,,Point of Sale (POS) Quantity is the quantity of items sold of a specific item number that is scanned at a store level register. This is Delivery channel only data.Year over year difference for POS Quantity Delivery = pos\_delivery\_quantity\_last\_year - pos\_delivery\_quantity\_this\_year
ty_qty,POS Quantity Pickup,APPROVED,13:Report Builder,custom_datasets;store_sales_&amp,,Point of Sale (POS) Quantity is the quantity of items sold of a specific item number that is scanned at a store level register. This is Pickup channel only data.
ty_qty,POS Quantity Pickup YoY Change%,APPROVED,13:Report Builder,custom_datasets;store_sales_&amp,,Point of Sale (POS) Quantity is the quantity of items sold of a specific item number that is scanned at a store level register. This is Pickup channel only data.Year over year change percentage for POS Quantity Pickup = (pos\_pickup\_quantity\_last\_year - pos\_pickup\_quantity\_this\_year) / pos\_pickup\_quantity\_last\_year
ty_qty,POS Quantity Pickup YoY Difference,APPROVED,13:Report Builder,custom_datasets;store_sales_&amp,,Point of Sale (POS) Quantity is the quantity of items sold of a specific item number that is scanned at a store level register. This is Pickup channel only data.Year over year difference for POS Quantity Pickup = pos\_pickup\_quantity\_last\_year - pos\_pickup\_quantity\_this\_year
ty_qty,POS Quantity SFS,APPROVED,13:Report Builder,custom_datasets;store_sales_&amp,,Point of Sale (POS) Quantity is the quantity of items sold of a specific item number that is scanned at a store level register. This is SFS (Ship from Store) channel only data.
ty_qty,POS Quantity SFS YoY Change%,APPROVED,13:Report Builder,custom_datasets;store_sales_&amp,,Point of Sale (POS) Quantity is the quantity of items sold of a specific item number that is scanned at a store level register. This is SFS (Ship from Store) channel only data.Year over year change percentage for POS Quantity SFS = (pos\_sfs\_quantity\_last\_year - pos\_sfs\_quantity\_this\_year) / pos\_sfs\_quantity\_last\_year
ty_qty,POS Quantity SFS YoY Difference,APPROVED,13:Report Builder,custom_datasets;store_sales_&amp,,Point of Sale (POS) Quantity is the quantity of items sold of a specific item number that is scanned at a store level register. This is SFS (Ship from Store) channel only data.Year over year difference for POS Quantity SFS = pos\_sfs\_quantity\_last\_year - pos\_sfs\_quantity\_this\_year
ty_qty,POS Quantity YoY Change%,APPROVED,13:Report Builder,custom_datasets;store_sales_&amp,,"Point of Sale (POS) Quantity is the quantity of items sold of a specific item number that is scanned at a store level register from all fulfillment channels - BIS (Buy in store), Pick-up, Delivery and SFS (Ship from store). It also includes all returns (total store returns) at the store level.Year over year change percentage for POS Quantity = (pos\_quantity\_last\_year - pos\_quantity\_this\_year) / pos\_quantity\_last\_year"
ty_qty,POS Quantity YoY Difference,APPROVED,13:Report Builder,custom_datasets;store_sales_&amp,,"Point of Sale (POS) Quantity is the quantity of items sold of a specific item number that is scanned at a store level register from all fulfillment channels - BIS (Buy in store), Pick-up, Delivery and SFS (Ship from store). It also includes all returns (total store returns) at the store level.Year over year difference for POS Quantity = pos\_quantity\_last\_year - pos\_quantity\_this\_year"
ty_qty,Store Sales in Units,APPROVED,13:Report Builder,vendor_scorecard,,Point of Sale (POS) Quantity is the quantity of items sold of a specific item number that is scanned at a store level register
ty_rcv_whpk_qty,Warehouse Packs Eaches Received - This Year,APPROVED,3:Cloud Feeds;5:BI Link;9:API Glossary,,dc_item_measures,"Warehouse quantity received, in eaches, this year."
ty_repl_instock_denominator,Replenishment Instock Denominator - This Year,APPROVED,3:Cloud Feeds;5:BI Link;9:API Glossary;13:Report Builder,store_sales_&amp,store_inventory;store_item_measures;store_item_measures_(inventory),"This is the indicator for store/item combinations that are eligible for replenishment Instock reporting.ty_repl_instock_denominator(repl_ind) = 1 is the indicator for store item combinations that are eligible to report in stock and the ty_repl_instock_denominator (repl_ind) doesn’t mean the item is replenishable. Additional Information: A store item combination could be eligible for replenishment or restock, but still excluded from Instock reporting for multiple reasons, a few examples of these would include: the item is too new or the store item combination is about to expire. This metric makes sure that vendors don’t get blamed for out of stock issues that are out of their control."
ty_repl_instock_numerator,Replenishment Instock Numerator,APPROVED,13:Report Builder,custom_datasets,,This is the aggregation of when this year’s replenishable indicator = 1.
ty_repl_instock_numerator,Replenishment Instock Numerator - This Year,APPROVED,3:Cloud Feeds;5:BI Link;9:API Glossary;13:Report Builder,store_sales_&amp,store_inventory;store_item_measures;store_item_measures_(inventory),This is the aggregation of when this year’s replenishable indicator = 1.
ty_repl_instock_pct,Replen Instock %,APPROVED,13:Report Builder,store_sales_&amp,,"It is a measurement on the percentage of the inventory that is getting replenished that becomes in stock inventory.Note: This metric is AVG( ), and not SUM( ), for selected time period if pulled at Walmart weekly level."
ty_repl_instock_pct,Replen Instock % EOP,APPROVED,13:Report Builder,store_sales_&amp,,It is a measurement on the percentage of the inventory that is getting replenished that becomes in stock inventory.Note: This metric is the 'End of Period' value for the selected time period: For Example: ‘Friday’ for WMT weeks.
ty_repl_instock_pct,Replenishment Instock %,APPROVED,9:API Glossary,,,"**Supplemental Calculation** To calculate the Repl_Instock %, we need to filter out for cases where repl_ind = 0; therefore, Repl_Instock % can be defined as: When ty_repl_ind=1 THEN SUM(ty_frac_instk_val)/SUM(ty_repl_ind) * 100 In other terms: When ty_repl_instock_denominator=1 THEN SUM(ty_repl_instock_numerator)/SUM(ty_repl_instock_denominator) * 100"
ty_repl_instock_percentage_year,Store Repl Instock %,APPROVED,13:Report Builder,vendor_scorecard,,"This measures stores capability of meeting the demand. If the store's On Hand Qty is lower than the Demand Forecast, it is considered Out of Stock."
ty_repl_store_item_cnt,Valid Store Item Count - This Year,APPROVED,3:Cloud Feeds;5:BI Link;7:Channel Performance Insights;9:API Glossary,,store_inventory;store_item_measures;store_item_measures_(inventory),Current Year Valid count of Store/Items combinations that are Replenishable items.
ty_rtl_price_event_cd,Retail Price Event Code - This Year,APPROVED,5:BI Link,,store_inventory,The event associated with Retail Price Amount.
ty_sales_amt,POS Sales-This Year,APPROVED,3:Cloud Feeds;5:BI Link;7:Channel Performance Insights;9:API Glossary;13:Report Builder,store_sales_&amp,store_sales,Total retail dollar value of units sold to customers minus any returns. This metric is only available for store-fulfilled channels.
ty_ship_whpk_qty,Shipped Warehouse Quantity to Store in units,APPROVED,13:Report Builder,custom_datasets;dc_metrics,,It is the total number of individual units that have been shipped from the Distribution Center (DC) to stores.Calculation: Warehouse Packs Shipped to Store X Warehouse Pack Each Quantity
ty_ship_whpk_qty,Shipped Warehouse Quantity to Store in units-EOP,APPROVED,13:Report Builder,dc_metrics,,It is the total number of individual units that have been shipped from the Distribution Center (DC) to stores.Calculation: Warehouse Packs Shipped to Store X Warehouse Pack Each Quantity
ty_ship_whpk_qty,Warehouse Packs Shipped to Store,APPROVED,13:Report Builder,custom_datasets;dc_metrics,,"Current total of warehouse packs shipped by the DC (distribution center) to stores. DC also considers this as sales.Note: This metric is AVG(), and not SUM(), for selected time period if pulled at Walmart weekly level."
ty_ship_whpk_qty,Warehouse Packs Shipped to Store - This Year,APPROVED,3:Cloud Feeds;5:BI Link;9:API Glossary,,dc_item_measures,Current total of warehouse packs shipped by the DC (distribution center) to stores. DC also considers this as sales this year.
ty_ship_whpk_qty,Warehouse Packs Shipped to Store EOP,APPROVED,13:Report Builder,dc_metrics,,Current total of warehouse packs shipped by the DC (distribution center) to stores. DC also considers this as sales.Note: This metric is the 'End of Period' value for the selected time period: For Example: ‘Friday’ for WMT weeks.
ty_ship_whpk_qty,Warehouse Turns,APPROVED,13:Report Builder,vendor_scorecard,,It is a measure of how often we ship our warehouse on hand inventory to store in a year. This is measured in units.
ty_ship_whpk_qty,Warehouse Weeks of Supply / Weeks on Hand,APPROVED,13:Report Builder,vendor_scorecard,,"This is a measure of how many weeks the warehouse on hand inventory quantity, for a particular item, will last given the current average warehouse sales quantity."
ty_shpd_based_gmv_amt,Shipped Based GMV Amount - This Year,APPROVED,5:BI Link;9:API Glossary;13:Report Builder,omni_sales,omni_sales,"GMV (Gross Merchandise Value) is the actual amount collected from the customers. The revenue collected from the customer for transactions. It's the price of items after deducting savings/discounts, and adding shipping revenue.Authorized GMV is Placed GMV except GMV for items cancelled because they didn't pass fraud check. This is the GMV amount based on auth based date. Shipped GMV is Authorized GMV excluding GMV for items cancelled by the seller or by the customer. This is the GMV amount based on the shipped based date. This amount is in shown in dollars.Note: For store channels (Delivery, Pickup, SFS, BIS), AUTH Based GMV, AUTH Based Net Sales, Shipped Based GMV, and Shipped Based Net Sales will all have the same value (i.e., the Net Sales amount). Example:For Ecomm Channels (S2H , S2S)wm\_item\_nbr ty\_auth\_based\_gmv\_amt 123456789 30 ty\_shpd\_based\_gmv\_amt 24 ty\_auth\_based\_qty ty\_shpd\_based\_qty ty\_aur 5 4 6"
ty_shpd_based_net_sales_amt,Shipped Based Net Sales Amount - This Year,APPROVED,5:BI Link;7:Channel Performance Insights;9:API Glossary;13:Report Builder,omni_sales,omni_sales,"The net sales amount for all orders of an item shipped. Shipped Based Net Sales Amount is AUTH Based Net Sales Amount excluding Net Sales amount for items cancelled by the seller or by the customer. For warranties and in-house services, the Net Sales is Shipped Based GMV except for Product Cost, which essentially is the commission. This amount is shown in dollars.Note:For store channels (Delivery, Pickup, SFS, BIS), Authorized Based GMV, Authrorized Based Net Sales, Shipped Based GMV, and Shipped Based Net Sales will all have the same value (i.e., the Net Sales Amount).Example:For Ecomm Channels (S2H , S2S)wm\_item\_nbr ty\_auth\_based\_gmv\_amt 123456789 30 ty\_shpd\_based\_gmv\_amt 24 ty\_auth\_based\_qty ty\_shpd\_based\_qty ty\_aur 5 4 6"
ty_shpd_based_qty,Shipped Based Quantity - This Year,APPROVED,5:BI Link;9:API Glossary;13:Report Builder,omni_sales,omni_sales,The number of units shipped. It excludes the number of units sold that were cancelled and/or returned. This quantity is shown in eaches.Example:wm\_item\_nbr ty\_shpd\_based\_qty 123456789 4
ty_ss_order_whpk_qty,Warehouse Packs Staple Stock On Order,APPROVED,13:Report Builder,custom_datasets;dc_metrics,,"The total amount of staple stock on order, in warehouse packs. Note: This metric is AVG(), and not SUM(), for selected time period if pulled at Walmart weekly level."
ty_ss_order_whpk_qty,Warehouse Packs Staple Stock on Order - This Year,APPROVED,3:Cloud Feeds;5:BI Link;9:API Glossary,,dc_item_measures,"The total amount of staple stock on order, in warehouse packs this year."
ty_ss_order_whpk_qty,Warehouse Packs Staple Stock on Order EOP,APPROVED,13:Report Builder,dc_metrics,,"The total amount of staple stock on order, in warehouse packs. Note: This metric is the 'End of Period' value for the selected time period: For Example: ‘Friday’ for WMT weeks."
ty_store_mkdn_amt,Store Markdown Amount - This Year,APPROVED,5:BI Link,,store_inventory,"Store initiated markdown amount. E.g., Damage, Local Price Matching.This amount is shown in dollars."
ty_store_mkdn_qty,Store Markdown Quantity - This Year,APPROVED,5:BI Link,,store_inventory,Number of units to which the markdown was initiated by the store. This quantity is shown in eaches.
ty_store_specific_cost_amt,Store Specific Cost Amount - This Year,APPROVED,5:BI Link,,store_inventory,The unit cost for an item in the store. This amount is shown in dollars. Examples: Store\_Nbr 1 2Item store\_specific\_cost\_amt store\_specific\_rtl\_amt . 100 600 620 100 650 670
ty_store_specific_rtl_amt,Store Specific Retail Amount - This Year,APPROVED,5:BI Link,,store_inventory,The sell price of the item in the store as found on the Store Item Inquiry screen. This amount is shown in dollars.Store\_Nbr 1 2Item store\_specific\_cost\_amt store\_specific\_rtl\_amt . 100 600 620 100 650 670
ty_tab_rcv_qty,Tab Receiving Quantity - This Year,APPROVED,5:BI Link,,store_inventory,"The number of tab item eaches that has been received at the store on a tab invoice since the last tab date. It is also called the Tab.Additional information: Tab is a type of promotion where Walmart puts a multi-page flyer in the newspaper/digital version (top of specific store’s page in [walmart.com/app](http://walmart.com/app)) that features products to customers. It runs for certain duration. When an item is “put on Tab” there is an increase in demand at the store for that item. To accommodate for that temporary increase in demand, suppliers are often asked to ship in a special shipment of merchandise into the stores (via the distribution centers (DC)) that the store holds in the backroom and can replenish the shelves with as the item sells more quickly. To separate the normal flow of inventory into the store from the inventory marked for the Tab promotion, this field is used."
ty_tonnage_qty,Tonnage,APPROVED,13:Report Builder,store_sales_&amp,,"The total weight pounds of product sold. Majorly used in Fresh (D94, D93, D80, D98). This logic also applied to GMV and D90 Milk."
ty_traited_cnt,Traited Store/Item Count - This Year,APPROVED,3:Cloud Feeds;5:BI Link;9:API Glossary;13:Report Builder,store_sales_&amp,store_inventory;store_item_measures;store_item_measures_(inventory),"Store count of all the items with the replenishment status as Active, Inactive and New.Values: 1 - Traited0 – Not Traited Note : The Traited Store/Item Count is aggregated at the item level to get the distinct store count at each item level."
ty_trgt_shelf_qty,Target Shelf Quantity - This Year,APPROVED,5:BI Link,,store_inventory,This is the targeted number of eaches that should be stocked on the shelf. A shelf should be stocked based upon the sales volume.
ty_whpk_each_qty,Warehouse Pack Each Quantity - This Year,APPROVED,5:BI Link,,dc_item_measures,The number of units in a warehouse pack shipping unit this year. This quantity is shown in eaches.
ty_whpk_each_qty,Warehouse Pack Each Quantity EOP,APPROVED,13:Report Builder,dc_metrics,,The number of units in a warehouse pack shipping unit. This quantity is shown in eaches.Note: This metric is the 'End of Period' value for the selected time period: For Example: ‘Friday’ for WMT weeks.
tz_cd,Time Zone Code,APPROVED,3:Cloud Feeds;5:BI Link;9:API Glossary;13:Report Builder,custom_datasets;modular_plan_metrics;order_forecast;purchase_order;store_demand_forecast;store_markup_and_markdowns;store_sales_&amp,dc_dimensions;ecomm_subscriptions;store_dimensions,"The time zone that the store resides in. Values: EST, CST, MST, PST, CST/MSTNote: Canada has stores that are CST/MST"
tz_nm,Time Zone Name,APPROVED,3:Cloud Feeds;5:BI Link;9:API Glossary;13:Report Builder,custom_datasets;modular_plan_metrics;purchase_order;store_markup_and_markdowns;store_sales_&amp,dc_dimensions;store_dimensions,"The time zone name that the store resides in. E.g., Eastern, Central, Mountain, PacificValues of codes: EST, CST, MST, PST, CST/MST"
unassgnmnt_ts,Unassignment Timestamp,APPROVED,3:Cloud Feeds;5:BI Link;9:API Glossary;13:Report Builder,custom_datasets;modular_plan_metrics,modular_plan_upc,The date and time the UPC was removed from the location.
unfilled_vnpk_qty,Cases Unfilled,APPROVED,5:BI Link;9:API Glossary;13:Report Builder,omni_otif,omni_otif;otif_(decommissioned),This metric represents the number of vendor packs that were not received compared to the original order quantity for a specific purchase order (PO) line. This value is recorded only in one row per PO line.
unfilled_vnpk_qty,Unfilled Vendor Pack Quantity,APPROVED,13:Report Builder,,,The number of vendor packs that were not received. This value is set only in one row per PO Line.
unit_cd,Unit Code,APPROVED,3:Cloud Feeds;5:BI Link;9:API Glossary;13:Report Builder,purchase_order,oms_po_details;purchase_order;purchase_order_stock_transfer,"The type of unitization used for capacity planning. Unitization is the act of consolidating multiple smaller units into a larger unit for improved warehouse efficiency, quicker packaging and arranging, and more efficient handling and transportation."
unit_cost_amt,Unit Cost Amount,APPROVED,13:Report Builder,custom_datasets;dc_metrics;modular_plan_metrics;order_forecast;store_demand_forecast;store_markup_and_markdowns;store_sales_&amp,,Cost of the item from vendor. It is calculated as Warehouse Pack Unit cost / warehouse pack qty.
units_per_store_per_week_base_cal,Units/Store/Week (POS Count),APPROVED,13:Report Builder,custom_datasets;store_sales_&amp,,"Average of total units, per stores with sales, over the number of weeks (or days if it's not a complete week) during the selected Walmart week for the included stores."
units_per_store_per_week_or_per_day,Units/Store/Week(Traited Count),APPROVED,13:Report Builder,custom_datasets;store_sales_&amp,,"Previously known as Units/Store/Week (Day). The average of the total units, per distinct valid store, over the number of weeks (or days, if it is not complete week) during the selected Walmart week/day for the included stores."
unrestricted_cpcty_qty,Unrestricted Capacity,APPROVED,5:BI Link;9:API Glossary,,modular_upc_location,"The number of units that would fit on a fixture, segment, or planogram if no other merchandising restrictions (such as Max High) were applied. For segments, the calculation is a summary of positions whose center point resides in the segment. For Tray and Case merchandising styles, the total number of units includes not only units within the trays or cases, but also individual units that fill the available space above or behind the trays or cases. If Cap tray or case with units is selected, the additional capped units use the specified cap orientation. Otherwise, the additional units are based on the orientation of the tray or case."
unschdl_nil_pick_qty,Unscheduled Nil Pick Quantity,APPROVED,3:Cloud Feeds;5:BI Link;9:API Glossary;13:Report Builder,custom_datasets;store_sales_&amp,store_fulfillment,The measure of the units not picked or substituted by a store for unscheduled orders.Example: wm\_item\_nbr store\_nbr schdl\_nil\_pick\_qty 23456789 10 3 schdl\_nil\_pick\_rate 42.86 schdl\_nil\_pick\_rate\_nmrtr 3schdl\_nil\_pick\_rate\_dnmntr 7
unschdl_nil_pick_rate,Unscheduled Nil Pick Rate,APPROVED,3:Cloud Feeds;5:BI Link;9:API Glossary;13:Report Builder,custom_datasets;store_sales_&amp,store_fulfillment,The percentage of items that were not fulfilled for unscheduled orders.Calculation: (Unscheduled Nil Pick Rate Numerator) / (Unscheduled Nil Pick Rate Denominator)Example: wm\_item\_nbr store\_nbr schdl\_nil\_pick\_qty 23456789 10 3 schdl\_nil\_pick\_rate 42.86 schdl\_nil\_pick\_rate\_nmrtr 3schdl\_nil\_pick\_rate\_dnmntr 7
unschdl_nil_pick_rate_dnmtr,Unscheduled Nil Pick Rate Denominator,APPROVED,3:Cloud Feeds;5:BI Link;9:API Glossary;13:Report Builder,custom_datasets;store_sales_&amp,store_fulfillment,The quantity of actual items ordered (in unscheduled orders) excluding cancelled items prior to dispense.Example: wm\_item\_nbr store\_nbr schdl\_nil\_pick\_qty 23456789 10 3 schdl\_nil\_pick\_rate 42.86 schdl\_nil\_pick\_rate\_nmrtr 3schdl\_nil\_pick\_rate\_dnmntr 7
unschdl_nil_pick_rate_nmtr,Unscheduled Nil Pick Rate Numerator,APPROVED,3:Cloud Feeds;5:BI Link;9:API Glossary;13:Report Builder,custom_datasets;store_sales_&amp,store_fulfillment,The units not picked or substituted by a store for unscheduled orders.Example: wm\_item\_nbr store\_nbr schdl\_nil\_pick\_qty 23456789 10 3 schdl\_nil\_pick\_rate 42.86 schdl\_nil\_pick\_rate\_nmrtr 3schdl\_nil\_pick\_rate\_dnmntr 7
uom_qty,Quantity - (Customer Returns),APPROVED,13:Report Builder,store_sales_&amp,,The unit weight sold of measurable items.
uom_qty,Quantity - Defective (Customer Returns),APPROVED,13:Report Builder,custom_datasets;store_sales_&amp,,The unit weight of measurable items which are returned as item is Defective.
uom_qty,Quantity - Reason (Does not Work) (Customer Returns),APPROVED,13:Report Builder,custom_datasets;store_sales_&amp,,The unit weight of measurable items which are returned with reason Does Not Work.
uom_qty,Quantity - Reason(Change of Mind) (Customer Returns),APPROVED,13:Report Builder,custom_datasets;store_sales_&amp,,The unit weight of measurable items which are returned with reason Change Of Mind.
uom_qty,Quantity - Reason(Damaged) (Customer Returns),APPROVED,13:Report Builder,custom_datasets;store_sales_&amp,,The unit weight of measurable items which are returned with reason Damaged.
uom_qty,Quantity - Reason(Didn't meet Expectations) (Customer Returns),APPROVED,13:Report Builder,custom_datasets;store_sales_&amp,,The unit weight of measurable items which are returned with reason Didn't Meet Expectations.
uom_qty,Quantity - Reason(Empty) (Customer Returns),APPROVED,13:Report Builder,custom_datasets;store_sales_&amp,,The unit weight of measurable items which are returned with No reason provided.
uom_qty,Quantity - Reason(Incorrect/Missing item) (Customer Returns),APPROVED,13:Report Builder,custom_datasets;store_sales_&amp,,The unit weight of measurable items which are returned with reason Poor Quality.
uom_qty,Quantity - Reason(Poor Quality) (Customer Returns),APPROVED,13:Report Builder,custom_datasets;store_sales_&amp,,The unit weight of measurable items which are returned with reason Poor Quality.
uom_qty,Store Unit Turns,APPROVED,13:Report Builder,vendor_scorecard,,It is a measure of how often we sell through our onhand inventory in a year. This is measured in units.
uom_qty,Total Store Customer Returns Quantity,APPROVED,13:Report Builder,custom_datasets,,The unit weight sold of measurable items.
uom_qty,Total Store Customer Returns Quantity YoY Change%,APPROVED,13:Report Builder,custom_datasets;store_sales_&amp,,The unit weight sold of measurable items.Year over year change percentage for Total Store Customer Returns Quantity = (LY\_UOM\_QTY - TY\_UOM\_QTY) / LY\_UOM\_QTY
uom_qty,Total Store Customer Returns Quantity YoY Difference,APPROVED,13:Report Builder,custom_datasets;store_sales_&amp,,The unit weight sold of measurable items.Year over year difference for Total Store Customer Returns Quantity = LY\_UOM\_QTY - TY\_UOM\_QTY
uom_qty,Unit of Measure Quantity,APPROVED,3:Cloud Feeds;5:BI Link;9:API Glossary,,store_customer_returns;store_sales,Unit weight sold of measurable items.This is for weighable items: contains the unit weight of the item that was scanned. Example: 1 package of hamburger that weighs 5 lbs. The scan count would be 1 and the unit qty would be 5 Lbs. For non-weighable items: contains the scan (each) qty. Example: 2 box of tissues. The scan count and unit qty would be 2.
upc_fmt_cd,UPC Format Code,APPROVED,3:Cloud Feeds;5:BI Link;9:API Glossary,,item_attributes;item_dimensions,"The Universal Product Code format code.Examples: 1 - EAN-8 2 - UPC-12 3 - EAN-13 4 - UPC-13 5 - EAN-14"""
upc_fmt_desc,UPC Format Description,APPROVED,3:Cloud Feeds;5:BI Link;9:API Glossary,,item_attributes;item_dimensions,Textual description of the UPC format. Example:1 - EAN-8 2 - UPC-12 3 - EAN-13 4 - UPC-13 5 - EAN-14
upc_long_desc,UPC Long Description,APPROVED,5:BI Link;6:Digital Landscapes;9:API Glossary,,upc_attribution,"From Ecomm perspective this is the Product\_nm.From the store-side perspective:SIGNING DESCRIPTION is displayed on shelf signs or flags at the store. This is used for all lines of the business (Hardlines, Grocery...) but may be the same as Item1\_desc.It refers to a detailed, extended explanation or narrative associated with a specific Universal Product Code (UPC). This description provides comprehensive information about the product linked to the UPC, often including product features, specifications, usage instructions, and other relevant details that go beyond the basic product name or short description."
upc_short_desc,UPC Short Description,APPROVED,5:BI Link;9:API Glossary,,upc_attribution,This is the first line of the item description. NOTE: Only the first of the two item descriptions is sent to the store systems.
upd_ts,Upd Ts,APPROVED,6:Digital Landscapes,,,The data and time this row was last updated.
upd_userid,Upd User Id,APPROVED,6:Digital Landscapes,,,The userid or process id which last updated this row.
updated_at,Updated At,APPROVED,2:Customer Perception,,,updated day timestamp
urb_clsfctn,Panelist Urbanicity,APPROVED,2:Customer Perception,,,Panelist Urbanicity classification
us_residency,US Residency,APPROVED,2:Customer Perception,,,"Indicates is Panelist live in the continental US including Alaska, Hawaii, or District of Columbia"
valid_end_dt,Valid End Date,APPROVED,9:API Glossary;13:Report Builder,future_valid_item_store,future_valid_item,This date depicts the item validity end date in that store.
valid_start_dt,Valid Start Date,APPROVED,9:API Glossary;13:Report Builder,future_valid_item_store,future_valid_item,This date depicts the item validity start date in that store.
var_comp_ind,Variable Comp Indicator,APPROVED,3:Cloud Feeds;5:BI Link;9:API Glossary,,item_attributes;item_dimensions,Indicates the item can be competitive comp priced either by the price per weight or the item price. Used on items that are sold by the competition with a different pricing structure than Walmart.
var_wt_cd,Variable Weight Code,APPROVED,3:Cloud Feeds;5:BI Link;9:API Glossary;13:Report Builder,purchase_order,oms_po_details;purchase_order_line,"Represents if the Vendor Pack Weight is fixed or variable; Values: 'F' (fixed), 'V' (variable). Fixed means the weight of the vendor case is consistently the same. Variable means the weight of the vendor case entered is an average case weight and the actual weight of each vendor case may be higher or lower."
var_wt_ind,Variable Weight Indicator,APPROVED,3:Cloud Feeds;5:BI Link;9:API Glossary;13:Report Builder,purchase_order;store_sales_&amp,item_attributes;item_dimensions;oms_po_details;purchase_order_alloc_order,"Represents if the Vendor Pack Weight is fixed or variable; Values: 'F' (fixed), 'V' (variable). Fixed means the weight of the vendor case is consistently the same. Variable means the weight of the vendor case entered is an average case weight and the actual weight of each vendor case may be higher or lower."
variant_map,Variant Description,APPROVED,13:Report Builder,,,"Description assigned by buyer for a Variant. Variants are used to group items across departments, categories or multiple suppliers for special reporting needs. An example of a variant could be licensed products bought from multiple suppliers."
variant_map,Variant ID,APPROVED,13:Report Builder,,,"It is an id associated to the variant description that is used to link items to this variant. Variants are used to group items across departments, categories or multiple suppliers for special reporting needs. An example of a variant could be licensed products bought from multiple suppliers."
variant_map,Variant Type ID,APPROVED,13:Report Builder,,,"A unique identifier representing the type of variant. Variants are used to group items across departments, categories or multiple suppliers for special reporting needs. An example of a variant could be licensed products bought from multiple suppliers."
variant_map,Variant Type Long Description,APPROVED,13:Report Builder,,,Long Description of a variant type.
variant_map,Variant Type Short Description,APPROVED,13:Report Builder,,,Short Description of a variant type.
vendor_9,9 Digit Supplier,APPROVED,9:API Glossary,store_sales_&amp,otif_(decommissioned),"9-digit vendor number. This is a combination of 6-digit, order department number, and vendor agreement/sequence numbers."
vendor_9,Vendor Agreement Number,APPROVED,5:BI Link;9:API Glossary;13:Report Builder,omni_otif,omni_otif;oms_po_details,"The 9 digit vendor number. Is a combination of 6 digit, order department number, and vendor agreement/sequence number.Source: vendor\_9From us\_wm\_supply\_chain\_otif.otif\_plr\_root\_accountability\_weekly"""
vendor_deal_eff_dt,Vendor Deal Effective Date,APPROVED,9:API Glossary,,coops,Contains the starting date of when we want to post the proceeds of the deal.Format: YYYY-MM-DD
vendor_deal_exp_dt,Vendor Deal Expiration Date,APPROVED,9:API Glossary,,coops,The ending day of when we will post the proceeds.Format: YYYY-MM-DD
vendor_dept_nbr,Vendor Department Number,APPROVED,3:Cloud Feeds;5:BI Link;9:API Glossary;13:Report Builder,custom_datasets;dc_metrics;ecomm_sales;modular_plan_metrics;omni_otif;omni_sales;order_forecast;purchase_order;store_demand_forecast;store_markup_and_markdowns;store_sales_&amp,coops;item_attributes;item_dimensions;omni_otif;oms_po_details;purchase_order_line,The department number of the supplier agreement.
vendor_nbr,Vendor Number,APPROVED,3:Cloud Feeds;5:BI Link;9:API Glossary;13:Report Builder,bottle_deposit;custom_datasets;dc_metrics;ecomm_sales;future_valid_item_store;modular_plan_metrics;omni_otif;omni_sales;purchase_order;store_demand_forecast;store_markup_and_markdowns;store_sales_&amp,coops;dc_item_measures;item_attributes;item_dimensions;omni_otif;omni_sales;omni_sales_new;oms_po_details;otif_(decommissioned);purchase_order;purchase_order_line;store_inventory;store_item_measures;store_item_measures_(inventory);store_returns;store_sales;store_sales_new,"The unique, random 6 digit Walmart-generated number assigned to a supplier or vendor."
vendor_nbr,Vendor Number-9 Digit,APPROVED,13:Report Builder,custom_datasets;dc_metrics;ecomm_sales;modular_plan_metrics;omni_sales;order_forecast;store_demand_forecast;store_markup_and_markdowns;store_sales_&amp;vendor_scorecard,,"9-digit Vendor Number is made up of: 6-digit Vendor Number, 2-digit Vendor Department Number, and 1-digit Vendor Sequence Number."
vendor_nm,Vendor Name,APPROVED,3:Cloud Feeds;5:BI Link;9:API Glossary;13:Report Builder,bottle_deposit;custom_datasets;dc_metrics;ecomm_sales;future_valid_item_store;modular_plan_metrics;omni_otif;omni_sales;store_markup_and_markdowns;store_sales_&amp,dc_item_measures;item_attributes;item_dimensions;omni_otif;omni_sales;omni_sales_new;otif_(decommissioned);store_inventory;store_item_measures;store_item_measures_(inventory);store_sales;store_sales_new,"The official name of the supplier or company that provides goods or services to Walmart. It identifies the party in the supply chain that Walmart pays for the goods provided. The vendor name is sourced directly from the supplier during onboarding and is used in Walmart’s systems for contracts, item setup, ordering, and reporting."
vendor_owned_cogs,Vendor Owned COGs,APPROVED,5:BI Link;9:API Glossary;13:Report Builder,omni_otif,omni_otif,Total cost of supplier owned non-compliant vendor pack quantity.
vendor_pool_id,Vendor Pool ID,APPROVED,3:Cloud Feeds;5:BI Link;9:API Glossary;13:Report Builder,omni_otif;purchase_order,omni_otif;oms_po_details;otif_(decommissioned);purchase_order_line,An identification number for a group of several 9-digit vendor numbers. These 9 digits are grouped together to gain supply chain efficiencies.
vendor_seq_nbr,Vendor Sequence Number,APPROVED,3:Cloud Feeds;5:BI Link;9:API Glossary;13:Report Builder,custom_datasets;dc_metrics;ecomm_sales;modular_plan_metrics;omni_otif;omni_sales;order_forecast;purchase_order;store_demand_forecast;store_markup_and_markdowns;store_sales_&amp,coops;item_attributes;item_dimensions;oms_po_details;purchase_order_line,The ninth digit of a 9-digit vendor number.
vendor_stock_id,Vendor Stock ID,APPROVED,3:Cloud Feeds;5:BI Link;9:API Glossary;13:Report Builder,custom_datasets;dc_metrics;ecomm_sales;future_valid_item_store;modular_plan_metrics;omni_otif;omni_sales;order_forecast;purchase_order;store_demand_forecast;store_markup_and_markdowns;store_sales_&amp;vendor_scorecard,item_attributes;item_dimensions;oms_po_details;purchase_order_line,Vendor Stock ID (sometimes called Supplier Stock Number or Vendor Stock Number) in Walmart merchandising is the supplier's own internal identifier for a unique item. Often times this can be a model number (e.g. XG-150) or it can be another alphanumeric identifier used internally by the supplier. It is provided by the supplier during item setup and maintenance and can be used for reporting purposes and also oftne times appears on primary and secondary packaging and labels for the product.
vertical_cap_nested_ind,Vertical Nested Indicator,APPROVED,5:BI Link;9:API Glossary,,modular_upc_location,"Specifies whether the item is nested or not. Nested items on a fixture are stacked, one inside the other (such as buckets or bowls)."
vertical_cap_orientation_cd,Vertical Capacity Orientation Code,APPROVED,5:BI Link;9:API Glossary,,modular_upc_location,Identifies the orientation description for a vertical cap.Orientation Descriptionand Orientation Values:Front0Front 901Side 2Side. 903Top 4Top. 905Back6Back. 907Right8Right. 909Base10Base. 9011Front 18012Front 27013Side. 18014Side. 27015Top. 18016Top. 27017Back. 18018Back. 27019Right. 18020Right 27021Base 18022Base 27023
vertical_cap_orientation_desc,Vertical Capacity Orientation Description,APPROVED,5:BI Link;9:API Glossary,,modular_upc_location,Identifies the orientation description for a vertical cap.Orientation Descriptionand Orientation Values:Front0Front 901Side 2Side. 903Top 4Top. 905Back6Back. 907Right8Right. 909Base10Base. 9011Front 18012Front 27013Side. 18014Side. 27015Top. 18016Top. 27017Back. 18018Back. 27019Right. 18020Right 27021Base 18022Base 27023
vertical_cap_qty,Vertical Capacity Quantity,APPROVED,5:BI Link;9:API Glossary,,modular_upc_location,"This is the quantity of the item that may be placed on next to the product on the fixture. A y-cap is when product is placed on the fixture vertically next to the product to utilize the fixture to its maximum potential. An example is a cereal display. The cereal boxes are standing upright on the display. However, there is additional fixture space next to the cereal boxes to place additional boxes on their side."
vertical_cap_rev_cd,Vertical Capacity Reverse Code,APPROVED,5:BI Link;9:API Glossary,,modular_upc_location,Specifies whether the vertical caps or nests are at the top or bottom of the positionYCAPREVERSED is a boolean which means Top vs Bottom. 0 = Top 1 = Bottom
vertical_cap_rev_desc,Vertical Capacity Reverse Description,APPROVED,5:BI Link;9:API Glossary,,modular_upc_location,Specifies the description of whether the vertical caps or nests are at the top or bottom of the positionYCAPREVERSED is a boolean which means Top vs Bottom. 0 = Top 1 = Bottom
vertical_nm,Vertical Name,APPROVED,9:API Glossary,,ecomm_subscriptions,"An identifier for different business Verticals in Walmart. Examples: For General Merchandizing, the Vertical name is OD. For Business to Business, the Vertical name is EA."
visit_local_dt,Visit Local Date,APPROVED,3:Cloud Feeds;5:BI Link;9:API Glossary,,store_customer_returns;store_sales,The calendar date per store local time that the register transaction took place.
visit_local_hr_nbr,Business Hour Number,APPROVED,3:Cloud Feeds,,,The number of the Hour on which the visit happened. HHMMSS (24-hour time) in the store's local time of when the register transaction took place.
visit_nbr,Visits by Tender,APPROVED,9:API Glossary;13:Report Builder,tender_analysis,sales_tender,The total number of visits (store transaction) in a store by tender type. Visit number is a unique number (by store) assigned to a store transaction.
vndr_first_avlbl_dt,Vendor First Available Date,APPROVED,3:Cloud Feeds;5:BI Link;9:API Glossary,,item_attributes;item_dimensions,The first day that the Vendor/Supplier will have the merchandise ready for shipping.
vndr_first_order_dt,Vendor First Order Date,APPROVED,3:Cloud Feeds;5:BI Link;9:API Glossary,,item_attributes;item_dimensions,"The first date that product may be ordered from the Vendor/Supplier by the Store, Club or Distribution Center."
vndr_first_ship_dt,Vendor First Ship Date,APPROVED,3:Cloud Feeds;5:BI Link;9:API Glossary,,item_attributes;item_dimensions,"The earliest date the product may be shipped by the Vendor/Supplier to a Store, Club or Distribution Center."
vndr_incrm_order_qty,Vendor Incremental Order Qty,APPROVED,3:Cloud Feeds;5:BI Link;9:API Glossary,,item_attributes;item_dimensions,Incremental quantity in cases that a warehouse or store can order from a supplier.
vndr_last_ship_dt,Vendor Last Ship Date,APPROVED,3:Cloud Feeds;5:BI Link;9:API Glossary,,item_attributes;item_dimensions,"The last date that this product can be shipped from the Vendor (Supplier) to a Store, Club or Distribution Center."
vndr_ld_tm_qty,Vendor Lead Time,APPROVED,3:Cloud Feeds;5:BI Link;9:API Glossary,,item_attributes;item_dimensions,Designates the number of days it takes to receive the merchandise from an order to the vendor. It is calculated by determining the amount of time it takes to manufacture the goods plus the shipping time to either the Distribution Center or Store. Valid range is 1 to 365.
vndr_min_order_qty,Vendor Minimum Order Quantity,APPROVED,3:Cloud Feeds;5:BI Link;9:API Glossary;13:Report Builder,custom_datasets;dc_metrics;modular_plan_metrics;omni_otif;omni_sales;store_markup_and_markdowns;store_sales_&amp,item_attributes;item_dimensions,"The minimum amount the warehouse or store can order from a vendor. In Hardlines, Minimum Order Qty must be a multiple of Wise Pack Qty. The value is in cases for Grocery and eaches for Hardlines."
vndr_min_order_uom_cd,Vendor Minimum Order UOM,APPROVED,3:Cloud Feeds;5:BI Link;9:API Glossary,,item_attributes;item_dimensions,The Unit of Measure of the vendor minimum order quantity.
vnpk_cost_amt,Future Vendor Pack Cost Amount,APPROVED,3:Cloud Feeds;9:API Glossary;13:Report Builder,dc_metrics;future_valid_item_store;modular_plan_metrics;omni_otif;omni_sales;order_forecast;store_markup_and_markdowns;store_sales_&amp,item_attributes;item_dimensions,"The future cost of an item's vendor pack. It tells us what the item will cost from the future effective date. In other words, if the effective date is greater than the current date, the cost of the item at that time is referred to as the Future Vendor Pack Cost Amount."
vnpk_cost_amt,Vendor Pack Cost Amount,APPROVED,3:Cloud Feeds;5:BI Link;9:API Glossary;13:Report Builder,custom_datasets;dc_metrics;ecomm_sales;modular_plan_metrics;omni_otif;omni_sales;order_forecast;purchase_order;store_demand_forecast;store_markup_and_markdowns;store_sales_&amp,dc_item_measures;item_attributes;item_dimensions;omni_otif;oms_po_details;otif_(decommissioned);purchase_order_line,The base cost of the vendor pack case of an item. This does not reflect deals and discounts which are stored separately. This is not the net cost on a Purchase Order. NOTE: The value in this field may or may not reflect the latest actual cost used on a Purchase Order since the cost for any item can be changed on the PO. This amount is shown in dollars.
vnpk_cost_uom_cd,Vendor Pack Unit of Measurement Code,APPROVED,3:Cloud Feeds;5:BI Link;9:API Glossary;13:Report Builder,purchase_order,oms_po_details;purchase_order_line,These units of measure (UOM) apply to the vendor pack cost. There’s a code that goes with these examples.Here are a few examples of what this means:PER-CWTPER-CUBEPER-SHIP-CASE
vnpk_cspk_cd,Vendor Case Pack Code,APPROVED,3:Cloud Feeds;5:BI Link;9:API Glossary;13:Report Builder,custom_datasets;dc_metrics;ecomm_sales;modular_plan_metrics;omni_otif;omni_sales;order_forecast;store_demand_forecast;store_markup_and_markdowns;store_sales_&amp,item_attributes;item_dimensions,Case pack type. C - Case: Vendor Pack is equal to the Warehouse Pack. B - Breakpack: Multiple Warehouse Packs within a Vendor Pack.
vnpk_cspk_desc,Vendor Case Pack Description,APPROVED,3:Cloud Feeds;5:BI Link;9:API Glossary;13:Report Builder,custom_datasets;dc_metrics;ecomm_sales;modular_plan_metrics;omni_otif;omni_sales;order_forecast;store_demand_forecast;store_markup_and_markdowns;store_sales_&amp,item_attributes;item_dimensions,Description of Case pack type. C - Case: Vendor Pack is equal to the Warehouse Pack. B - Breakpack: Multiple Warehouse Packs within a Vendor Pack.
vnpk_cube_qty,Vendor Pack Cube Quantity,APPROVED,3:Cloud Feeds;5:BI Link;9:API Glossary;13:Report Builder,custom_datasets;dc_metrics;ecomm_sales;modular_plan_metrics;omni_otif;omni_sales;order_forecast;purchase_order;store_demand_forecast;store_markup_and_markdowns;store_sales_&amp,item_attributes;item_dimensions;oms_po_details;purchase_order_line,The cube dimension of the vendor pack case.
vnpk_cube_uom,Vendor Pack Cube Unit Of Measurement,APPROVED,3:Cloud Feeds;9:API Glossary;13:Report Builder,modular_plan_metrics;omni_otif;purchase_order;store_sales_&amp,purchase_order_line,The unit of measure (UOM) for the vendor pack cube.
vnpk_cube_uom_cd,Vendor Pack Cube UOM Code,APPROVED,3:Cloud Feeds;5:BI Link;9:API Glossary;13:Report Builder,omni_sales,item_attributes;item_dimensions;oms_po_details,The unit of measure (UOM) for the vendor pack cube.
vnpk_cube_uom_desc,Vendor Pack Cube UOM Description,APPROVED,3:Cloud Feeds;5:BI Link;9:API Glossary;13:Report Builder,custom_datasets;dc_metrics;modular_plan_metrics;store_markup_and_markdowns,item_attributes;item_dimensions,The unit of Measure description for the vendor pack cube.
vnpk_dim_uom_cd,Vendor Pack Dimension UOM Code,APPROVED,3:Cloud Feeds;5:BI Link;9:API Glossary,,item_attributes;item_dimensions,The unit of measure for the vendor pack dimension.
vnpk_dim_uom_desc,Vendor Pack Dimension UOM Description,APPROVED,3:Cloud Feeds;5:BI Link;9:API Glossary,,item_attributes;item_dimensions,Unit of Measure description for the vendor pack dimensions.
vnpk_each_qty,Vendor Pack Each Quantity,APPROVED,3:Cloud Feeds;9:API Glossary;13:Report Builder,custom_datasets;dc_metrics,dc_item_measures;purchase_order_alloc_order,"This year's number of items in a vendor pack. This quantity is shown in each.Note: This metric is AVG(), and not SUM(), for selected time period if pulled at Walmart weekly level."
vnpk_each_qty,Vendor Pack Each Quantity - Last Year,APPROVED,5:BI Link,,dc_item_measures,Last year's number of items in a vendor pack. This quantity is shown in each
vnpk_each_qty,Vendor Pack Each Quantity - This Year,APPROVED,5:BI Link,,dc_item_measures,This year's number of items in a vendor pack. This quantity is shown in each
vnpk_each_qty,Vendor Pack Each Quantity EOP,APPROVED,13:Report Builder,dc_metrics,,This year's number of items in a vendor pack. This quantity is shown in each.Note: This metric is the 'End of Period' value for the selected time period: For Example: ‘Friday’ for WMT weeks.
vnpk_each_qty,Vendor Pack Quantity,APPROVED,3:Cloud Feeds;5:BI Link;9:API Glossary;13:Report Builder,custom_datasets;dc_metrics;ecomm_sales;modular_plan_metrics;omni_otif;omni_sales;order_forecast;purchase_order;store_demand_forecast;store_markup_and_markdowns;store_sales_&amp,item_attributes;item_dimensions;oms_po_details;purchase_order_line,"Total number of sellable units in an order pack (or 'vendor pack' - the pack that the supplier ships into Walmart. It may contain multiple inner warehouse packs, or be the same as the warehouse pack, depending on how the supplier and Walmart determine to ship into Walmart's distribution network."
vnpk_ht_qty,Vendor Pack Height Quantity,APPROVED,3:Cloud Feeds;5:BI Link;9:API Glossary;13:Report Builder,custom_datasets;dc_metrics;ecomm_sales;modular_plan_metrics;omni_otif;omni_sales;order_forecast;store_demand_forecast;store_markup_and_markdowns;store_sales_&amp,item_attributes;item_dimensions,The measured height of a vendor case pack.
vnpk_len_qty,Vendor Pack Length Quantity,APPROVED,3:Cloud Feeds;5:BI Link;9:API Glossary;13:Report Builder,custom_datasets;dc_metrics;ecomm_sales;modular_plan_metrics;omni_otif;omni_sales;order_forecast;store_demand_forecast;store_markup_and_markdowns;store_sales_&amp,item_attributes;item_dimensions,The measured length of a vendor case pack.
vnpk_net_wt_qty,Vendor Pack Net Weight Quantity,APPROVED,3:Cloud Feeds;5:BI Link;9:API Glossary;13:Report Builder,purchase_order,item_attributes;item_dimensions;oms_po_details;purchase_order_line,The weight of the products contained within the vendor pack. This weight would be for product only without the packing and container weight.
vnpk_net_wt_uom_cd,Vendor Pack Net Weight UOM Code,APPROVED,3:Cloud Feeds;5:BI Link;9:API Glossary,,item_attributes;item_dimensions,Unit of Measure used for the net weight of the vendor pack.
vnpk_wdth_qty,Vendor Pack Width Quantity,APPROVED,3:Cloud Feeds;5:BI Link;9:API Glossary;13:Report Builder,custom_datasets;dc_metrics;ecomm_sales;modular_plan_metrics;omni_otif;omni_sales;order_forecast;store_demand_forecast;store_markup_and_markdowns;store_sales_&amp,item_attributes;item_dimensions,The measured width of a vendor case pack.
vnpk_wt_fmt_cd,Vendor Pack Weight Format Code,APPROVED,3:Cloud Feeds;5:BI Link;9:API Glossary;13:Report Builder,custom_datasets;dc_metrics;modular_plan_metrics;omni_otif;omni_sales;order_forecast;store_demand_forecast;store_markup_and_markdowns;store_sales_&amp,item_attributes;item_dimensions,"This represents if the Vendor Pack Weight is fixed or variable; Values: 'F' (fixed), 'V' (variable). Fixed means the weight of the vendor case is consistently the same. Variable means the weight of the vendor case entered is an average case weight and the actual weight of each vendor case may be higher or lower."
vnpk_wt_fmt_desc,Vendor Pack Weight Format Description,APPROVED,3:Cloud Feeds;5:BI Link;9:API Glossary;13:Report Builder,custom_datasets;dc_metrics;modular_plan_metrics;omni_otif;omni_sales;order_forecast;store_demand_forecast;store_markup_and_markdowns;store_sales_&amp,item_attributes;item_dimensions,Contextual description for the Vendor Pack Weight.
vnpk_wt_qty,Vendor Pack Weight Quantity,APPROVED,3:Cloud Feeds;5:BI Link;9:API Glossary;13:Report Builder,custom_datasets;dc_metrics;ecomm_sales;modular_plan_metrics;omni_otif;omni_sales;order_forecast;purchase_order;store_demand_forecast;store_markup_and_markdowns;store_sales_&amp,item_attributes;item_dimensions;oms_po_details;purchase_order_alloc_order;purchase_order_line,The weight of the vendor pack case. This includes the weight of the case packaging.
vnpk_wt_uom_cd,Vendor Pack Weight UOM Code,APPROVED,3:Cloud Feeds;5:BI Link;9:API Glossary,,item_attributes;item_dimensions;oms_po_details;purchase_order_line,The unit of measure (UOM) for the vendor pack weight.
vnpk_wt_uom_cd,Vendor Pack Weight Unit of Measurement Code,APPROVED,13:Report Builder,purchase_order,,This is the unit of measure for the vendor pack weight.
vnpk_wt_uom_desc,Vendor Pack Weight Description,APPROVED,3:Cloud Feeds;5:BI Link;9:API Glossary,,item_attributes;item_dimensions,Description for the unit of measure used for the net weight of the vendor pack.
walmart_owned_cogs,Walmart Affected COGs,APPROVED,5:BI Link;9:API Glossary;13:Report Builder,omni_otif,omni_otif;otif_(decommissioned),Total cost of Walmart owned non-compliant vendor pack quantity.
warehouse_packs_on_order_this_year,On Order Warehouse Quantity in units,APPROVED,13:Report Builder,custom_datasets;dc_metrics,,It is the total number of individual units currently on order via Purchase Orders (POs) destined to the Distribution Center (DC).Calculation: Warehouse Packs on Order X Warehouse Pack Each Quantity
warehouse_packs_on_order_this_year,On Order Warehouse Quantity in units-EOP,APPROVED,13:Report Builder,dc_metrics,,It is the total number of individual units currently on order via Purchase Orders (POs) destined to the Distribution Center (DC).Calculation: Warehouse Packs on Order X Warehouse Pack Each Quantity
wea_zone_cd,Planting Zone Code,APPROVED,3:Cloud Feeds;5:BI Link;9:API Glossary,,store_dimensions,This is a code that indicates planting zones for plants or seeds sold in the Garden Center. This is a standard code that is applied to all stores.
whole_food_og_ind,Whole Foods Online Grocery,APPROVED,2:Customer Perception,,,Indicates is Panelist uses Whole Foods Online Grocery
whpk_calc_mthd_cd,Warehouse Pack Calculation Method Code,APPROVED,3:Cloud Feeds;5:BI Link;9:API Glossary,,item_attributes;item_dimensions,"A one-character code that represents the method by which the warehouse pack sell is calculated from the vendor pack cost (or warehouse pack cost which is calculated from vendor pack cost).Examples: R - revalue, M - manual, A - Corporate Average (averaged across all DCs). L - Local Average means that the value in warehouse pack sell amount is averaged across all DC's but the actual amount that is charged to the Stores in the average of all receiving's at each DC and is on the Item Dimension table. Note: R - revalue will likely be phased out."
whpk_calc_mthd_desc,Warehouse Pack Calculation Method Description,APPROVED,3:Cloud Feeds;5:BI Link;9:API Glossary,,item_attributes;item_dimensions,"The description for the one-character code that represents the method by which the warehouse pack sell is calculated from the vendor pack cost (or warehouse pack cost which is calculated from vendor pack cost).Examples: R - revalue, M - manual, A - Corporate Average (averaged across all DCs). L - Local Average means that the value in warehouse pack sell amount is averaged across all DC's but the actual amount that is charged to the Stores in the average of all receiving's at each DC and is on the Item Dimension table. Note: R - revalue will likely be phased out."
whpk_cost_amt,Warehouse Cost On Hand,APPROVED,13:Report Builder,vendor_scorecard,,The cost of the current inventory warehouse pack (on hand) at a given DC (distribution center). This amount is shown in dollars.
whpk_cost_amt,Warehouse Cost On Order,APPROVED,13:Report Builder,vendor_scorecard,,The cost of the current number of warehouse packs on order on POs (purchase orders) destined to a given DC (distribution center). This amount is shown in dollars.
whpk_cost_amt,Warehouse Pack Cost Amount,APPROVED,3:Cloud Feeds;9:API Glossary;13:Report Builder,custom_datasets;dc_metrics,dc_item_measures,"The amount it costs the warehouse to purchase a warehouse pack of this item. This amount is shown in dollars ($).Note: This metric is AVG(), and not SUM(), for selected time period if pulled at Walmart weekly level."
whpk_cost_amt,Warehouse Pack Cost Amount - Last Year,APPROVED,5:BI Link,,dc_item_measures,The amount it cost the warehouse to purchase a warehouse pack of this item last year. This amount is shown in dollars ($).
whpk_cost_amt,Warehouse Pack Cost Amount - This Year,APPROVED,5:BI Link,,dc_item_measures,The amount it costs the warehouse to purchase a warehouse pack of this item this year. This amount is shown in dollars ($).
whpk_cost_amt,Warehouse Pack Cost Amount EOP,APPROVED,13:Report Builder,dc_metrics,,The amount it costs the warehouse to purchase a warehouse pack of this item. This amount is shown in dollars ($).Note: This metric is the 'End of Period' value for the selected time period: For Example: ‘Friday’ for WMT weeks.
whpk_cube_qty,Warehouse Pack Cubic Quantity,APPROVED,3:Cloud Feeds;5:BI Link;9:API Glossary;13:Report Builder,custom_datasets;dc_metrics;ecomm_sales;modular_plan_metrics;omni_otif;omni_sales;order_forecast;purchase_order;store_demand_forecast;store_markup_and_markdowns;store_sales_&amp,item_attributes;item_dimensions;oms_po_details;purchase_order_alloc_order,The warehouse pack cubic feet. The size in cubic feet of a warehouse pack.
whpk_cube_uom_cd,Warehouse Pack Cube UOM Code,APPROVED,3:Cloud Feeds;5:BI Link;9:API Glossary;13:Report Builder,custom_datasets;dc_metrics;modular_plan_metrics;omni_otif;omni_sales;order_forecast;purchase_order;store_demand_forecast;store_markup_and_markdowns;store_sales_&amp,item_attributes;item_dimensions;oms_po_details;purchase_order_alloc_order,Unit of Measure for the warehouse pack cube.
whpk_cube_uom_desc,Warehouse Pack Cube UOM Description,APPROVED,3:Cloud Feeds;5:BI Link;9:API Glossary;13:Report Builder,custom_datasets;dc_metrics;ecomm_sales;modular_plan_metrics;omni_otif;omni_sales;order_forecast;store_demand_forecast;store_markup_and_markdowns;store_sales_&amp,item_attributes;item_dimensions,Unit of Measure description for the warehouse pack cube.
whpk_dim_uom_cd,Warehouse Pack Dimension UOM Code,APPROVED,3:Cloud Feeds;5:BI Link;9:API Glossary,,item_attributes;item_dimensions,Unit of Measure for the warehouse pack dimensions.
whpk_dim_uom_desc,Warehouse Pack Dimension UOM Description,APPROVED,3:Cloud Feeds;5:BI Link;9:API Glossary,,item_attributes;item_dimensions,Unit of Measure description for the warehouse pack dimensions.
whpk_ht_qty,Warehouse Pack Height Quantity,APPROVED,3:Cloud Feeds;5:BI Link;9:API Glossary;13:Report Builder,custom_datasets;dc_metrics;ecomm_sales;modular_plan_metrics;omni_otif;omni_sales;order_forecast;store_demand_forecast;store_markup_and_markdowns;store_sales_&amp,item_attributes;item_dimensions,The measured height of a warehouse case pack.
whpk_len_qty,Warehouse Pack Length Quantity,APPROVED,3:Cloud Feeds;5:BI Link;9:API Glossary;13:Report Builder,custom_datasets;dc_metrics;ecomm_sales;modular_plan_metrics;omni_otif;omni_sales;order_forecast;store_demand_forecast;store_markup_and_markdowns;store_sales_&amp,item_attributes;item_dimensions,The measured length of a warehouse case pack.
whpk_net_wt_qty,Warehouse Pack Net Weight Quantity,APPROVED,3:Cloud Feeds;5:BI Link;9:API Glossary,,item_attributes;item_dimensions,The weight of the products contained within the warehouse pack. This weight would be for the product only without the packing and container weight.
whpk_qty,Warehouse Pack Each Quantity,APPROVED,3:Cloud Feeds;5:BI Link;9:API Glossary;13:Report Builder,custom_datasets;dc_metrics;ecomm_sales;modular_plan_metrics;omni_otif;omni_sales;order_forecast;purchase_order;store_demand_forecast;store_markup_and_markdowns;store_sales_&amp,dc_item_measures;oms_po_details;purchase_order_alloc_order;purchase_order_line,The number of units in a warehouse pack shipping unit. This quantity is shown in eaches.
whpk_qty,Warehouse Pack Quantity,APPROVED,3:Cloud Feeds;5:BI Link;9:API Glossary;13:Report Builder,dc_metrics,item_attributes;item_dimensions,"Number of units or eaches in a warehouse pack case.Note: Currently the number of warehouse packs is a derived figure. For example, an item with a Vendor Pack Quantity of 24 and Warehouse Pack Quantity of 4 would really have 6 warehouse packs in each vendor pack. This is also the minimum quantity of eaches that a store can order from the warehouse. Once created, this field cannot be changed. This is a restriction of DC processing. If they had the same item number with different warehouse pack quantities, they could not determine what to bill the stores for shipments. Warehouse Pack Quantity must ALWAYS be evenly divisible into the Vendor Pack Quantity. There are also rules established for Warehouse and Vendor Pack Quantities based on the Case Pack Type. Only items with a Case Pack Type of B (Break pack) can have a Warehouse Pack Quantity different than the Vendor Pack Quantity. This value can be overridden from the Item for a given purchase order."
whpk_rcv_qty,Warehouse Pack Quantity Received,APPROVED,3:Cloud Feeds;5:BI Link;9:API Glossary,,oms_po_details;purchase_order_alloc_order,Warehouse Quantity Received in eaches.
whpk_sell_amt,Warehouse Pack Sell Amount,APPROVED,3:Cloud Feeds;5:BI Link;9:API Glossary;13:Report Builder,custom_datasets;dc_metrics;order_forecast;purchase_order;store_sales_&amp,dc_item_measures;item_attributes;item_dimensions;oms_po_details;purchase_order_alloc_order;purchase_order_dc_receiver_line;purchase_order_line_destination,The amount a store pays the DC to purchase a warehouse pack of this item. This does not include inbound freight cost and any additional DC charges. This amount is shown in dollars ($).
whpk_sell_amt,Warehouse Pack Sell Amount - Last Year,APPROVED,5:BI Link,,dc_item_measures,The amount a store paid the DC to purchase a warehouse pack of this item last year. This does not include inbound freight cost and any additional DC charges. This amount is shown in dollars ($).
whpk_sell_amt,Warehouse Pack Sell Amount - This Year,APPROVED,5:BI Link,,dc_item_measures,The amount a store pays the DC to purchase a warehouse pack of this item this year. This does not include inbound freight cost and any additional DC charges. This amount is shown in dollars ($).
whpk_sell_amt,Warehouse Pack Sell Amount EOP,APPROVED,13:Report Builder,dc_metrics,,It is the sale amount that a store pays the DC to purchase a warehouse pack of this item. This does not include inbound freight cost and any additional DC charges. Note: This metric is the 'End of Period' value for the selected time period: For Example: ‘Friday’ for WMT weeks.
whpk_sell_amt,Warehouse Ships at Cost WHSE,APPROVED,13:Report Builder,vendor_scorecard,,"The total Warehouse Pack shipment value, shipped by the DC (distribution center) to Stores. DCs also consider this as sales. This amount is shown in dollars."
whpk_unit_cost,Warehouse Pack Unit Cost,APPROVED,3:Cloud Feeds;5:BI Link;9:API Glossary;13:Report Builder,custom_datasets;dc_metrics;modular_plan_metrics;omni_otif;store_markup_and_markdowns;store_sales_&amp,item_attributes;item_dimensions,The cost of a warehouse pack.
whpk_upc_fmt_cd,Warehouse Pack UPC Format Code,APPROVED,3:Cloud Feeds;5:BI Link;9:API Glossary;13:Report Builder,custom_datasets;dc_metrics;ecomm_sales;modular_plan_metrics;omni_otif;omni_sales;order_forecast;store_demand_forecast;store_markup_and_markdowns;store_sales_&amp,item_attributes;item_dimensions,Textual description of the UPC format codes.
whpk_upc_fmt_desc,Warehouse Pack UPC Format Description,APPROVED,3:Cloud Feeds;5:BI Link;9:API Glossary;13:Report Builder,custom_datasets;dc_metrics;ecomm_sales;modular_plan_metrics;omni_sales;order_forecast;store_demand_forecast;store_markup_and_markdowns;store_sales_&amp,item_attributes;item_dimensions,Textual description of the UPC format codes.Examples: 1 - EAN-8 2 - UPC-12 3 - EAN-13 4 - UPC-13 5 - EAN-14
whpk_upc_nbr,Warehouse Pack UPC Number,APPROVED,3:Cloud Feeds;5:BI Link;9:API Glossary;13:Report Builder,custom_datasets;dc_metrics;ecomm_sales;modular_plan_metrics;omni_otif;omni_sales;order_forecast;purchase_order;store_demand_forecast;store_markup_and_markdowns;store_sales_&amp,item_attributes;item_dimensions,The standardized shipping container code (SCC-14 universal code for shipping containers); identifies the warehouse pack (inner case UPC).
whpk_wdth_qty,Warehouse Pack Width Quantity,APPROVED,3:Cloud Feeds;5:BI Link;9:API Glossary;13:Report Builder,custom_datasets;dc_metrics;ecomm_sales;modular_plan_metrics;omni_otif;omni_sales;order_forecast;store_demand_forecast;store_markup_and_markdowns;store_sales_&amp,item_attributes;item_dimensions,The measured width of a warehouse case pack.
whpk_wt_qty,Warehouse Pack Weight Quantity,APPROVED,3:Cloud Feeds;5:BI Link;9:API Glossary;13:Report Builder,custom_datasets;dc_metrics;ecomm_sales;modular_plan_metrics;omni_otif;omni_sales;order_forecast;store_demand_forecast;store_markup_and_markdowns;store_sales_&amp,item_attributes;item_dimensions,Weight of the warehouse pack case.
whpk_wt_uom_cd,Warehouse Pack Weight UoM Code,APPROVED,3:Cloud Feeds;5:BI Link;9:API Glossary;13:Report Builder,custom_datasets;dc_metrics;ecomm_sales;modular_plan_metrics;omni_otif;omni_sales;order_forecast;store_demand_forecast;store_markup_and_markdowns;store_sales_&amp,item_attributes;item_dimensions,Unit of Measure (UOM) for the warehouse pack weight.
whpk_wt_uom_desc,Warehouse Pack Weight UoM Description,APPROVED,3:Cloud Feeds;5:BI Link;9:API Glossary;13:Report Builder,custom_datasets;dc_metrics;ecomm_sales;modular_plan_metrics;omni_otif;omni_sales;order_forecast;store_demand_forecast;store_markup_and_markdowns;store_sales_&amp,item_attributes;item_dimensions,Unit of Measure (UOM) description for the warehouse pack weight.
whse_algn_type_cd,Warehouse Alignment Type Code,APPROVED,3:Cloud Feeds;5:BI Link;9:API Glossary;13:Report Builder,custom_datasets;dc_metrics;modular_plan_metrics;omni_otif;omni_sales;order_forecast;store_demand_forecast;store_markup_and_markdowns;store_sales_&amp,dc_alignment;item_attributes;item_dimensions,"Groups items together for warehouse alignment. An alignment of a warehouse to a store for shipment of products. This alignment is based on the type of product.Valid values include:AB - Assembly BulkAC - AIDCO ConversionAS - AssemblyCI - CircularCW - CollectableDG - Dry GoodDI - Distribution FreightDS - Distribution ShoesGB - BakeryFC - Freezer/CoolerGB - BakeryGC - DairyGD - Dry GroceryGF - Frozen FoodsGM - Meats and SeafoodGP - ProductGV - Private Label and PromotionGY - DeliHA - Hearing AidsHW - HypermartIN - InternationalJW - JewelryMT - MeatOC - Over the CounterOP - Optical LabPD - ProducePH - PharmacySB - Staple Stock BulkSH - Special HypermartSP - Special DivisionsSS - Staple Stock ShoesTD - TiresTS - Tires DistributionWH - WarehouseWP - WPM MerchandiseAP - WPM CENTER, APPAREL NETWORKF0 - GROCERY NETWORK, HVDC Phase IF1 - GROCERY NETWORK, HVDC Phase IIF2 - GROCERY NETWORKF3 - GROCERY NETWORKF4 - GROCERY NETWORKF5 - GROCERY NETWORK, HVDC Phase VIF8 - GROCERY NETWORKF9 - GROCERY NETWORKG0 - SPECIAL REALIGNMENTG1 - SPECIAL REALIGNMENTG2 - SPECIAL REALIGNMENTG3 - SPECIAL REALIGNMENTG4 - SPECIAL REALIGNMENTG5 - SPECIAL REALIGNMENTG6 - SPECIAL REALIGNMENTG7 - SPECIAL REALIGNMENTG8 - SPECIAL REALIGNMENTG9 - SPECIAL REALIGNMENTGZ - GROCERY EMERGENCYPR - SLOW DRY PHASE IIIPX - PRESCRIPTION REPLENISHMENTR0 - REGIONAL NETWORKR1 - REGIONAL NETWORKR2 - REGIONAL NETWORKR3 - REGIONAL NETWORKR4 - REGIONAL NETWORKR5 - REGIONAL NETWORKR6 - REGIONAL NETWORKR7 - REGIONAL NETWORKR8 - REGIONAL NETWORKR9 - REGIONAL NETWORKRX - PHARMACY"
whse_algn_type_desc,Warehouse Alignment Type Description,APPROVED,3:Cloud Feeds;5:BI Link;9:API Glossary;13:Report Builder,custom_datasets;dc_metrics;modular_plan_metrics;omni_otif;order_forecast;store_demand_forecast;store_markup_and_markdowns;store_sales_&amp,item_attributes;item_dimensions,"This groups items together for warehouse alignment. An alignment of a warehouse to a store for shipment of products. This alignment is based on the type of product.Valid values include:AB - Assembly BulkAC - AIDCO ConversionAS - AssemblyCI - CircularCW - CollectableDG - Dry GoodDI - Distribution FreightDS - Distribution ShoesGB - BakeryFC - Freezer/CoolerGB - BakeryGC - DairyGD - Dry GroceryGF - Frozen FoodsGM - Meats and SeafoodGP - ProductGV - Private Label and PromotionGY - DeliHA - Hearing AidsHW - HypermartIN - InternationalJW - JewelryMT - MeatOC - Over the CounterOP - Optical LabPD - ProducePH - PharmacySB - Staple Stock BulkSH - Special HypermartSP - Special DivisionsSS - Staple Stock ShoesTD - TiresTS - Tires DistributionWH - WarehouseWP - WPM MerchandiseAP - WPM CENTER, APPAREL NETWORKF0 - GROCERY NETWORK, HVDC Phase IF1 - GROCERY NETWORK, HVDC Phase IIF2 - GROCERY NETWORKF3 - GROCERY NETWORKF4 - GROCERY NETWORKF5 - GROCERY NETWORK, HVDC Phase VIF8 - GROCERY NETWORKF9 - GROCERY NETWORKG0 - SPECIAL REALIGNMENTG1 - SPECIAL REALIGNMENTG2 - SPECIAL REALIGNMENTG3 - SPECIAL REALIGNMENTG4 - SPECIAL REALIGNMENTG5 - SPECIAL REALIGNMENTG6 - SPECIAL REALIGNMENTG7 - SPECIAL REALIGNMENTG8 - SPECIAL REALIGNMENTG9 - SPECIAL REALIGNMENTGZ - GROCERY EMERGENCYPR - SLOW DRY PHASE IIIPX - PRESCRIPTION REPLENISHMENTR0 - REGIONAL NETWORKR1 - REGIONAL NETWORKR2 - REGIONAL NETWORKR3 - REGIONAL NETWORKR4 - REGIONAL NETWORKR5 - REGIONAL NETWORKR6 - REGIONAL NETWORKR7 - REGIONAL NETWORKR8 - REGIONAL NETWORKR9 - REGIONAL NETWORKRX - PHARMACY"
whse_area_cd,Warehouse Area Code,APPROVED,3:Cloud Feeds;5:BI Link;9:API Glossary;13:Report Builder,purchase_order,item_attributes;item_dimensions;oms_po_details;purchase_order,"This is the numerical representation of the 2 characters identifying the section of warehouse to receive product. Examples: 1A – HVDC 1C – Sam's Perishable 1P – Walmart Perishable 5C – Holiday OSS 6C – OSS for Turn 4C – Bananas that are ripened at Colton, then transferred to 7025 9C – Was for a test of the banana rooms when Hunter Park opened up"
whse_area_desc,Warehouse Area Description,APPROVED,3:Cloud Feeds;5:BI Link;9:API Glossary;13:Report Builder,purchase_order,item_attributes;item_dimensions;oms_po_details;purchase_order,"Describes the section of warehouse to receive product from the DCS2000 system. Examples: 1A – HVDC 1C – Sam’s Perishable 1P – Walmart Perishable 5C – Holiday OSS 6C – OSS for Turn 4C – Bananas that are ripened at Colton, then transferred to 7025 9C – Was for a test of the banana rooms when Hunter Park opened up"
whse_chng_ts,Warehouse Change Timestamp,APPROVED,3:Cloud Feeds;5:BI Link;9:API Glossary;13:Report Builder,purchase_order,oms_po_details;purchase_order,Time when the Purchase Order (PO) was downloaded last time to the distribution center (DC) system.
whse_max_order_qty,Warehouse Max Order Qty,APPROVED,3:Cloud Feeds;5:BI Link;9:API Glossary,,item_attributes;item_dimensions,"Maximum quantity that a store can order from the warehouse. Value is in cases for Grocery and eaches for Hardlines. In Hardlines, Maximum Order Quantity must be a multiple of the Wholesale Pack Quantity."
whse_min_order_qty,Warehouse Min Order Quantity,APPROVED,3:Cloud Feeds;5:BI Link;9:API Glossary;13:Report Builder,custom_datasets;dc_metrics;modular_plan_metrics;omni_otif;purchase_order;store_markup_and_markdowns;store_sales_&amp,item_attributes;item_dimensions,The minimum quantity that a store can order from the warehouse for this item of merchandise.
whse_rotation_cd,Warehouse Rotation Code,APPROVED,3:Cloud Feeds;5:BI Link;9:API Glossary,,item_attributes;item_dimensions,"This indicates how an item is rotated in a warehouse (grocery or regional); Values: N - Normal, R - Strict rotation based on receiving dates, C - Strict rotation based on code date, S - Strict rotation based on sequence number of pallet."
whse_rotation_desc,Warehouse Rotation Description,APPROVED,3:Cloud Feeds;5:BI Link;9:API Glossary,,item_attributes;item_dimensions,"This indicates how an item is rotated in a warehouse (grocery or regional); Values: N - Normal, R - Strict rotation based on receiving dates, C - Strict rotation based on code date, S - Strict rotation based on sequence number of pallet."
winder_farms_og_ind,Winder Farms Online Grocery,APPROVED,2:Customer Perception,,,Indicates if Panelist uses Winder Farms Online Grocery
wip_qty,Work In Progress Quantity,APPROVED,3:Cloud Feeds;9:API Glossary,,ecomm_inventory,Sometimes a carton is not ready to be put away into an active or reserve location right after being received and requires some additional work to be done. In this case the Work in Progress inventory bucket begins after the carton has been put in a designated work location till the work is completed and the carton is put away in an active or reserve location where it becomes Available to Sell (ATS).
wm_epoc_half_cnt,Walmart EPOC Half Count,APPROVED,3:Cloud Feeds;5:BI Link;9:API Glossary,,calendar_dimensions,"A number based on the sequential order of the Walmart Merchandising half years up to the given date. For example, February 2007 would return: WM\_EPOC\_HALF\_CNT = 2233. It will be used to calculate a difference between Merchandising Half Years."
wm_full_yr_nbr,Walmart Full Year Number,APPROVED,3:Cloud Feeds;5:BI Link;9:API Glossary,,calendar_dimensions,"A four-digit number representing the Walmart Merchandising year. This date is based on the 4/5/4 calendar and is affected by WM\_WEEK\_NBR for the US, CA, and PR. For other international countries, it changes with the Fiscal Year. Example: In the US, February 2000 would return: 2000."
wm_half_yr_nbr,Walmart Half Year Number,APPROVED,3:Cloud Feeds;5:BI Link;9:API Glossary,,calendar_dimensions,"A number representing the Walmart Merchandising half year for this date, based on 4/5/4 calendar. This value is affected by WM\_MONTH\_NBR and not WM\_YR\_WK\_NBR/WM\_WEEK\_NBR. The Walmart fiscal year first half (1) starts February 1 in the US, CA, and PR and January 1 for other international countries. The Walmart fiscal year second half (2) starts August 1 for US, CA, and PR and July 1 for other international countries."
wm_half_yr_nm,Walmart Half Year Name,APPROVED,3:Cloud Feeds;5:BI Link;9:API Glossary,,calendar_dimensions,"The Walmart Merchandising half year name, in the country's native language. For example, the name ""WM H1"" might indicate the first half of the 4/5/4 merchandise year, and the name ""WM 2° Semestre"" might indicate the second half of the 4/5/4 merchandise year."
wm_item_nbr,Walmart Item Number,APPROVED,3:Cloud Feeds;5:BI Link;7:Channel Performance Insights;8:Modular Intelligence;9:API Glossary;13:Report Builder,bottle_deposit;custom_datasets;dc_metrics;ecomm_sales;future_valid_item_store;modular_plan_metrics;omni_otif;omni_sales;order_forecast;purchase_order;store_demand_forecast;store_markup_and_markdowns;store_sales_&amp;tender_analysis,all_traits;dc_item_measures;digital_transactability;ecomm_returns;ecomm_subscriptions;future_valid_item;inventory_adjustments;item_affinity;item_attributes;item_dimensions;item_future_trait;item_trait;long_range_store_demand_forecast;modular_plan_upc;modular_upc_location;mtr;mumd;omni_otif;omni_sales;omni_sales_new;oms_po_details;order_demand_forecast;otif_(decommissioned);out_of_stock_root_cause;purchase_order_alloc_order;purchase_order_line;rfid_on_hand_adjustments;sales_tender;store_customer_returns;store_demand_forecast;store_fulfillment;store_inventory;store_item_measures;store_item_measures_(inventory);store_returns;store_sales;store_sales_new,"A Walmart Item Number (WIN) is an internal number assigned to a supplier's item configuration of a GTIN (Global Trade Item Number). It represents how the supplier will sell, ship, and replenish their merchandise at Walmart. Multiple Walmart Item Numbers (WINs) may be associated with a single GTIN to support different agreements or configurations between the supplier and Walmart merchant. The WIN is unique to each item configuration and is used for tracking, ordering, and replenishment within Walmart’s systems."
wm_mth_abbr,Walmart Month Abbreviation,APPROVED,3:Cloud Feeds;5:BI Link;9:API Glossary,,calendar_dimensions,"The abbreviated Walmart Merchandising month, in the country's native language and based on the 4/5/4 calendar. Example: Feb, Mar, Apr, May, June, July, Aug, Sept, Oct, Nov, Dec, Jan."
wm_mth_alpha_nbr,Walmart Month Alpha Number,APPROVED,3:Cloud Feeds;5:BI Link;9:API Glossary,,calendar_dimensions,"A number representing the Walmart Merchandising month (zero padded for correct lexicographical order), based on 4/5/4 calendar, where 01 is February in the US, CA, and PR. For example, if it is April the US returned value would be: 03."
wm_mth_cnt,Walmart Month Count,APPROVED,3:Cloud Feeds;5:BI Link;9:API Glossary,,calendar_dimensions,"A number based on the sequential order of the Walmart Merchandising months up to the given date. For example, February 2007 would return: WM\_MTH\_CNT = 2094. It will be used to calculate a difference between Walmart Merchandising months."
wm_mth_nbr,Walmart Month Number,APPROVED,3:Cloud Feeds;5:BI Link;9:API Glossary,,calendar_dimensions,"A number representing the Walmart Merchandising sequential month, based on the fiscal WalMart month. Example: 1 - February, 2 - March, 3 - April, 4 - May, 5."
wm_mth_nm,Walmart Month Name,APPROVED,3:Cloud Feeds;5:BI Link;9:API Glossary,,calendar_dimensions,"The Walmart Merchandising full month name for this date, in the country's native language and based on 4/5/4 calendar. Examples: February - month 1, January - month 12."
wm_og_dlvr_ind,Walmart Online Grocery Home Delivery,APPROVED,2:Customer Perception,,,Indicates if Panelist uses Walmart Online Grocery Home Delivery
wm_og_ind,Walmart Online Grocery,APPROVED,2:Customer Perception,,,Indicates if Panelist uses Walmart Online Grocery
wm_otb_mth_nbr,Open To Buy Year Month,APPROVED,3:Cloud Feeds;5:BI Link;9:API Glossary,,oms_po_details;purchase_order_line,"The WMT 4-5-4 Open to Buy Month.E.g. 1,2,...,12"
wm_otb_mth_nbr,Walmart Open To Buy Month,APPROVED,3:Cloud Feeds;9:API Glossary;13:Report Builder,purchase_order,purchase_order,WMT 4-5-4 Open to Buy Month.
wm_otb_yr_nbr,Open To Buy Year Number,APPROVED,3:Cloud Feeds;5:BI Link;9:API Glossary,,oms_po_details;purchase_order_line,"Walmart calendar 4-5-4 Open to Buy Year is the Walmart year of the purchase budget.This is a Walmart calendar where January is month 12. Merchandise definition of year is when the cost of these goods, which are ordered, go onto our financial books. The ""Planning for Profit"" project currently defining new rules around Open to Buy (OTB). New purchase orders (PO) will use these new rules."
wm_otb_yr_nbr,Walmart Open To Buy Year,APPROVED,3:Cloud Feeds;9:API Glossary;13:Report Builder,purchase_order,purchase_order,WMT 4-5-4 Open to Buy Year.
wm_qtr_nbr,Walmart Quarter Number,APPROVED,3:Cloud Feeds;5:BI Link;9:API Glossary,,calendar_dimensions,"A number representing the Walmart merchandise quarter for this date, based on 4/5/4 calendar. It changes with WM_MONTH_NBR and not WM_YR_WK_NBR/WM_WEEK_NBR. For example, a Quarter 2 date return: 2."
wm_qtr_nm,Walmart Quarter Name,APPROVED,3:Cloud Feeds;5:BI Link;9:API Glossary,,calendar_dimensions,"The Walmart Merchandising quarter name for this date, in the country's native language and based on 4/5/4 calendar. Examples: WM Q1, WM Q2, WM Q3, WM Q4."
wm_refer_qtr_cnt,Walmart Refer Quarter Count,APPROVED,3:Cloud Feeds;5:BI Link;9:API Glossary,,calendar_dimensions,"A number based on the sequential order of the Walmart quarters up to the given date. For example, February 2007 would return: WM\_REFER\_QTR\_CNT = 866. It will be used to calculate a difference between Walmart Quarters."
wm_upc_desc,Walmart UPC Description,APPROVED,3:Cloud Feeds;5:BI Link;9:API Glossary;13:Report Builder,custom_datasets;dc_metrics;ecomm_sales;future_valid_item_store;modular_plan_metrics;omni_otif;omni_sales;order_forecast;purchase_order;store_demand_forecast;store_markup_and_markdowns;store_sales_&amp;tender_analysis,item_attributes;item_dimensions,The description of the item attached to a particular Universal Product Code (UPC) and prints on the customers receipt at store level for hardline items.
wm_upc_nbr,Universal Product Code Number,APPROVED,3:Cloud Feeds;5:BI Link;7:Channel Performance Insights;9:API Glossary;13:Report Builder,modular_plan_metrics;omni_sales,item_attributes;item_dimensions;modular_plan_upc;modular_upc_location;product_dimensions;rfid_sku;upc_custom_attribution,"The Universal Product Code (UPC) number that is used to create a base item, and the base item is used to group all variant items. If the item is a base, then UPC and Base UPC will be the same. If the item is a variant, then UPC will be different from Base UPC."
wm_upc_nbr,Walmart UPC Number,APPROVED,8:Modular Intelligence;13:Report Builder,bottle_deposit;custom_datasets;dc_metrics;ecomm_sales;future_valid_item_store;modular_plan_metrics;omni_otif;omni_sales;order_forecast;purchase_order;store_demand_forecast;store_markup_and_markdowns;store_sales_&amp;tender_analysis,,"It is a unique 12-digit barcode used to identify individual products in retail.The UPC is assigned to a product by the manufacturer and is used for scanning at the register, inventory management, and product tracking.At Walmart, the UPC is a key product identifier and is used in systems for item setup, sales tracking, and replenishment.When using UPC number as a filter in Walmart systems, some systems accept the full 12-digit UPC format, while others may require you to omit the 12th digit known as the ""check digit"". If you receive an error using 12-digits, try again with the check digit removed."
wm_wk_cnt,Walmart Week Count,APPROVED,3:Cloud Feeds;5:BI Link;9:API Glossary,,calendar_dimensions,"A number based on the sequential order of the Walmart weeks up to the given date. For example, February 2007 would return: WM\_WK\_CNT = 5587. It will be used to calculate a difference between Walmart Weeks."
wm_wk_day_nbr,Walmart Week Day Number,APPROVED,3:Cloud Feeds;5:BI Link;6:Digital Landscapes;9:API Glossary,,calendar_dimensions,"A number representing the day of the week, based upon the Walmart week for this date. The WalMart week begins on Saturday. Examples: 1 - Saturday, 2 - Sunday, 3 - Monday, 4 - Tuesday, 5 - Wednesday, 6 - Thursday, 7 - Friday."
wm_wk_day_nbr,Walmart Weekday Number,APPROVED,5:BI Link;9:API Glossary,,,"A number representing the day of the week, based upon the Walmart week for this date. The WalMart week begins on Saturday. Examples: 1 - Saturday, 2 - Sunday, 3 - Monday, 4 - Tuesday, 5 - Wednesday, 6 - Thursday, 7 - Friday."
wm_wk_end_dt,Walmart Week End Date,APPROVED,6:Digital Landscapes,,,Walmart Week End Date
wm_wk_nbr,Walmart Week Number,APPROVED,3:Cloud Feeds;5:BI Link;9:API Glossary,,calendar_dimensions,"A number representing the Walmart week for this date (as in 1, 2, 3, 12, ... 52, etc.). Week 1 starts on the first day of February. For example, if it is the first week of March the return would be: 5."
wm_wk_nm,Walmart Week Name,APPROVED,3:Cloud Feeds;5:BI Link;9:API Glossary,,calendar_dimensions,"The name for the Walmart Merchandising week, in the country's native language (such as: Week 1, Week 2, ...Week 52). Week 1 starts the first day of February. For example, if it is the first week of March the name could be: Week 5."
wm_wk_start_dt,Walmart Week Start Date,APPROVED,6:Digital Landscapes,,,Walmart Week Start Date
wm_yr_desc,Walmart Year Description,APPROVED,3:Cloud Feeds;5:BI Link;9:API Glossary,,calendar_dimensions,"The Walmart Merchandising year name for this date, in the country's native language and based on 4/5/4 calendar. Examples: WM Year 2006, WM Year 2007."
wm_yr_wk_nbr,Walmart Year Week Number,APPROVED,3:Cloud Feeds;5:BI Link;6:Digital Landscapes;7:Channel Performance Insights;9:API Glossary;13:Report Builder,modular_plan_metrics;store_demand_forecast;store_markup_and_markdowns;store_sales_&amp,calendar_dimensions;dc_item_measures;item_affinity;long_range_store_demand_forecast;omni_otif;omni_sales;omni_sales_new;otif_(decommissioned);rfid_on_hand_adjustments;rfid_sku;store_demand_forecast;store_inventory;store_item_measures;store_item_measures_(inventory);store_sales;store_sales_new;upc_sales,"A number representing the full Walmart year and week. The four-digit year is followed by a two-digit week count. Example: 200701. This year is the same for all countries. Since the fiscal year begins in February, January will continue the prior year count. For example, 200649 would be the Year Week Number for the first week of January, even though wm\year\nbr is 2007.The Walmart Year Week Number is a six-digit numeric value that represents the full Walmart merchandising year and week, formatted as YYYYWW. The first four digits indicate the year, and the last two digits indicate the sequential week within that year. International will have same year as US in this column. For example: 200701 (200649 for Jan 1st week even though wmyearnbr is 2007)."
wmtplus_mbrshp_ind,W+ Member,APPROVED,2:Customer Perception,,,Indicates Panelist's Walmart+ Memberships information.
work_order_nbr,Work Order Number,APPROVED,3:Cloud Feeds;5:BI Link;9:API Glossary;13:Report Builder,purchase_order,oms_po_details;purchase_order,System assigned work order number from the order management system (OMS).
wpid,Walmart Product ID,APPROVED,3:Cloud Feeds;9:API Glossary;13:Report Builder,ecomm_inventory,ecomm_inventory;ecomm_product_content_score,A unique identifier for a product in Walmart. It is assigned by Product Genome. Also known as “Walmart UPC”.
wrk_ad_indus_ind,Advertising Firm,APPROVED,2:Customer Perception,,,Indicates if the panelist or their immediate family works in a advertising firm.
wrk_corp_ofc_retl_cmpny,Corporate Office or Retail Firm,APPROVED,2:Customer Perception,,,Indicates if the panelist or their immediate family works in a corporate office of a retail firm
wrk_none,Work Firm None,APPROVED,2:Customer Perception,,,Indicates Panelist does not work for any of these firms
wrk_onln_retlr_ind,Online Retail Firm,APPROVED,2:Customer Perception,,,Indicates if the panelist of their immediate family works in an online retail firm
wrk_rsrch_mktng_indus_ind,Marketing Research Firm,APPROVED,2:Customer Perception,,,Indicates is the Panelist or their immediate family works in a marketing research firm
wrk_rtl_indus_ind,Retail Industry Firm,APPROVED,2:Customer Perception,,,Indicates if Panelist or their immediate family works in a retail industry firm
wrk_whse_ind,Warehouse or Discount Club,APPROVED,2:Customer Perception,,,Indicates if the Panelist or their immediate family works in a warehouse or discount club.
wt_qty,Weight Quantity,APPROVED,9:API Glossary,,ecomm_product_content_score,The weight an attribute or a rule is given for contribution to the total content score.Examples:0.017720.074020.022530.092930.041370.126360.00772
wtrmark_buf_unavlbl_score_val,Watermark Buffer Unavailable Score Value,APPROVED,5:BI Link;9:API Glossary,,digital_transactability,The percent of the current day that the item was unavailable to sell due to watermark setting ats (available to sale) to zero.
xmit_mthd_cd,Transmit Method Code,APPROVED,3:Cloud Feeds;5:BI Link;9:API Glossary;13:Report Builder,purchase_order,oms_po_details;purchase_order,"The coded value that identifies the method a Purchase Order (PO) was transmitted to a supplier.Examples: EDI, print mail, VID\_MAG\_TYPE."
xmit_mthd_desc,Transmit Method Description,APPROVED,3:Cloud Feeds;5:BI Link;9:API Glossary;13:Report Builder,purchase_order,oms_po_details;purchase_order,"The description that indicates the method a purchase order (PO) was transmitted to a supplier.Examples: EDI, print mail, VID\_MAG\_TYPE."
xmit_status_cd,Transmit Status Code,APPROVED,3:Cloud Feeds;5:BI Link;9:API Glossary;13:Report Builder,purchase_order,oms_po_details;purchase_order,"Indicates the status of a transmitted Purchase Order (PO).Description for Transmit Status:-Transmitted: PO creation is being sent externally, waiting on acknowledgement/acceptance and updating the ""Transmission Sent to Supplier"" field on the PO.-Transmission Successful: PO creation or Re-Transmission was successfully sent externally and received in supplier's mailbox.-Ready for Re-Transmissions: PO was updated and all necessary approvals have been accepted. Changes made on the PO cause transmission rules to re-send the PO for external acknowledgement/acceptance.-Re-Transmitted PO: Updates are being sent externally, waiting on acknowledgement/acceptance and updating the ""Transmission Sent to Supplier"" field on the PO.-Failed Transmission: System was unable to send transmission to Supplier. Failed Transmission posted (in a Web Base, Retail Link or other source) so Supplier can review to determine transmission errors with outbound transmission."
xmit_status_desc,Transmit Status Description,APPROVED,3:Cloud Feeds;5:BI Link;9:API Glossary;13:Report Builder,purchase_order,oms_po_details;purchase_order,"Provides the description of the transmitted status.Description for Transmit Status:-Transmitted: PO creation is being sent externally, waiting on acknowledgement/acceptance and updating the ""Transmission Sent to Supplier"" field on the PO.-Transmission Successful: PO creation or Re-Transmission was successfully sent externally and received in supplier's mailbox.-Ready for Re-Transmissions: PO was updated and all necessary approvals have been accepted. Changes made on the PO cause transmission rules to re-send the PO for external acknowledgement/acceptance.-Re-Transmitted PO: Updates are being sent externally, waiting on acknowledgement/acceptance and updating the ""Transmission Sent to Supplier"" field on the PO.-Failed Transmission: System was unable to send transmission to Supplier. Failed Transmission posted (in a Web Base, Retail Link or other source) so Supplier can review to determine transmission errors with outbound transmission."
xref_po_nbr,Host Purchase Order Number,APPROVED,9:API Glossary,,otif_(decommissioned),PO (Purchase Order) number as per Walmart’s Legacy system.
xref_po_nbr,Legacy PO Number,APPROVED,5:BI Link;9:API Glossary;13:Report Builder,omni_otif;purchase_order,omni_otif;stock_transfer_purchase_order_cross_reference,PO number as per Walmart’s Legacy system.
xref_po_order_dt,Legacy PO Order Date,APPROVED,9:API Glossary;13:Report Builder,purchase_order,stock_transfer_purchase_order_cross_reference,The date that corresponds with the creation of the cross reference Purchase Order number.
year_month,Year Month,APPROVED,6:Digital Landscapes,,,Year Month
zip_postal_cd,Fulfillment Center Zip Code,APPROVED,13:Report Builder,bottle_deposit,,5 digit zip code of Fulfillment Center.
